Molecule Name,LogD,KSOL,HLM CLint,MLM CLint,Caco-2 Permeability Papp A>B,Caco-2 Permeability Efflux,MPPB,MBPB,MGMB
E-0020101,1.8704778932496082,82.41571816213602,6.5350988450423015,41.04457505052937,6.359446230638989,3.2145816745745686,27.818415242206406,7.251853146538816,10.820891987216825
E-0020102,1.396134709949786,97.00687062404394,9.749593194051675,16.14281444238665,5.5701217432338,16.045744206317764,32.96271493223139,4.329462441280823,5.122928885883651
E-0020103,0.3119330735514287,230.4030159731254,0.6990079015848805,3.8586599283164107,7.843482888242456,7.712919738042893,54.13417276895814,12.305890586276984,21.55640255238317
E-0020104,1.0469481199018875,197.90488667256182,5.271897853346318,7.393650389318486,10.16810493692227,5.917299108454634,39.9853150889667,6.565839683844564,12.049068901328294
E-0020105,0.15288537207264896,262.0888897194509,1.3989129404244451,2.6829675999234066,9.861150391040187,7.437017173251334,56.69093965565971,10.53683574110287,19.21251909440667
E-0020106,1.5581355931843373,277.40236514484064,12.525516126287256,22.985522679755128,12.051015713616517,1.2181177412829967,31.98130483939805,5.707298277366128,10.102397826336333
E-0020107,2.005189439682924,249.03827469630966,27.82748775252463,22.38317386519705,8.448547005554083,0.7318370038812757,17.02624161604175,2.3434841547566596,4.664115461826797
E-0020108,2.3872590348479577,17.62566607675693,18.721705937574683,24.47118233340126,3.5261969698730526,7.775360168971827,11.63656785863282,0.6429857980358742,1.5781007288103754
E-0020109,3.145395938864989,31.23091059992958,51.95682490733445,65.40056114543847,1.3179864406391257,2.424527729588131,1.3866368043782116,0.732349624064581,0.46623617337598866
E-0020126,3.7952476688525816,49.00451674862538,65.97483614100257,876.5453693408773,7.331717866516025,1.2152486665678846,0.21778707688844431,1.1388649614485735,0.892708686302208
E-0020131,0.6492530408952942,254.74517526933508,3.1590141697068184,3.697715297345959,3.646375575344209,16.456443966762304,50.76604458686015,2.9565621852249926,5.137643642291243
E-0020132,0.3702779060715142,269.53445442213837,3.382265120672735,13.232298507385034,9.57579661699777,3.1426589332616928,62.10232455350155,12.597819573323823,23.594907743866386
E-0020133,0.5335519298263482,252.79831922223158,2.0464180873187314,4.533514527175315,10.567871935414148,7.1692930801501324,45.567167182255574,12.919908109892527,26.737616150469385
E-0020134,0.5175226363577965,202.00326220270517,5.732423570094052,29.59559999861276,0.31931330036115557,20.149436873080347,67.74527816604518,6.7209267828788875,13.828974772884678
E-0020135,1.237301948767449,192.12976656779216,7.967921376562968,73.6823868792367,2.091619068496464,16.930480064127348,46.37307468587578,5.179612246384458,10.575622089316445
E-0020136,2.504419980479069,16.193446882282807,31.899021505883894,42.95253543035313,1.1427458672021056,22.652959721619595,5.300125964773103,2.1983896594554206,5.289862075099721
E-0020137,0.7934592023967997,204.89952515181096,5.887313695029545,7.687525405059226,6.767811063599777,8.129297892317979,47.23146640833754,5.956373289086067,13.202689834045701
E-0020138,1.6199802509452672,167.85274824753807,4.967576566600998,4.796401950308185,3.658999842979882,9.515647051110392,23.914066605043114,1.608650217065278,5.065579214359186
E-0020139,1.4024450675477502,211.3882176807966,4.566848062365685,10.418235625043046,2.237369314450587,14.955186029281837,25.874957263364667,1.3799987422786684,5.108762302085424
E-0020140,1.4786535808431682,212.26895453457402,6.049645532307801,11.838389399264445,4.2270021820484365,14.763617813984478,25.24155208535123,1.2571554332707264,5.039197605210822
E-0020141,3.639955409575811,12.473496668929524,23.33757806463303,21.347093204719755,1.2614654255686792,9.38650413341336,1.7695591994461124,-0.6462167753909096,0.044654216584989706
E-0020142,1.9137866782283208,68.92088450222141,3.8181192944260447,8.973751197392934,2.1678109353386557,19.310161186940917,9.627929998730355,0.39795910896733794,0.8420956145688838
E-0020143,2.241140636620953,78.32796798569045,4.84112923805823,9.60669317005292,2.0989992551112935,19.31366437133805,8.880308563234006,-0.13723242824123016,0.7789377891720346
E-0020144,2.456987934677656,55.29740823594468,11.399967662586201,23.30339050824619,1.4711126479356293,10.837391313723417,1.4676665583330117,-0.171114113054006,0.3489039387855328
E-0020145,2.2807217346956326,-11.141000722399342,6.362843504707323,21.97078237429438,1.3531564029803573,16.75910395431801,8.340075655573909,0.4964416061544814,1.4020777822145267
E-0020146,2.6119791665102223,-10.527363411966597,10.813931580555867,21.096466178874625,1.9134897335690992,10.705757370174934,2.6972039658332543,-0.24901285780721116,1.0039020806452439
E-0020147,3.1778752608537575,19.791472865094644,62.77680571715472,35.68907376453242,1.3796369694770467,3.99910885014775,3.626859611919258,0.01071024563243586,0.22671106861499707
E-0020148,3.0067582541280826,25.200349135560693,25.266656365431963,27.470983318743173,2.504992455812647,9.088529855793036,6.642383225954497,0.26667738394831897,1.1678346793818761
E-0020149,2.639440352024476,81.3805516145369,19.706409966766458,12.929072687327285,0.7330883069104879,18.1913335553463,8.485338774903258,0.1650803342644617,1.8525014982863919
E-0020150,1.8682164937240877,24.17747161845136,5.96989947309888,9.440882961301922,3.380559492059994,17.784363972233763,15.94562977337652,3.9888260523332972,6.392055076753146
E-0020151,1.6708436280021823,101.59437027446667,4.815539595258959,9.855206849874564,1.8292475642141064,21.612120768786625,18.800786838201326,2.9482913398169197,4.910079301788386
E-0020152,2.709879611633194,15.500290961998662,31.22046447907114,73.93938233410496,4.067467550853657,5.863978522645865,6.361326200438716,4.46318833429447,9.002924356811707
E-0020153,2.498235868464632,25.88333420831133,25.812487164876583,68.66561795296148,3.278740475691861,7.709377238812485,9.19768552692607,2.0231734201360836,3.4332407922899097
E-0020154,1.1356402520714375,250.7662405869511,1.5594280796066444,22.250839606487244,5.30625804470972,7.095293011347963,31.732972175442722,3.7482595694249206,5.637345954459646
E-0020155,1.1356402520714375,250.7662405869511,1.5594280796066444,22.250839606487244,5.30625804470972,7.095293011347963,31.732972175442722,3.7482595694249206,5.637345954459646
E-0020156,1.1725097310269128,257.9095013901572,1.7057435314875136,23.450355054663813,7.217164607935821,8.06911722056004,30.617760152131535,2.4508850419404764,5.37060911622034
E-0020157,1.1725097310269128,257.9095013901572,1.7057435314875136,23.450355054663813,7.217164607935821,8.06911722056004,30.617760152131535,2.4508850419404764,5.37060911622034
E-0020158,0.7117970993763136,298.1238427922267,2.482701457639822,21.34046342692517,7.887000430013164,7.06129118442188,45.58605561867445,2.4907380200815967,4.405683364028829
E-0020159,0.7564699702741233,265.35852282635346,6.11342762894579,4.839556952705172,10.13886377553991,6.315577969827355,41.821115201292784,4.460139437767233,8.570459953925752
E-0020160,1.1111666116034888,192.03548021027106,12.146513264857473,10.37565652185346,6.404919757786217,13.392246234179012,40.031404589103545,2.220998311403375,3.4411908853931044
E-0020161,2.2131638826937117,205.5697989226924,50.55094739140646,48.382806089055805,6.456738778685548,4.105004519095078,17.894100733424757,0.43529844119269206,0.9484428787823069
E-0020162,1.7262003234553016,60.63326700600094,18.08711836062418,26.99866051028037,9.639986292030681,6.369272532976234,13.254468090336385,1.3109978708141294,2.3574815705490244
E-0020163,3.0534667471104937,17.173405933783833,34.39603535342105,17.26393333783128,3.9031791102107807,2.684432708362413,7.377322879460549,0.7715615503039515,2.808956244252169
E-0020164,1.5930912711576126,173.53272607432694,12.25252299576526,29.112866009508416,11.077082032626931,7.882333086140235,15.604909664497644,0.47069514894133807,2.4398674396386864
E-0020165,2.4841358530060225,50.48598890786489,38.48291291018113,31.434776354934037,9.306421087570016,4.278469299638738,12.35216421683818,1.978237527957348,2.761470824609695
E-0020166,3.2946097234823917,22.31511021898498,39.537804978923646,39.505654641435406,3.84232114234575,1.520985621563071,3.8240723762908053,0.43054588157411555,-0.12228172558974534
E-0020167,2.610079450608633,11.78731728414659,16.03919593584452,9.01446082330932,6.908108669053591,1.2835989497598415,9.290812992898918,1.9881488864320573,3.953870997394863
E-0020168,1.6542812173351078,111.37679831298519,11.439120357591493,5.883629719650519,10.300160616561893,6.486863409694006,19.72096213457016,4.82982833837485,7.05900819499719
E-0020169,3.4536825421381856,12.07771550648099,43.874861637977425,74.02590909479342,3.509402959058638,7.946722806537675,3.4259421946078357,-0.2751213977324607,1.1141068202422435
E-0020170,3.3513628029559923,27.452089842494498,50.9735349323666,62.77883499035867,2.3644943788638013,6.543890058043893,2.973036062957029,-0.6950548769838799,0.573801811726918
E-0020171,2.3845986718727126,18.04525618452791,8.095359455986134,25.896301724719386,2.6816526385674186,13.669608270914663,5.030548210248755,0.45898086449123343,1.2163177279485249
E-0020172,2.6860597512095454,32.63830154306625,28.52691565886288,34.245524446591524,2.430353632372599,7.28569905113093,7.8355943367921075,0.3906811046004703,0.9217844529731032
E-0020173,2.09028281705157,9.110713728424464,12.583626823441847,12.130082658526508,2.9766492960149025,9.857244733810433,8.004570174371828,0.4974653098559281,1.7055505698626325
E-0020174,1.8195719491281597,94.71500401072333,12.835398964301692,34.410202510624366,7.634496310260967,5.981274041682889,27.887836419314432,0.608424028407677,2.7103928787061062
E-0020177,3.508553351939752,38.58048071148089,94.75599890496586,570.8181463249806,3.070986903968425,2.205099646436798,0.055288065323466556,0.9604100401278237,0.4001454696824819
E-0020178,3.2424507964632774,76.28539214018912,46.423566477945364,439.1695253213768,15.286827071251414,0.8104485866288191,3.7142287908762697,3.837776392507437,4.1950122100552205
E-0020184,3.03235674216475,117.32550573003155,64.42847847455083,793.5832557548839,8.810907125231697,2.3642300098047744,7.395567592267025,8.760498506689391,12.918153706357248
E-0020194,3.752505938643439,17.88947365685483,58.07908684546406,742.0934239108557,9.173546325729859,1.0960115553087502,0.46094037348058936,1.0048978983652481,0.2414389372282244
E-0020195,3.707345104375542,71.21864383867353,34.39122221694521,663.9693528440018,7.006494771189619,1.0488639212034077,2.63164346502038,0.8712654214952184,0.8995192087081707
E-0020199,1.2921579894839668,87.00022051003381,4.458857861078452,11.57781220811976,3.2657210998146167,19.976757897882283,21.688929409448058,1.132342510378692,3.4974031051190915
E-0020200,2.9470162333452796,10.723342863249618,10.377977316377786,29.259269941955154,1.2760984375414584,14.464822051956236,0.7935885092421683,-0.03943732844531722,0.32707578156903205
E-0020201,-0.4096805182514704,216.86152642559532,1.6234234952695972,1.6017303312267637,0.2798611704840636,41.13516489630163,62.37558603789161,13.025643575950014,18.228804534390342
E-0020202,1.2572545788154343,176.9978082513391,3.4150808950917906,4.477899060053582,2.3243255641964558,33.60856054250021,21.42571693613262,1.2485182604536629,2.413610876784221
E-0020203,3.111353200328946,7.057991576949909,29.713788712374562,61.182852675564824,1.4280527544008212,12.368127226448117,5.831326087182468,-0.8057320683495969,0.25825285917911794
E-0020204,2.153628553057006,59.08589053454791,6.523897913968489,18.3425883376407,1.6926822718886454,18.671172012930484,7.459973700923961,0.7038097808135156,1.341388886124582
E-0020205,2.643613548105874,54.97094491706282,18.075865331885268,43.99082228996959,0.7928918502602293,11.974863859175898,0.8253159973843963,0.12987918718146615,0.5502810478020638
E-0020206,2.6224382960638577,67.24136288679605,16.207922848854043,31.351827411097574,1.5799531880793922,8.539707905460412,1.9577741582246342,0.10169984736711044,0.49884722671806336
E-0020207,2.7960764787332772,5.289696432125228,13.972309825187347,44.092963870471415,2.541243857396071,7.179419959619523,0.7993666420433021,0.07992006889595067,0.8675520419997028
E-0020208,3.2600043940127734,18.213540692624427,39.465173171731365,63.054085388419836,0.8906717371858301,8.170350708683934,2.151353171181257,-0.2964107045707719,0.08791242771370626
E-0020209,2.823389113553521,52.19980769419389,24.289914418246767,23.876994018517298,2.06807674246368,8.532001694176136,7.294228854652109,0.8894793517776588,0.832922139753654
E-0020210,1.8924459091173338,122.67198030535542,16.668910807871963,1.6759989445461354,4.003853234644025,13.142811111459526,17.895638277658172,3.017656460948164,1.6718998440035497
E-0020211,0.46256610481994564,219.89935908455197,3.482390296130995,4.972961249238138,5.392199725622773,14.062899908955117,57.66181879156324,7.019829915871581,10.542099233850038
E-0020212,1.7794204833153717,210.30574305024456,23.13155844920738,35.03146142167402,8.4521815989851,2.2385184567894156,30.85164631166656,2.8631013172633883,4.146420387537592
E-0020213,1.9306281241019052,77.75099034373832,10.506986598902069,10.97568872081127,3.8737636744332327,16.94495374001116,11.32021268018587,2.27455286622356,4.1325143740258845
E-0020214,2.6263626561605817,58.4604781151132,27.394627069295005,21.003564640932925,3.6808551924670954,4.450365819352488,7.705570940103026,0.4825581493660872,1.5523097989583174
E-0020215,2.7336520897272223,35.81066281885454,31.87838784610898,61.97213977266034,2.1738731519680417,5.535176463427641,3.82790684528387,0.601984073472985,1.0309461501314168
E-0020216,2.644379753557872,20.085974146460092,25.157268067060233,44.42981275907337,2.0941203007953253,6.0636617246449065,4.252564736565744,0.9277682812927271,1.253794335241896
E-0020217,1.0509372104112962,194.74564688186703,3.980251636134242,3.134485127408192,4.700844905875294,10.402180920992308,40.1770008597921,2.9274137167247503,6.941272319001407
E-0020218,1.7332545234756465,82.45821989347382,9.129119589213666,13.999774077619437,5.274573309599607,12.85753923827405,24.664602358711953,2.1456462870138573,5.232382669327344
E-0020219,2.4163034588708747,27.458981071900656,14.804101757763704,22.16471611570805,4.2896209928464915,1.667051774083855,6.342639909028662,1.4748971590658315,3.296866366716927
E-0020220,3.1364643114040276,19.748571777619382,39.57430705228646,69.84858310596682,3.6374693467771766,4.414668256638221,6.948961087118968,1.1798263968582776,1.493582342955973
E-0020221,2.5904221199253787,33.920709953169734,27.53854052907775,31.964597272011325,8.124142998423439,5.06929647580548,12.569519262227944,1.6874904299468056,1.5032202926086975
E-0020222,2.0753106631691347,21.32741695036357,12.573643706518522,7.7580718838438525,9.108353606312399,1.22510944980902,14.025331002082742,2.0470676726657855,4.699769219674055
E-0020223,2.993732558206928,19.505422496583492,39.06443898389002,46.280011441536026,9.283538550862243,-0.08010710932594678,6.19127793399859,2.666312084146283,3.9470790634929576
E-0020224,1.8066092805518377,2.2129083767929827,9.182587988467159,10.935040590682508,5.398740559923034,18.415247666805158,26.469596027153557,0.35286632560492315,1.2143278069187171
E-0020225,2.494765446979492,37.310472461007286,27.926513688139735,50.48360395727354,4.931402902145008,14.61852605830027,15.885951089552227,0.35944469430230863,1.0347007097469683
E-0020226,2.2983543320617272,11.316030579372514,9.297854832191883,17.886739118750416,1.1181852692829484,20.541252874825975,13.045967447713426,0.10170735754406118,0.7194794604028312
E-0020227,3.455720943394236,20.886071803310543,37.85615733771953,12.81636687114717,4.008910086298476,4.602270547790566,4.396439951244787,1.1979232688166206,1.539825479554441
E-0020228,2.512673353071282,33.19439221489458,25.35271530245722,36.28797245171427,5.299854976373362,7.638755782580553,9.954146256620293,1.326222393122395,2.5194722556040032
E-0020229,1.1727633004092923,201.2767142359363,5.647296261122027,4.121150073881197,7.557586824966736,15.647750559932806,37.26350061082715,1.7665999753422266,5.384897559713892
E-0020230,2.4996881004486333,60.64863486915582,32.900890471471634,40.04537560710415,8.056876834155892,9.784052538359537,13.885819845792591,1.3631036053258696,3.2556655165181843
E-0020231,3.019611350530222,31.087255641350485,36.28048266476987,28.183534522832083,1.6059012569917925,5.55884001572059,3.787469567972292,0.46411602041100347,0.5964193746814219
E-0020232,2.227986510864805,42.40662652186023,19.24867715150197,16.909263084075103,2.055109399679141,14.247166299367896,7.154423392023778,0.5793766791145285,1.3654601051577941
E-0020233,3.0331480425766735,25.31507882161488,42.74907390953819,90.74668877618421,4.3973511105608525,6.665294691457313,4.603066570817603,-0.18308096739796437,0.5838803406644483
E-0020234,1.5166874640144004,131.09471899537232,9.821983936920333,11.006455505712815,4.524574443305118,15.129761497136247,26.09152815053883,1.6339771318316019,2.3183789640267976
E-0020235,2.862179507435312,4.7532557858721916,15.11765911630101,50.86884640480381,0.9130774584516246,37.46674616176928,2.0891869733761994,-0.5356897288244296,1.142605580855056
E-0020236,3.0600999523091,-3.7409677489140547,27.953343018111312,93.31275776608423,3.688745719070364,31.40870521383533,-0.8413909876064796,-0.679965041568175,1.7531054811482312
E-0020242,-0.2770574218925076,267.5777635406504,2.793025722870494,37.39523620617079,2.78346427427994,17.02659548586609,66.45549054550636,16.642192257459243,26.952562837313813
E-0020243,-0.37453544283475515,206.70171538636856,1.9889785717827455,1.553825091214021,3.122770739364124,19.058900826037867,67.87903406589841,17.52006287907971,30.77090131511216
E-0020244,1.2304386766768811,86.84617079043939,4.704315012012994,4.871578101415836,2.847073538176325,10.32416968775876,32.97790957898787,3.192629092473741,3.8068572066517934
E-0020245,3.1869973505666076,13.794570779419077,12.991316889072616,43.16344799736707,0.7982353901617599,9.42166965375869,-1.1574160832361837,-0.04470048975204234,0.2009062173498033
E-0020246,2.6000689526338014,1.8772221686367985,41.34729169789174,187.21504043946265,-0.7804913064094282,33.17905961190258,-1.094885319230034,-1.0609446464182197,0.16833547394074078
E-0020247,1.4020030054729837,126.81882777096243,3.842557837073123,17.57550293232141,0.7110993966941177,44.31905471203314,14.37984645678124,-2.0457493369970483,0.39759290186089646
E-0020248,1.4020030054729837,126.81882777096243,3.842557837073123,17.57550293232141,0.7110993966941177,44.31905471203314,14.37984645678124,-2.0457493369970483,0.39759290186089646
E-0020249,2.3734221799151136,-16.05366516028289,4.668103074346662,22.1261515541955,3.0175861059869407,8.257932790833086,5.550041522901143,0.25360747148262536,1.1221347334609224
E-0020250,3.0046378686489517,60.888512383424285,42.67953151107684,82.4336235772563,6.735935167516543,3.6136465565699307,1.3332342626475642,0.8217832118867834,1.0854076218116973
E-0020251,2.109359710369295,54.14710928788139,10.32146013010697,19.893010836395753,4.3738998894316445,10.147055646288612,12.001991368837206,2.4062539094065105,2.619676616856718
E-0020252,1.8558961153596885,66.583947247423,12.45510773975733,22.476658320328944,2.931733809080305,20.032191569233053,10.669967265624177,2.1482949556747157,2.684713187805912
E-0020253,2.3521893029487857,11.830783806847741,30.415760064805255,70.69730808161621,5.622621072477871,5.928484959850368,11.372588651146428,1.568598256351981,1.5514976171581143
E-0020254,0.7570132389610467,220.3051825462147,1.4818822702495908,4.791674377588724,2.361906193323029,15.684046210990472,38.02923680370132,1.0906625571778885,2.4997609161118395
E-0020255,2.7941946219578244,73.4541956189974,26.002586470906376,13.722644209289005,4.640573675289767,10.811639057300344,10.69939924319625,1.16611097956298,1.6661451843728834
E-0020256,1.7417936640314078,118.78800152389452,6.362629009400364,11.687526645372628,3.9706612539178554,20.807143300562593,18.507535409737375,1.907078118061123,1.4756048966880906
E-0020257,1.0418469404410557,213.99964345267063,19.964387467564425,37.42254002833686,4.953676718352592,9.018892093117326,38.04956668777559,5.2338797921845295,9.627935289145206
E-0020258,2.3663917996754007,72.04377460676781,32.2940149635181,68.23035306913495,7.1668032253321305,8.36948331205134,15.509302136185392,1.0124378550062019,2.0224587194159156
E-0020259,2.204775905201463,37.45336471383383,12.5924675403182,11.52676604508267,3.977231746276143,13.077829141498455,12.78617056641639,0.7692460121096226,2.037877148461055
E-0020260,1.8270100489915937,88.29563137341333,13.102142635307366,57.670247543821084,7.552272963817367,14.735422088469608,20.636978838377694,1.0281963560444594,3.348805397238103
E-0020261,1.3094547572534085,146.37077218585074,5.401468207891051,6.266361533907539,6.30899309158322,12.233117500396629,27.644769171510244,1.7317821237881388,4.9294366187713345
E-0020262,1.5644360819543228,222.65415439075588,9.043151803048529,21.027328051593738,5.2021303980243125,10.29193133358134,35.15567168263372,0.6331916294697412,2.6526696124133706
E-0020263,2.38428142142033,37.62913166316447,35.42141964568409,41.41369799550847,5.587597851426466,12.801025541786892,13.716564609598679,0.9716342285429094,2.0278838373375523
E-0020264,2.7299719474982647,6.143474571842852,21.623323169154983,33.22122690788111,7.2037864895266175,4.277319174146108,6.052378474417601,0.04029124819560795,1.6852479341933604
E-0020265,4.308771066268792,-18.596464476733942,49.96223672886126,171.9313513186529,3.2588070581142468,6.026072404155208,-1.2718308302140107,-1.3965715552175721,1.2919075269200757
E-0020266,2.5126310535060408,21.996381626390594,12.938341357179972,18.044193491208407,4.605861016517142,7.339383893925664,10.039906551779183,0.19244807152480736,1.0130822901262047
E-0020267,4.190221267124696,-16.509483514413,33.07002188774118,111.41806878980289,1.1225293154541216,8.816327864177431,0.5680699863270303,-1.2624433387413476,0.6368887684325497
E-0020268,2.5558035814778712,14.528409334484364,48.47285480857854,59.74993178653746,7.865387587657485,5.629536797631282,8.039124248641217,1.811685044944705,2.7637602997753916
E-0020269,1.2712600893551236,145.33898810301085,6.4859188233439875,7.0557820977280805,5.512148603605358,7.859615811660508,28.60693262242343,2.6270990675607937,6.776844858889266
E-0020270,0.4252943599981155,258.08998896586394,1.4770841899194638,3.8382496721798978,-0.2626117469510121,36.57027702243515,52.888229399280775,20.32055516240132,29.069326181747382
E-0020271,0.4252943599981155,258.08998896586394,1.4770841899194638,3.8382496721798978,-0.2626117469510121,36.57027702243515,52.888229399280775,20.32055516240132,29.069326181747382
E-0020272,2.419028738872929,74.64382896551768,38.40806046210116,18.655728832692375,4.3434072479615,6.80591552546049,7.283411837263864,4.276293973423996,4.893441205814611
E-0020273,1.9541109566415569,49.099993166507936,11.748937926293664,14.274521406959614,4.762290978909517,33.07929944862571,10.012677701472606,-0.00816592446513173,2.148165840833988
E-0020274,2.244133798291604,45.04006403775647,18.74394951498487,22.155240047304734,5.185181687203211,8.199799762813454,10.983682805380628,0.36020331983907333,2.939152813531284
E-0020275,2.346707015819794,19.923738609771767,10.913447112133715,31.284398635255883,4.667126304437835,9.272263788486384,7.693935394171356,-0.485585467595951,1.1943316633641528
E-0020276,1.9107686030853615,78.18849538901206,16.14017128483921,22.36574699809139,2.603900135401555,35.20112732024079,9.059660596660912,1.116733607183233,1.427888518005026
E-0020282,3.401836622851161,124.41899152014878,26.897902793033335,270.1308105142361,1.9867176782360736,1.556480566105006,2.717351271680938,0.8293515831237397,1.1958837756644791
E-0020285,1.996858660153296,157.47469482063886,23.10974920358852,460.717354786298,16.361952353389604,1.6176515133014007,19.4387027442935,13.250197468224533,20.427957462614142
E-0020286,2.7656743110746955,135.36774253146973,42.87747085212315,573.7864362749511,10.990129852645527,1.6696026159372348,8.787223591211308,10.080610354352213,14.708600160719552
E-0020288,3.3569849309336677,78.85794524066016,97.40047193507334,505.4781265396277,12.102489689405708,1.1462088835809359,4.4231204197023235,2.397403372017123,4.555450741192833
E-0020292,3.5541477278713263,70.89741203979649,51.80139773271749,408.67281682077163,2.812237301336359,2.1021359538612283,1.8355668039844755,0.6012652833071996,0.747786911995105
E-0020293,3.7156670668842953,40.01805785047681,74.91305645221519,962.7723622363811,5.804932394501825,1.3752855247955016,0.08065173230671152,1.6555651843748698,1.364108929198954
E-0020295,3.177112355746999,144.06106859214995,28.05623591000758,246.3904471166983,7.026939258570659,1.7069036845214716,4.1446685647747135,0.8604945095565362,1.7932694192875638
E-0020297,3.357724632525847,118.09823509235623,30.24825980495977,316.5479717704276,6.283689698690298,1.5784141440715336,3.2366837107978843,0.8003896156016392,0.4341670564127901
E-0020298,3.8096348778462774,102.92661948358621,34.618879080336875,652.0073978442266,5.08579077136972,1.175763742557804,1.9711567433315036,1.0151956925145806,1.3110298842011368
E-0020300,3.2922534849947853,120.76515051550439,35.21175410101374,304.18551609694674,6.916010788811513,1.568349239217331,5.448342786859985,2.6655678166414765,5.515644779118711
E-0020304,0.7767402017834212,270.75454681196067,10.303634501564401,34.8663315640051,7.333851280262573,16.415755139637742,46.412024094967094,5.698234374840972,11.935894287027374
E-0020305,1.0102724691162743,54.76788451106092,1.9722059751027556,4.9663689263620325,0.43947496954642995,75.0402458576066,29.55313677182528,23.706615801760147,37.86445436106056
E-0020306,0.5628802093205184,283.517366876394,4.399090367365798,7.957340210312026,4.602632785763744,22.530332859404687,60.19744336540636,12.029369097084833,15.976841915265048
E-0020307,2.3296179938026627,-9.14936413862144,7.361608269910942,15.781728904962002,4.146444865637157,12.181447625545088,6.656658199143015,0.2677767312190001,0.4593331086638032
E-0020308,3.1391531585207337,4.246866327580834,45.99783779126617,65.03820280596105,4.1571034837987995,3.4174026150422687,2.366979776633141,1.4613360516821454,2.2149498682068285
E-0020309,2.5981948386690688,47.38981054021692,41.693851019951914,76.34854541244229,3.2509512327634758,8.044506969621336,4.518458285829039,1.11754821321333,1.2532941511251903
E-0020310,1.644593336904535,107.06766449731951,5.457745163198243,11.280039780851586,4.852094417547905,9.76801088667531,15.736179088868619,1.8072964644420006,3.8014549053470796
E-0020311,1.6739562825555625,160.05877749685504,10.237879614026872,6.498679877351457,6.888093856378029,8.254046905240745,21.96567701814632,1.153194103799286,2.261875279460562
E-0020312,4.354138261191192,3.042424944112529,72.9054118385154,222.79565626917142,3.8353151269644306,0.9618041269855814,-1.7142085207160878,0.018195850052775422,0.39490188071448706
E-0020313,2.392219335895981,39.50631019356044,33.125458195997204,18.860592180348164,1.2206578293341153,15.16822264662032,10.003950808563602,1.0384888488046113,1.3734448091214178
E-0020314,2.3961692339082408,24.621835228056565,26.49040963491391,38.15442981237798,6.8043797816834,6.254456703727175,13.341386856598616,1.387693384297694,1.869767929694332
E-0020315,1.53256474102366,104.82019773291923,6.87837446807622,11.085881104960253,7.103512808683582,2.219436913101165,22.443643027346077,1.6418762076874083,4.536307780444209
E-0020316,2.4496358839277486,36.97065836566444,27.27964219507883,50.290478526402765,5.234182268231881,3.262866080322402,10.297500033610444,7.947428387120377,10.462878306139961
E-0020317,2.1479991520132358,120.11686740887161,33.41305691435766,45.83575648236161,2.2805627857166897,19.742444503172916,9.353269369137713,2.6550678666669736,4.66696531970879
E-0020318,2.1479991520132358,120.11686740887161,33.41305691435766,45.83575648236161,2.2805627857166897,19.742444503172916,9.353269369137713,2.6550678666669736,4.66696531970879
E-0020319,2.3129943761184233,101.21366943892266,19.397833633968954,18.191076389780836,3.627633432229967,7.184602338610036,8.503033383977808,4.123787783692048,1.529152894058314
E-0020320,1.9869420215708247,108.66710711946973,12.58395069278611,32.69396038180901,2.7249376930712836,7.029571546926406,8.350152695108534,3.2395660613140236,4.441281598843137
E-0020321,2.702631056404307,68.53675851994535,25.695808397037773,9.43927654334961,4.042640105549882,8.218799864262554,3.8448015140788523,5.367265120741904,3.582167361893801
E-0020322,1.9095211961363483,128.23673640137696,13.851118333174629,18.63498491172154,3.5862824648587974,12.331293682892282,11.71039976986455,3.128810429267408,2.0475335775103436
E-0020323,2.4458894206872124,102.83624494315022,21.505167277476477,13.497794414998724,3.23773144566226,10.436011540227298,14.435857475125053,1.7351067169477234,2.343892396927859
E-0020324,2.653483844759865,60.89011297097755,5.597382708632465,25.317705093701036,2.004442054674168,27.6388352826603,5.287435354334617,0.21419535095496423,13.117526446236418
E-0020325,0.9161246886741234,201.53717693695208,2.329982012137601,6.686806217344426,2.4304418972043518,13.137892141815579,38.27784933393903,1.0454493063767356,3.3924653115731385
E-0020326,-0.12066088526442281,251.19876643425624,4.889625102080981,13.027688564403345,0.7653241989377094,11.2986201876882,76.55955367998757,15.013497746099535,22.255431873635036
E-0020327,1.2422394571529098,130.04583733581183,7.2086921062888685,57.80103860350225,1.0492855010665403,12.232705314856442,47.74458670460072,19.41957420240277,35.31793921421472
E-0020328,0.8556527251721657,165.50080173656494,1.519178941057116,9.958764087881969,-1.9049069880812124,15.110574683474013,63.640304861226454,23.53961262129636,35.27204411823236
E-0020329,0.5493761664793233,267.9651222811585,2.789214545720062,6.887610337178413,-0.19442125874636107,20.294832885466757,59.57256706588903,5.802870135820565,10.282348594497718
E-0020330,1.593049631822927,183.36138799448838,5.922369841515831,6.237781321468268,1.826528420633659,37.290540310674174,18.675902250007997,1.7972552304543221,2.9729878220703823
E-0020331,-0.005993358287797252,243.80951501812922,3.1881543151716674,7.194870296344526,3.005803789044842,26.191878060525955,70.16226348267287,6.859535965618784,10.709455280977274
E-0020332,2.8400944932141594,-2.531580843999537,8.112153763281544,28.15749933427579,1.2621030982253978,16.66138557457491,2.6307770116180063,-0.588568446333807,0.7073664935216866
E-0020333,1.2242338918558702,137.07768339164258,7.106872772010089,13.223735644544542,2.7650796738775894,11.059357425365441,44.357969174488744,11.042996390841754,17.376410755385532
E-0020334,1.5988924080175189,165.78962726314825,4.222372340370419,6.6614073392352005,4.343655433573172,10.03056639033222,23.59191523903368,2.2226650341438687,3.494897816329519
E-0020335,2.85830449708401,30.251047310343708,7.223323898254749,13.151215005008561,3.846831122848312,5.2472742484443975,4.936456218934179,0.9770272786974395,0.8084974874591906
E-0020336,3.0303003659150334,24.699422705441158,13.041353077128946,32.02379844676825,3.6792379351581777,3.7986537101496474,3.967580611931566,0.24958241468823295,1.5170402668602512
E-0020337,1.9831651538667174,80.54919532630504,11.522830959970848,15.052543377883932,4.676158076105074,31.00239368830186,11.388325889562475,1.7336076501720794,3.218203738805222
E-0020338,2.814361539969966,12.603148433031054,9.44167725475151,24.392500197870454,3.662631653825909,17.14213447648269,0.2069398544012908,-0.994298869170298,1.1749043334927654
E-0020339,1.9572499957352874,58.04002729099318,7.984056753978104,6.744397023157645,4.636966243106992,37.07698322195043,15.82162927783946,0.5822832975291568,2.2913004700860853
E-0020340,2.926448298760705,-4.101587969124251,8.284419724131698,27.571375621340966,4.110127067662479,1.6946838209969601,1.6345018886758402,-0.6704462881859303,1.755572211456259
E-0020341,1.9018488936357876,120.5078836451943,8.896917405799293,12.926355597627596,6.892279927046212,8.266474323087948,12.257641292169545,2.1452114965532303,3.6747009474725645
E-0020342,3.0538261354097527,23.814941381447646,14.478294346877512,25.329840691771654,6.251395623496318,3.311355656508894,1.1940326550996572,1.0096381788208033,1.592086353725612
E-0020343,3.2562297439969656,17.30071527563215,29.31548815322241,55.10635896413354,5.723473647376818,1.2050698957214223,2.044366810321221,0.14408493032283742,2.253842482985082
E-0020344,1.9267486878607276,68.53385484069793,6.1272810214886775,9.29950598810454,5.155668120569205,18.21249282136258,13.714167863454932,1.6700717285334388,1.808819111407645
E-0020345,2.0865146256076867,55.56447905071797,5.2416830484324,25.009280153186268,4.9470160296239545,10.587707993431042,8.895762008605347,1.0813331690960961,1.6299621134978444
E-0020346,1.0381136540776783,267.4565835502068,4.116842385489923,1.4887750855093929,2.434574330085434,37.25238069173535,45.33453396770507,0.8842321708459331,2.7747114527576655
E-0020347,1.501875973849878,160.81365112139156,4.068694596891493,9.574424851898877,2.682234168796854,35.705097921201805,20.165725393816842,0.30807183828910695,1.6500310889378895
E-0020348,2.4518606267122225,18.441941421093958,7.745312515126681,19.06807827155566,1.5195863436068189,14.834576137334917,6.549393740868999,-1.4469693951553768,1.1618405963916214
E-0020349,1.4771974061177904,169.56221761911337,3.1524662514964286,5.3049991482255585,2.242780986395722,32.607104053396895,21.927813880547866,-0.5154943231956681,1.6943002631182649
E-0020350,2.7920510393422995,-3.1583011220210095,27.041050722142135,39.896874781265275,3.0075798858618565,15.57434160077931,-0.005975563058092492,0.5284343166779567,1.2375802873251354
E-0020351,1.6434803150881352,185.20356874578107,5.044070408072361,6.773774763428496,2.407006220144728,35.33357796681899,25.74796797173249,1.8104169267525654,2.365157985365303
E-0020352,2.772131864321305,24.960814865572925,9.241390388435075,11.256197862198299,3.105959303458367,21.238260986604967,4.778991891107486,-0.1421355700734607,0.5837446393912591
E-0020353,1.484841721325863,173.97168600553772,6.077972318017454,5.306540681660642,5.434299789343973,26.84528894425113,24.539644113925846,2.4659532988532398,5.569850262712963
E-0020354,2.6039691207698787,15.699293463108765,17.526990066450974,19.316971668054627,2.971744941602667,13.720337088058994,8.365816530946553,-0.16955693238355485,1.5445087045215142
E-0020355,1.5206831620347154,203.55047141964923,6.704351403382133,4.694131749464852,5.2364540415870255,30.054340786481127,27.027366802454285,0.8613169095149326,2.849686789547851
E-0020356,2.2240683528599954,21.85242657763295,9.06614046425716,15.990759555097199,3.2813655320913275,7.516736914803755,9.888433987701863,0.7013328009850749,3.515124901032141
E-0020357,2.428611516103321,30.839101161934625,22.532871240905123,27.359614120976424,1.0447000232396022,24.340524307636162,6.322168087592907,-0.2700892207740229,0.8179380597650442
E-0020358,3.097968665260113,57.363806789779936,9.732319886401138,15.895294771722213,1.679916785902211,40.84957879494855,2.9036393290160003,-0.9761936376146968,13.03043654134872
E-0020359,3.812760214424242,20.995801106334277,14.828078883981316,41.29043486330755,4.0227693142401355,22.037375885038742,-1.5249995745843603,-2.2929013209976583,12.682872090863887
E-0020362,2.3129943761184233,101.21366943892266,19.397833633968954,18.191076389780836,3.627633432229967,7.184602338610036,8.503033383977808,4.123787783692048,1.529152894058314
E-0020371,1.2880643301574788,210.71570145997856,5.739217305095945,3.421081715624215,4.856404351749008,13.84057858723227,31.89926251881669,2.7953634708792743,5.841179956834399
E-0020372,0.7157859070317488,262.9860604308351,2.778699596024315,2.3427308506421713,1.4988500139389354,29.184544077206752,43.22397780047788,1.6646469347149266,2.2759029484890725
E-0020373,3.133104826554916,12.397146042280472,29.15222886669959,94.59035298224137,1.9888206971303815,6.202689254694874,0.5965784102681387,0.2700413581500483,-0.098096411304361
E-0020374,3.099494962481497,6.815919931868688,26.552707779801057,88.1198919797343,0.7250952090974274,10.28214941586641,1.4371235438130787,1.104569776309574,2.5599285540717798
E-0020375,2.7242013243407133,61.055265249445476,37.32084549901027,21.83773869402322,1.3019364571947523,15.048670196428217,6.028877131238746,0.09452528365273002,0.8261688552268638
E-0020376,2.700331724897087,73.55123033345669,31.75971858105172,18.14273671675869,2.3558687060941876,21.317427700304403,6.464959845307107,-0.9415694907103656,1.164937437863994
E-0020377,2.3876819615197182,30.186617144068457,24.569148034502582,16.397763861393287,3.018086985969613,10.61935367812275,12.369442616328424,0.7231879804970884,1.6236145599026826
E-0020378,3.407006355526703,-0.3852873486185038,33.91267632565381,80.07375338818834,3.6925386146535266,7.113652422631658,-0.03390540930451602,-1.4134783703118916,1.5099503037892732
E-0020379,3.273364861330551,9.310140731461027,19.79086483136527,43.41452620524143,1.005036223499918,9.561818721712822,1.8159847650797944,-1.2692029681611792,0.8272121668303724
E-0020380,2.491052636674782,112.33052519395332,42.19153019760381,55.98808607395243,7.75811926419965,3.92601136746938,5.531996746401418,1.1394898365666382,2.478389842336191
E-0020381,2.3225271113866355,114.43058300510141,17.133466673257256,19.758715766585123,4.529795938650901,6.890601197507694,6.546504169125386,3.2594501259157815,2.719597382442675
E-0020382,2.702631056404307,68.53675851994535,25.695808397037773,9.43927654334961,4.042640105549882,8.218799864262554,3.8448015140788523,5.367265120741904,3.582167361893801
E-0020383,2.6219088078304797,42.95297743023001,29.051709700078785,8.882123172828974,2.653427899375207,8.080743391822827,3.6963872340456967,5.354699254579225,2.858080006727293
E-0020384,2.5523305127210985,51.950822339601515,32.668094078791384,9.14222656664113,3.9256900583836205,14.123965741319681,4.531507630461311,4.248542428943179,0.9411155551858038
E-0020385,2.4458894206872124,102.83624494315022,21.505167277476477,13.497794414998724,3.23773144566226,10.436011540227298,14.435857475125053,1.7351067169477234,2.343892396927859
E-0020386,2.8232305826143977,77.41571756130735,29.31262645726944,10.574592274097954,2.820407138457699,7.349373382404495,9.637856856802005,4.691167890321054,4.193932018664338
E-0020387,3.029787404589159,43.41268560524252,6.268081615518825,13.547559073653094,3.191110648199791,13.784995806888741,4.450147520886278,2.534969463516584,12.187402929416972
E-0020388,1.5207392364080228,155.41016049748964,2.604664982524453,12.136061082908416,3.2036127884509975,13.312184940965217,19.456319173931284,0.7457270534031527,2.068706402092579
E-0020389,2.696517295323312,19.597143459973342,4.716562962659663,10.300938193028344,1.089469576615079,22.2723691625999,1.2280927409188578,-0.962996879392718,0.5802556972654733
E-0020390,2.755450244791425,34.98378122612146,8.733867386172001,9.491182476866616,0.6862040067033588,30.96992859893487,2.0438896458964693,-0.6952883087255388,0.2806943513243252
E-0020391,3.5821358126594527,0.4261213134701407,14.837637499643185,14.605990754004184,0.5932786571696025,14.53357112709951,-2.281029302768666,-1.9383970729190958,-0.010943513353798118
E-0020392,1.6259011520156312,149.15223715371076,2.94394617318749,3.6448703346153755,2.4967577395006195,23.726077091074504,26.82591846259126,1.7708937368885012,1.322117469986874
E-0020393,3.088331391176682,-11.013497121836037,17.9372084752221,58.76920973789543,3.851940161929642,11.538823779947997,-1.0955898535499802,-0.7472826350284234,1.3521193956223574
E-0020394,1.8586533606337667,103.71893387049701,8.296836448557666,6.821004404323671,7.217092948747645,8.29856293742065,20.23681129166947,2.006379665047337,4.524774922223593
E-0020395,3.159972350584013,4.617675893181197,16.334298242115036,36.61918177373847,7.565984852394863,-0.12671116825674786,2.740020706958372,1.4786025292764715,3.619967609346251
E-0020396,1.8350561016429574,53.00573754260808,11.47681774340843,7.895781028396648,3.702411817773591,14.413389738203854,12.833914266483065,0.8675880120006322,2.468179686849159
E-0020397,2.093173772958266,28.02219038546616,5.780704670532632,7.3781753140657,0.9576299286452356,11.455711747221056,11.173017241216563,0.8602577921860795,3.4911498230440294
E-0020398,2.195207947031048,44.30003304197352,11.24113667553126,23.419539997541218,0.9538098070838987,33.277587247060104,6.090470376087523,0.46681798089542514,0.6996390417560954
E-0020399,3.2058574044961397,5.936432841803084,16.42417059891306,68.13092722647934,0.7607606055670888,21.664134332855067,-0.30431241390422026,-0.9750871519235691,0.4512050847367938
E-0020400,1.9988864489057299,127.11941115255979,9.931664750588174,11.986003628449192,2.0073577575249546,50.404411314737224,9.156079728931974,-0.8261259238616949,1.2888545047576314
E-0020401,1.6434803150881352,185.20356874578107,5.044070408072361,6.773774763428496,2.407006220144728,35.33357796681899,25.74796797173249,1.8104169267525654,2.365157985365303
E-0020402,2.772131864321305,24.960814865572925,9.241390388435075,11.256197862198299,3.105959303458367,21.238260986604967,4.778991891107486,-0.1421355700734607,0.5837446393912591
E-0020403,1.8265562897197938,54.39355188219599,11.089307472100302,10.295035253127168,6.331097713203978,27.370906947743684,16.37642174456819,1.8247788777763008,3.0271722238259615
E-0020404,2.2807814323870126,-13.370369726360966,7.135822991336074,28.24002173459513,5.478101855000691,4.490109820335841,4.426660781883582,0.027690242916348584,2.7427583284795554
E-0020405,1.765225834706075,190.61597312128373,18.267533851051695,10.011623017789837,4.200968278467835,27.58048613995307,16.131250963691052,1.097508259129944,2.300138159626261
E-0020406,3.012694765691693,-0.5851420874824194,23.555820158200202,37.57112585706587,1.0434020309487138,14.89427064310525,2.5314786768031983,-1.0721837955360798,0.7663329881466986
E-0020407,1.6979211239393672,193.2995585272729,14.697495836749518,7.100092493209544,1.9094421415542857,38.527130913438675,14.391461432655301,1.197388702860529,2.0226868185779385
E-0020408,2.6499355548501797,-4.816701147500977,19.289493192524166,19.41521716599084,1.9824057103967851,15.05806825526548,4.014065735558808,-0.02459924988675266,1.556586498859852
E-0020409,3.306557998436814,47.748411627644785,12.515798148753692,13.032183368097478,3.1054528241852024,29.285442201934,1.454182246127535,6.0663681040758055,14.636235295483951
E-0020410,4.145806829459948,9.036441876443504,16.834318990769233,32.46009832365965,4.803300421443554,9.646076651175722,-0.1652904188837462,4.58694872101116,14.25903854161863
E-0020411,2.058730237984978,111.70812755564128,7.932360515175086,6.164807584572494,1.8976849559623719,30.432086374429293,14.191391359661438,4.420286620709292,4.134064493088824
E-0020412,2.9161599331685917,35.21481887763987,8.68908495420129,13.880557528323523,3.3393967408047214,20.49401465446228,2.540213629622045,1.7962150270734223,0.5646169513808084
E-0020413,2.2843224896081407,5.089066603092373,9.221726135948536,21.40697984966463,3.5810776950499834,13.265422025142225,11.515255585814133,1.7553358159367007,5.589799112590025
E-0020414,0.7443767957914695,254.61966397413957,3.3864691490323136,5.047287131356234,3.378105814489253,30.32482177198276,49.085586259953374,4.422716654401818,5.5903479430380765
E-0020415,1.7590219621975347,98.04960188253254,7.196214338082239,9.145244914274612,2.4658794414220937,16.656831638626148,18.3579154175156,7.281943285143044,15.789061531416396
E-0020416,2.309144689911533,84.27497531470073,15.170215617128942,26.57324508525837,3.113678975448456,32.624069497342866,3.9978922609866228,0.20669156480691855,1.1724892405770238
E-0020417,2.6862194603609164,-0.4837052510003512,17.319007708272196,26.786924558530234,6.908464559617059,4.660031862146966,4.768609118528446,0.6404638006896284,1.753864591302545
E-0020418,2.4622535699321655,30.517038367953646,2.9479890888713007,7.824601037004639,1.336493581309175,22.259330954280077,4.3769367687772425,-2.5331859616736745,0.3426279991058512
E-0020419,1.8559908437186707,72.94342406996908,10.827821785725844,11.451454620057175,2.746959174106951,33.361602291307875,10.010562953903033,0.3632425772227418,1.590346987916738
E-0020420,2.98769478266637,-4.707313834377588,16.868570480424005,46.313004939344864,2.3437807096634136,11.384755261359071,-0.3179360684729664,-0.37150095876250633,0.7230355288947617
E-0020421,2.4377264120429225,-16.35430351512573,28.7093666042345,18.11679869631281,6.582604182394564,6.948072427154564,11.149223497841543,1.0660561142975051,2.909291160454342
E-0020422,1.788044078054229,62.96578677886114,11.84499565967972,8.446537509615615,4.399828117761379,18.02638558191926,16.456396515529924,1.5414481549417254,3.2660251532741
E-0020424,1.674805626947241,172.07139843270022,4.63161459329305,10.819327260278417,4.356189988067878,12.12295047160008,25.2217861674943,0.4261338301007859,1.1077982259443657
E-0020425,1.8633062523225667,136.86504431551174,9.65375324089634,16.116227619582023,3.292187049339927,14.729742891413512,13.779906921175064,3.219250494000313,3.342112144485802
E-0020426,1.9328678243798,72.69886738573969,7.788257368514211,10.747212573178683,2.9680492897369675,12.617978069116155,15.0399068950612,0.4957066937211931,2.554752030647603
E-0020427,3.0821055481846678,45.324226578015484,8.470055359615447,25.00202638735594,4.498149282070246,4.140962530734635,4.077327702698976,-1.106752464581903,0.32186891642269705
E-0020428,3.0821055481846678,45.324226578015484,8.470055359615447,25.00202638735594,4.498149282070246,4.140962530734635,4.077327702698976,-1.106752464581903,0.32186891642269705
E-0020429,1.855572649241397,143.37982821021382,6.82354444406704,6.618759123279134,3.884045210225739,16.469600060849373,16.301288063741488,2.831838369782345,1.7859642021988769
E-0020430,3.045342929518076,40.30430208103674,9.625519555342184,15.673511990440986,5.31349378868588,9.328415199854645,4.262547322968137,-0.13807070658839088,0.31751513392109376
E-0020431,1.973743117560541,115.05375368250722,6.9773759018852175,12.458158017932247,1.1594663825656821,35.728833065084494,11.93263718783969,0.8444209291356242,0.9779232507873328
E-0020432,2.5104673099273027,2.575868271748106,7.034873289760162,19.96160184926627,8.617029616029381,0.6862932180974031,7.23876074475317,6.258098257144695,11.854999970307494
E-0020433,2.822343178015542,1.5045219478507954,19.36406949375628,147.09885759792945,8.794860263501887,10.097303181915143,6.62409524891312,4.309272574159239,6.544790470203085
E-0020434,3.1798979607554836,2.0630875116933707,31.70150121540277,139.43185066380113,9.79765388026575,-0.7176014913049457,4.71370777592735,3.9928344222542487,6.133587232581539
E-0020435,3.1659571690040247,11.835257870689155,16.911385779031882,85.03349852819392,3.7913763837232346,13.683904283464972,3.292610828507608,1.5284355203037947,2.0796110622708364
E-0020436,2.921034087411951,3.766473852583898,20.011173035943067,21.854070599821135,3.9477225941004246,5.727462957428303,5.762432280973421,0.9577004926911387,2.2446091310234086
E-0020437,3.2794049659675046,22.354984095609456,21.40215332275717,83.52029018007357,2.4232168207163545,9.879452930423412,3.3239591027359845,-0.33437349398664984,0.915995418001109
E-0020438,2.6531203832912196,16.326797414098927,13.548690075611889,21.584556351488086,4.861670212840467,9.899033566090788,8.115419323747862,1.1749860751899337,2.670446173926952
E-0020439,2.704411577219472,31.562823291756324,4.439928939222048,19.349660520956103,2.197255965771539,5.939125648903138,8.568318452866935,-0.580317483832044,0.5659490567354801
E-0020440,3.59641480501151,0.31781435328068297,35.114002368948825,74.63404400580909,2.7159712580142563,1.3657132564572922,2.358855807327525,-0.7852897180526466,0.7402328898962524
E-0020441,2.276940074317225,81.08438924823197,9.424045841862645,16.24053683819675,2.2849946825174516,16.999025768257628,10.281793380060112,0.2749452497771523,0.8540951535031888
E-0020442,3.3177811124221797,16.375768092448396,16.605541013972665,45.53844741468103,2.8505307737120154,3.39313931770401,0.009103865003348588,-1.3891510309263375,0.21199945322395766
E-0020443,2.5917569356427808,42.235857860199204,12.367400031756812,10.228480054381361,2.930414617309367,15.103856089576269,6.426127311440803,1.1000389442907812,1.3274264280442996
E-0020444,3.3041491341792644,26.596420597422583,18.565869831251167,36.39617005289722,4.74329734290857,4.855027008878587,1.5173606733745086,-0.34252132763087123,-0.0698413983170463
E-0020445,2.8741416353745732,22.26998254523438,11.513787593284066,19.10600274536035,1.4993914236349735,12.774299879988362,5.323960824455166,0.06568008581223589,1.0964798872653103
E-0020446,1.4431017717181684,142.85627261789017,2.1658064484177926,2.1501719721175063,2.9245521832584203,15.589121648828364,27.063806468638663,4.461350413901348,4.969275246116001
E-0020447,2.833007267639048,23.827817004928185,4.814308062953304,8.813822688537037,2.338934339819742,14.539700043436262,5.627609606503925,-0.14566875431114473,-0.15729712768392817
E-0020448,1.676045284072479,149.05391235968352,2.55214057158081,2.496429973034525,3.0503178056200158,19.523179251267216,19.114949197521074,3.1103093826308275,3.913187559846067
E-0020449,2.2250825763216184,119.41186776046617,4.346710800360034,4.72241501288264,3.6227502911088125,12.777331181186106,11.730755068650193,2.1948635357932007,2.273875821450315
E-0020450,3.2497412712906653,57.45613833396974,9.254459539234185,11.586277531418915,5.234088530207609,11.167663849124974,1.2583021145545485,-1.0852237086870176,-0.07725740681553284
E-0020451,2.2808705628954025,127.14571199529192,6.538104350519528,3.686758701131149,3.8746675889379336,18.743702109443547,9.221149185144576,0.8592288439708762,0.3129550161904692
E-0020454,0.878800559863665,222.86970336071136,5.800245705779575,3.051671627482137,5.989851941375781,15.914604372244348,48.71407652668205,9.507398753190884,16.38873350911615
E-0020455,2.20001499395247,51.72262163697285,18.223827662279845,16.713500775386358,3.1556313127236812,8.804621504601423,10.373421730777793,0.811858394289921,3.32107650081471
E-0020456,2.9565002309390915,-6.532278698982348,32.187419755705264,23.101849759166875,6.7632636278310105,10.1103883451409,5.708247790485027,1.1112811490772887,2.547349462889317
E-0020457,0.12288286838727415,225.6896821175902,1.4861543993002826,34.59548611023511,-0.9980575619136844,11.714241030482222,36.04732067705028,7.984164895162134,14.054362668790795
E-0020458,-0.5513756853910141,233.81304492512436,1.198865932116624,30.010589500844205,-3.55763969336823,11.7151540675103,44.7265637626073,13.066518129412426,19.82588593297277
E-0020463,1.7786017708297588,217.69220406722863,8.448174569248325,78.1827893651348,22.31433664140569,2.4035103698936267,23.732771502861503,10.51784589667664,16.801831951055608
E-0020466,1.9939789282587026,267.8740053853769,13.491450654401369,453.2705657666041,18.72437727968616,0.9487447620936985,17.535995643911562,6.476335353056562,9.170830134643975
E-0020467,3.5983280356120044,156.56226259851314,14.78708758105789,420.40978431621375,2.7877961899273815,1.3164545587390046,1.8943695937413114,0.9498183232606151,0.7159558022350656
E-0020468,1.5852042897035084,112.70315713297721,8.081198735679633,12.06065300094174,7.064725032591722,14.509485729000854,24.374483827137837,6.554971237027024,5.998394475371942
E-0020469,2.580886019425318,-15.557849379956613,12.848502128502604,21.82581867020024,6.606049470363972,8.586141369934495,4.351732102035363,6.6806173941707385,8.829762300604854
E-0020470,0.9469975221749701,152.44001599364765,1.5642604053561704,1.9064901387843824,8.890817241758116,17.727989875019592,47.42910800000094,8.453956561255257,16.980496892266906
E-0020471,2.3681642176862496,84.75378132884502,6.21305053315337,17.7089734855108,3.830972268752985,11.587122822502803,13.118084340948542,-0.17186256668372524,0.6575299879881213
E-0020472,2.3681642176862496,84.75378132884502,6.21305053315337,17.7089734855108,3.830972268752985,11.587122822502803,13.118084340948542,-0.17186256668372524,0.6575299879881213
E-0020473,2.2436549767208587,66.14832340211763,27.71367883827431,25.196618212304855,5.590354513797928,21.64393313661268,4.401471795896951,0.9929406581778414,1.2920758552128209
E-0020474,2.9267135984108785,33.0897842215807,22.035767353319514,28.830142922855693,5.7840003338884225,8.223343173783686,0.6154541432792151,-0.26128186473276593,1.2877363116126304
E-0020475,0.8255051990011435,228.9203122494232,3.04002030365866,1.3445586180969058,7.239256595465926,2.8720557262827255,51.61778498258236,11.636803082695678,21.77573725126141
E-0020476,3.072775949670141,14.2809252958426,22.262190356498493,38.75149469901481,3.150328344888961,5.605050650019233,5.109712427259707,1.0267604104613772,1.780479791251471
E-0020477,1.643981591711654,203.8187614513323,3.5599013819226633,5.945940102441221,3.5685040883871726,5.801789161520626,28.13837735815817,2.636011638214697,5.303561465839873
E-0020478,2.3220332369424477,74.00661493621816,8.236060116076661,15.931202753344412,2.549515141999411,10.736544677960909,12.773647339760927,0.9933959523481639,1.9277715773823496
E-0020479,3.111085582314306,29.097095159359192,12.35172325902009,31.672112524180065,2.5871969666128027,4.115388595542269,4.187070216619421,-0.03794392849400688,0.8507404851102758
E-0020480,2.1519189524161186,79.53842967074256,19.640078236780482,12.856420862429522,7.61452835375055,7.751844581062034,9.189896068319419,2.57579395990245,3.9936046683086643
E-0020481,1.9946926266125045,53.4622922611609,7.6954060038644005,12.527825470269883,6.602614417178905,7.40404616439694,11.989604145076125,3.6747979365988037,5.143830959414615
E-0020482,1.9752370257499727,105.56388728476705,5.218051744516807,14.815472984185245,2.75870729233091,17.878341518847765,12.445558220460459,0.33896391921960445,2.685444443391706
E-0020483,2.8074713684791033,33.36677244531339,10.262302186014692,33.50625629713246,3.499873269879901,5.20978529740944,5.059869991324387,-0.7305663030549168,2.3119249629113643
E-0020484,1.5269069867650846,114.11350947463959,1.7530239855413843,1.2925135539166446,4.12388828352811,15.47857083074708,27.30732346509551,5.337322298285467,10.043304774647568
E-0020485,2.886566845114502,0.35883201506178164,6.668926544423939,10.613235661061548,2.099358309041481,15.734618529374549,4.454886178996829,2.375250873646422,4.672864607323581
E-0020486,1.5656577647216143,126.66351536106916,2.5200726052304256,2.3237490142081834,3.3440430749160392,20.5176085361867,26.22804111809488,2.182034426220577,4.290314202491551
E-0020487,2.214169004051088,61.24256576585456,3.5947011153932698,6.435821568532625,3.8222388623309707,12.117323711709764,13.255284487806412,1.3981251320627734,1.7539652493864093
E-0020488,3.3175297085107953,49.02731216149532,9.149015653443163,24.03537321514358,2.8394490662839154,11.661099489447828,-0.47234675399017206,-0.7333415269652008,0.01265883673514362
E-0020489,2.2786396267688107,106.24934358030399,5.608042571297783,10.347205504602151,2.908839292383504,20.728326449150476,9.675476559595781,-0.27540655769470446,0.6401243471654201
E-0020490,2.3456522650723217,51.23951360216159,3.9877822446723865,8.018037516108336,3.386596000408083,11.556767263722737,9.686028337792258,1.1821589991125494,2.3058222072584464
E-0020491,1.7043740949779045,54.205484676635876,3.3204169854759886,2.932935829367534,3.51723344291636,11.2241813556475,19.67336887429221,2.7145253692859086,5.284561326261132
E-0020492,2.0282581163906825,27.341439714156376,6.64027609261036,7.989169910435372,2.470536854436962,15.83961872389867,11.702623581921602,0.7337385318949132,1.6972217357763286
E-0020493,2.4122373704605096,65.31361630582273,4.874382566412555,10.87293137072653,3.366417619008002,10.3651041713983,9.844364060608797,0.8385885324970435,1.383140605328067
E-0020494,3.19949387134121,55.73717610012546,9.672127487402866,14.808660502994785,2.4654259036071022,10.995589969284993,1.186266499481678,-2.412665205910358,-0.31893512547128366
E-0020495,2.553982309888383,80.53037852093382,6.010752451878392,7.666554618866902,2.7667238526664875,19.513500114662325,5.118846780024894,0.4791707502431926,0.47121684695991967
E-0020496,2.5828139135119272,76.04861708494579,4.592969642246271,10.322995816574839,2.9100730817148133,10.299749923043342,6.812065867363405,0.8594546886776566,1.0051942005044376
E-0020497,2.6717193205841623,55.06959848124579,12.07839092088253,30.106066829880266,6.496541581125719,8.605373903253641,4.941439837634387,1.9611084875478477,3.9014875983144073
E-0020504,1.5612810178324126,198.596690423199,2.516824360335964,3.754468248788445,6.610700372162592,12.63796016080947,19.150585995572083,1.4645715103628836,4.551762521596556
E-0020506,1.8571951531197328,109.52649655389845,12.7062556649891,7.002877538862164,5.251875493374353,13.735162790071598,15.611922250662506,9.873604933192333,16.81483598415678
E-0020507,2.4214693432893317,61.039422353628325,13.007780526386114,29.121778420732717,6.453446469460196,14.991136376766455,3.052248403586975,0.8702271628789778,0.6017232343866487
E-0020508,2.5488389360127064,51.23687984508046,7.938575334434432,16.661369055346256,5.51044672235818,25.26255432588832,1.2734530046256345,-0.7967826739737709,-0.24333626918724285
E-0020509,2.192881449204396,66.4055422578794,10.568606767851655,40.04113624648017,5.776989336730313,22.04816279912269,6.928390136004958,0.9500269314822242,0.042141535816964615
E-0020510,2.4252233467102897,42.98041040871911,12.555910240265943,31.229320357405953,5.578562179492714,22.20745851768965,4.217550514606818,6.273124668988671,3.8263249637406007
E-0020511,2.4023677252075237,47.973196995451026,7.511278798110935,13.669391201131488,5.447043519133553,20.476731374168683,3.8537292442138433,1.0953144856398156,-0.2837989476754091
E-0020512,2.978647509634169,9.275749208944585,10.006978957881609,24.877836642822267,7.540349085549005,0.3750394945497597,3.4275073418027953,3.6655483682401475,4.58332623178617
E-0020513,1.886458953459488,100.05803807233661,14.171253916784512,13.86218839805148,3.95234370976669,16.81467243834283,13.159001817985715,0.938797031679603,3.463093002232613
E-0020514,1.7889480329564775,179.86880911087394,5.472760445534573,124.81997032128533,12.340855652795195,2.198010517643565,9.75970690391609,8.316611501191616,9.856851305027623
E-0020515,1.6738054342295206,149.15664153019372,7.609887257770906,144.44705410656914,16.55669648617946,2.199785152504448,21.965958014333886,9.423496440286268,9.488775603252416
E-0020516,1.5394065755200248,211.12896977328933,4.037408345668625,88.58360655312319,14.4197296802782,3.9355852737221104,20.03821632035088,9.911541397638183,11.837546941121985
E-0020518,3.3911399534824103,181.5413103478626,22.5142369316927,302.4435498083641,1.6633179216476102,1.5512408956576413,3.2865453963750393,-0.32592748369823066,1.3776240360543586
E-0020522,3.5236552729108306,11.09690075527536,19.186199401620417,23.4413535723025,1.7184820383218835,12.439789230814322,0.5185758309033319,-1.997155717924988,-0.4508869900417409
E-0020523,1.1176438651704732,136.00916808357834,2.715652083569282,2.5511310941624323,8.774236191917009,13.017166401823728,46.26845964355269,7.885041162599199,15.431931531085898
E-0020524,2.1613069949097468,68.50468466493342,14.121807013644073,23.69177787333498,3.4876049807842286,17.899380272578615,8.188802198052029,1.1123221943761241,2.0357357519306225
E-0020525,2.9345967031538183,11.029822615807662,25.108028778014614,56.55311942380017,3.8352058124991504,4.987445671743873,-0.0365405437436756,-0.7833525207210055,0.12058395821855764
E-0020526,1.9808747680259151,81.82378816012323,8.68512576126733,10.115192690404895,5.626339606397673,16.47123484649535,11.128512343204516,1.7659476928606368,3.877679819094916
E-0020528,1.5453235762709152,93.05578195120664,7.674134516496984,53.045354325914055,8.326900767895149,14.299523007220472,14.948176513076605,2.6555519494377036,2.8940502528531327
E-0020529,2.318589913544346,39.68026874289397,16.04734491403145,82.36435187430243,6.7968398435131485,12.761554687660603,5.468595800618898,2.1233964253557565,1.8939865336286703
E-0020530,2.566233433025962,58.014966337905186,8.98417453740288,12.811408934329918,5.451861945153536,25.611028507037,1.4567084639715713,-0.276248167103181,-0.21646058889134165
E-0020531,2.2644279617840364,63.88689634276985,8.432733823205401,47.84847608755127,5.192037357018629,21.004884600993833,6.048486360555708,-0.46618097882733056,0.08582763475656208
E-0020532,2.5197560874854825,24.370058445729732,13.52503798150563,33.509325409522425,5.590983632790343,21.677861004023114,3.423159632998262,1.6079457360454752,0.03040674702038794
E-0020533,2.9161380564510355,62.23178826021756,12.650302430801776,33.42682115425976,4.280411522110297,24.821281986272663,-1.1631598515280202,-1.1871767040819101,-0.4273828765030835
E-0020534,2.510100282722877,31.05757531626571,10.462720808859611,57.42637828883265,4.014180139881757,26.761056210344556,-0.07734486969251353,0.19987113531581838,-0.0772081718223536
E-0020535,2.3369640354727887,80.64907024339934,13.78910740403232,21.01204009387524,5.291348870331844,20.377573886185974,6.872565667518941,0.06465957826889979,0.49141950576978566
E-0020536,1.493252704135282,147.21152546985326,7.641497142492204,24.32143742775908,1.2904081996329242,23.817645578893146,10.242091834713962,0.515659006565785,2.6320995173959076
E-0020537,2.593867598157078,64.82675872782534,14.96034588968159,22.478918482022117,3.2425387062236606,13.71734061849661,6.981080734780531,0.8866858991090054,4.709576361374752
E-0020538,3.461524115075054,35.86951627551484,44.68572327760542,89.68720289111052,3.494705246281738,9.131687608778893,1.5426888413499134,-0.13008697118807455,1.5213056445897772
E-0020539,1.964332949447554,106.89866532669687,12.721494978667488,11.574157781417249,3.5908139701449766,19.603856422759268,11.905212638097808,0.613933500082452,3.389906252126142
E-0020540,1.5623305672401793,206.18283926151545,6.523291985887242,3.7164919658798805,6.303186531323558,11.273138019733135,25.409451820518967,3.2406208670815833,6.502554651098792
E-0020541,2.2666721045071023,40.82723641471408,14.845952511179577,45.2822567496972,6.3808565090775495,17.9378764935444,6.5138710733311616,1.0873838405686898,1.1512261192139235
E-0020542,3.461295275964962,9.943234843692895,47.429341353470335,143.35925725359078,3.631764439066046,3.0761123461053157,1.4739678291599367,-0.71697604672047,1.4065049545279973
E-0020543,2.3142736527602565,37.61605868375344,9.230006657552739,30.89879827915355,3.5205277867530724,8.15616944119346,8.281732580460915,1.5943199960460874,1.337964860306509
E-0020544,1.7969363816341308,105.10856690658177,4.256730612580816,7.561112322881691,7.839291823679006,6.974891891389225,22.748443630563663,11.876007821212166,21.406523885857638
E-0020545,-0.17290414881695174,214.41884694873963,2.88304935884975,12.206350552014232,2.1684496133789173,10.224076480578182,68.9817419944618,41.368101197502185,52.86905006658067
E-0020546,-0.4947177183946292,252.03583900237865,2.2427609865925686,13.972607962500275,0.7837234558264821,9.280285488694503,58.442133576760604,26.749467336064317,47.217268232457045
E-0020547,2.1018737931724027,120.08513921650845,6.819451948870996,60.783328440250955,13.544361767698703,1.603364866276821,14.493619413243058,6.2158291953606915,7.264417449944766
E-0020548,1.3702698394746449,199.13733550782598,2.8678350472987417,48.099568409100144,4.832926269139509,19.261018017302963,15.932403393834973,9.954100081352262,19.900621414145565
E-0020549,1.5117006784088978,200.45480616832577,9.719675193815208,82.75728058680934,5.831191482907542,11.56349915997281,14.40602428190832,10.168320556170542,16.343806273237433
E-0020550,1.8439987591745883,177.85333403066647,13.290248687116225,70.33063026540388,4.794697372707695,12.415446601699163,16.47449328693701,7.81193920620829,9.15708878372603
E-0020551,1.7688523115594053,167.8416701106186,12.589825498797213,113.69605926417539,6.383290337221798,11.399978129207083,10.11211161886457,6.619665230570861,9.987114596144966
E-0020552,1.220096549579454,209.2059940207914,5.1553114184217534,38.224432105126006,5.131645968947224,18.90814107934938,16.41508057169642,10.907152050104232,17.52672993972794
E-0020553,2.025839885565566,141.7986789049858,14.249532225025133,123.51479860839879,5.530380207849574,8.580112322164261,7.3098671751986295,7.336277102662746,9.336677631986625
E-0020554,2.2074653577620924,102.46847109518015,23.034884799014204,130.00015897677642,8.278377667563475,6.493054213541674,6.432440117498981,7.2468496502312885,10.162888326690627
E-0020555,1.668543578492158,192.48250188886033,5.268474698085729,80.0886967632105,3.33670931932662,11.819028144592384,9.751303374183582,5.829403581468324,9.667275126011095
E-0020556,1.785532050342363,192.2751024561931,8.387403773623475,48.20345315518161,8.407063622520905,12.822838473832228,9.304589437363243,7.274574015340654,12.47640970929427
E-0020557,2.00280705467053,169.61698651867027,15.269638499545291,84.5485549598029,4.307772260906315,12.537373879805548,8.221143696936231,6.344331445096968,9.328346923604254
E-0020558,2.027196419893535,164.61514472098116,29.973282441175513,193.00484263978203,4.325221852102416,12.000798904755642,8.17100676612704,5.2035548665086555,9.345313988676548
E-0020559,1.6139948262341859,204.63762234543304,7.23083384314482,44.92468807579374,3.602657730478756,13.624610218626042,11.941552957703923,7.610460981858919,9.529905417452435
E-0020560,1.4842572716237754,211.42584412016834,5.894331273609752,26.364340128880308,7.578607163597346,12.141768065610389,14.03694581523265,13.686302931847873,22.63623444667991
E-0020561,2.1665488226443856,118.06206954026041,12.708180983099627,105.58154857439854,5.892873858975512,7.9876706129733845,4.716053162698722,5.201787607896499,10.553776263289496
E-0020562,2.074789574019255,162.8199431391314,9.04910233293491,93.79341450463734,7.383099554258829,9.751808537961988,6.876905623365732,4.9780915874225204,9.546361558974539
E-0020563,2.6420847178055302,202.28105280883256,18.924006969925735,463.56332697999403,5.628165708143181,1.2155722151106672,6.593709331808641,1.55868117025828,3.270756066793698
E-0020564,2.0701819058781163,252.2462417380999,13.20844503526646,145.71345353529867,17.51992692830398,0.9024153287090696,23.27815341949447,13.197900047984689,19.70736372186556
E-0020565,1.9484666523663439,151.895810043499,11.294028391216377,44.745342138565476,3.937951461324677,13.609198659467626,13.861705927387394,1.4477092289163322,4.086104015928313
E-0020566,2.8682669523226663,46.17989781644185,37.53787461904802,88.30395051351356,4.1037920675859345,10.876469944461595,4.365408426612179,-0.05342661835240348,1.6940818438201266
E-0020567,1.4088742368841316,100.26987814633506,5.112764439864225,5.618882411667832,5.278176926839947,13.553126487932435,26.919635205388854,2.949878690919226,3.4192797504653734
E-0020568,2.5737300018131766,-2.2112957801174176,11.304662148830916,23.919497857066833,5.970540905053309,6.55116838318962,5.674729307174165,2.1812452384735357,3.0396802492461585
E-0020569,2.258641024219549,33.89140740974496,10.209468213323618,21.199021165544227,6.052305174930021,19.246923991018924,3.559501948806978,6.298322525783052,2.928542876987879
E-0020570,1.7127901659754385,143.12889245399492,4.724454928531901,87.18978852153647,3.6094940309767978,9.558652186982606,20.805616423050466,8.020529731219124,19.834626517810324
E-0020571,1.474743629283316,101.2471017357439,9.594248591257314,33.719728422795114,1.9039169248878756,20.897129020219023,11.297777447680307,0.7086720850086269,1.128056404700897
E-0020572,2.3649190920171463,77.35223524055402,27.218243259785496,39.04435823599838,2.5616830960901837,15.736796021056156,10.322314486853703,-0.2626203687424056,1.4042610065501901
E-0020573,1.7564992098965417,217.85722435325894,4.420608864373124,118.44298971608187,5.651580387293679,5.766637018038095,6.3824283175658705,6.882350536710578,10.013747866134727
E-0020574,1.794377466091281,178.4209774946486,5.0931051494829696,144.78827888257814,5.342682650402914,2.7027766436178937,7.201617572285577,5.90099035744395,9.892262251061425
E-0020575,1.4689651431929818,185.7283231170553,5.65546033126539,119.8298286127077,8.235573560916517,4.035950793979833,16.9700765206631,5.1055564223256376,5.119191029213219
E-0020576,2.109279158420859,117.35994033419273,6.4591214204060154,173.7734447283001,10.524572078487502,3.4999121520555896,2.926990930287019,6.660413942351685,14.172927045783444
E-0020577,2.109279158420859,117.35994033419273,6.4591214204060154,173.7734447283001,10.524572078487502,3.4999121520555896,2.926990930287019,6.660413942351685,14.172927045783444
E-0020578,0.5568489814909401,238.88770390044266,2.9958412355052397,122.51023831020879,10.218347316590974,6.0254674410463345,24.044152566038147,7.792720391555875,16.11629217124895
E-0020579,0.7281586403860669,252.69479583788853,2.9428468217717554,44.43583982130606,11.807911898732861,5.633875104038062,16.62009053660553,6.205288619568332,14.004175318733003
E-0020580,1.3196579536387372,224.32284522514598,2.3711407072205404,94.34381426644656,7.890002288585869,9.93447081027507,13.759422478149425,8.051172167308271,11.149805083953767
E-0020581,1.6984355384929133,196.50841162078868,6.6861653140496875,320.58717265836896,15.688696248741111,2.1834728716196254,7.622599050924738,5.909315092199925,7.873612951888891
E-0020582,0.9841631581000628,201.79359920951887,2.4277774002956276,139.31166486504742,2.5099888774418546,8.851048554080087,24.54768268226952,22.86342508781746,42.69861940237036
E-0020583,1.424386975954743,185.29405510404877,5.015987329319863,48.3527809670068,9.008341667596937,5.743799585148298,17.5243359933189,14.014731947595271,22.89031724325083
E-0020584,1.424386975954743,185.29405510404877,5.015987329319863,48.3527809670068,9.008341667596937,5.743799585148298,17.5243359933189,14.014731947595271,22.89031724325083
E-0020585,1.3768043548888826,214.7005226501716,7.211505017467399,86.3653447390856,3.1898886148778205,10.502924819357172,23.205949120019305,8.579730158691943,9.296423639339329
E-0020586,1.4704130382662552,216.90239175236633,8.625561681557567,78.81613734646423,8.424489839777676,8.880347213513984,22.926920885682826,7.405011565700294,9.548590223087318
E-0020587,1.4704130382662552,216.90239175236633,8.625561681557567,78.81613734646423,8.424489839777676,8.880347213513984,22.926920885682826,7.405011565700294,9.548590223087318
E-0020588,-0.36709794431518067,234.12858891329952,1.2992805923055832,15.767353395316686,-1.658004565318199,15.597138669066597,45.48721035480015,21.023881532192405,29.600286337540204
E-0020589,2.4473336830011467,95.05924442752597,12.895060991485272,124.15436863968173,7.587024465119794,7.791425707398348,2.718410112051132,3.3102372788222993,4.5242905614142455
E-0020590,1.7129217876608598,206.9276755950404,7.247858539478784,109.29662765471898,2.782418296870511,12.183174186931895,12.98244657807821,7.217729485173173,10.419193508667783
E-0020591,2.515256066988629,223.21391944780487,47.22037040063228,193.30770074055462,2.356357936294036,2.8347456663221355,7.871304912808185,2.6618698100729707,4.338270896042422
E-0020592,2.0896051409537284,237.8283864186158,19.238285007151042,87.94817381857997,10.958551534981357,2.420276224334263,12.99935522188772,6.709869020468339,12.00420507106334
E-0020593,2.5735937800413033,228.97207989657298,28.773611844105975,235.83254001242173,5.667293923004786,1.7965979217420442,8.798779204529666,2.16418992003611,4.836678647755768
E-0020618,2.6219280262214033,26.09926109097335,17.47144222723771,34.82435100161668,3.9914280679632856,7.0351552377832,6.289820776954809,0.5168230946588233,2.639742864342561
E-0020619,0.7356384317695108,256.9612387411029,3.1763248586068435,29.606142906219883,5.528789071896081,7.2545642717631384,60.18760853068316,35.86152136114847,48.67851079567927
E-0020620,1.7564992098965417,217.85722435325894,4.420608864373124,118.44298971608187,5.651580387293679,5.766637018038095,6.3824283175658705,6.882350536710578,10.013747866134727
E-0020621,1.794377466091281,178.4209774946486,5.0931051494829696,144.78827888257814,5.342682650402914,2.7027766436178937,7.201617572285577,5.90099035744395,9.892262251061425
E-0020622,1.6069950423487316,199.63759763731346,4.277623077932667,172.0765142074491,6.0010534260202375,2.660709932198614,11.7889303981708,5.782315015305778,9.137148247249288
E-0020623,1.4521320610392687,210.34547726420755,3.7579378328313062,162.9749434356915,6.536276982465878,5.783836017303121,12.251545446925705,6.79386850868488,10.829975472429815
E-0020624,1.5025050669172466,216.660616677148,4.414477104393113,192.7841105327226,6.803382746430733,5.472120626381188,11.939542321186735,5.9427261534814155,11.09131040256025
E-0020625,1.749765549443336,205.67152301910997,6.84182911173376,195.65665937436307,5.457404919831371,3.2000639324648734,8.618629672651542,4.255116260550516,5.370408516874258
E-0020626,0.3867303343387929,247.19698650516818,3.9410938313076587,28.124970585435694,11.366878641675406,2.6759983502381983,57.067758699768646,30.53056993862861,49.28262611047787
E-0020627,0.7359070882912755,240.41873795661866,1.8922838486600448,124.68686344471594,1.937379030561131,10.554577688247113,17.151499657049886,12.032307024666586,15.9185567876356
E-0020628,1.7993624274989288,183.6174277245147,2.970605982637676,176.6873987442147,16.802296021570882,2.3436731909154496,10.783855062883482,8.830915388306206,11.764262628062802
E-0020629,1.6881721710948323,196.8906160818159,4.65456102873928,210.21279677821087,16.69340057518755,2.772986303722688,5.265363191308307,5.040918273921963,9.734198498303567
E-0020630,1.3216780146705434,222.98847492357552,3.025793969173254,44.49479228791586,1.2526335954645171,21.612693900888086,12.52915128068689,12.372021716473858,21.386071200309896
E-0020631,1.6215553855787426,203.8365007127009,4.329812552497331,37.08254757549217,6.899804398476122,13.042082960227463,16.303740715929692,13.692882473401092,16.878986961401445
E-0020632,1.4698257209278673,195.08611982542806,10.721678878799048,52.74348903690075,7.707430495893602,12.514689789892206,17.241992397595702,12.55230913181311,23.670381136313996
E-0020633,2.1389995575135687,122.30791765619465,26.823696901388917,148.27153383151412,17.81872783127416,3.7791710422185885,18.350153839143054,6.666517786448831,12.350968867625182
E-0020634,1.6567868702517097,140.93429685216415,9.625626572132429,127.86927690176233,6.680310986735153,10.519215083894446,22.811338280270064,8.329021278029302,18.30851553623891
E-0020635,2.101579848278859,116.48753230841807,9.021644331700413,340.0836711239671,17.46116602109624,1.1448863886133334,9.035438391190063,3.8861369009480797,5.060928706416596
E-0020636,2.011434040481367,163.88306853963434,6.443768230172071,311.6300526321668,16.078686766400452,0.9284128008180406,8.972028127916488,3.414004663289684,5.21635985372926
E-0020637,2.011434040481367,163.88306853963434,6.443768230172071,311.6300526321668,16.078686766400452,0.9284128008180406,8.972028127916488,3.414004663289684,5.21635985372926
E-0020638,0.11661448101590459,240.79399361280707,1.2613087742580111,17.69068688819398,-0.021120541083544775,13.087879585980449,36.24956771690418,18.523854327629927,32.71442605390573
E-0020639,0.9500203077569578,217.29694650119936,2.790616611382025,38.7506518755409,5.351532202878261,6.214957828323554,28.888066748851614,14.485314637131333,23.27363555108835
E-0020640,0.23765980597093705,233.92877630850634,2.640108378469854,29.401026823961928,2.706147555818006,5.947687261637061,43.47014778735407,12.531801140200304,18.100511580259447
E-0020641,1.9235852035675618,177.46207509145506,8.0459512753576,32.33672311860697,4.244915602520917,9.932921190935215,17.840690897854614,7.957206995083276,10.72966993016379
E-0020642,2.1475272160375587,151.27818921919913,13.588130137939242,163.89636972164794,7.865367668962305,7.891498392646349,5.912270657067616,4.1411919716407946,9.094213240358826
E-0020643,2.3911882588250823,112.32810077637647,20.33774833234207,161.94480898071095,5.4282996236308065,7.492074776107945,3.3455554144097253,2.644502476393784,4.381864398177554
E-0020644,2.2973354033180517,129.71833882493962,26.451042065234354,153.0416437479436,5.563251315958813,11.28542281256895,7.235160431247852,4.592616881537467,8.664525508014854
E-0020645,2.619845998040805,90.22421754494957,16.294390166672315,107.37382876823705,5.393099105005847,5.404190626612323,2.504992868695055,1.6529922076011847,3.949095801355832
E-0020646,1.9956391761548185,181.57685128881212,10.955964694156759,72.94479684531703,2.9700804404178234,12.48333091419199,7.205762183162737,5.178006784946624,9.095862881027173
E-0020647,2.2814025430954716,144.34780846165665,16.714978617242423,75.82104953394509,6.72100605537953,4.465818012348434,15.540405905262228,5.148686502826148,6.290326294275883
E-0020648,2.1748640169940767,205.97570043066608,21.884922797858458,137.28535343398687,7.968560583976865,3.1692257431180755,11.347805800925173,4.022318523397164,6.693236597543933
E-0020649,3.342682849791486,74.56752910728599,46.48158095453481,229.5571053395217,8.90708273370413,1.4577629066847537,3.495546726479056,2.1980791771071617,15.923054046206063
E-0020650,2.5366765558936923,193.94975609141676,12.92249481280159,121.63833482897928,12.326477569492585,1.6802225976394856,8.185015965873658,6.02964591137476,11.175059240535905
E-0020651,3.016587819224698,118.3595152182766,41.229036360383695,512.9802469515242,6.391873979413374,3.2913927969796752,4.734286708937047,3.073890552456737,4.390639658177048
E-0020652,1.740699162905121,82.61316365680028,9.472362658918374,4.556519564933241,8.08064094342803,12.748803866698218,24.841532427130847,3.855070006663873,7.890720052144085
E-0020653,-0.30241486409366564,204.2050493118441,2.025913286846534,11.952641395060567,3.725533118586057,6.422452393660434,71.93038006275373,41.4565594127006,53.77926735173692
E-0020654,-0.5982271839449205,189.6107251286532,1.4771682885659185,27.175202521807357,-5.684828994582061,14.200644972116939,60.657366438631094,26.799910192611467,45.19439056584215
E-0020655,1.7757517139718089,189.26590702597952,4.733269391610479,382.0014202889273,9.87965330230205,4.494887969225323,14.635669011935663,6.22000086059375,8.264046287926323
E-0020656,2.1923242447699387,120.97054442840522,10.828605075984687,365.83147019684867,13.687431843749728,2.1605028163628,6.808508079169814,7.137591088859441,6.6184030946601
E-0020657,1.5637996778854122,192.33171455400475,10.994037161944235,59.39979236641525,5.44111404112693,14.046944696686818,13.51354740498692,16.37993291792937,24.325341569670154
E-0020658,1.4262445400339803,208.55538171967646,15.242184701668677,85.17067326115135,8.532993226019453,11.477091031068031,18.562652423631008,11.158040579984032,20.665125048143967
E-0020659,1.7437299300769427,167.6144781956205,9.23164341451297,54.77826550457846,9.143822887617988,8.22239476968138,16.670420177667282,12.302558052569797,15.699340488957999
E-0020660,1.0992362514297707,213.86662292384977,3.179854377111859,39.54259128673051,3.941566900833306,16.431849096908415,17.494162621492656,9.986828048750514,17.19978423573526
E-0020661,1.761089483303389,169.28902628142012,12.704039180889334,141.69290230003466,10.531373777904722,6.292741480209795,14.614253266445985,5.629210677197228,9.542028439230684
E-0020662,1.5277654924843653,172.07212162651376,5.947271972588155,94.1186703904371,8.543852756849585,5.175032000216279,26.54198814982795,9.321745609662853,17.436655155670078
E-0020663,1.4854095343273641,182.9447046171722,4.561299930523283,75.03031048528118,6.2951319800421865,15.574715875051046,25.190710835036068,7.600008057195641,9.138974521913255
E-0020664,0.9922065347616613,209.12090342318123,4.085079565548859,68.79781602625911,5.787230036385865,18.67471507725364,32.35548669563035,10.738859968196689,19.61018638871597
E-0020665,0.1990602458059866,192.76632042157584,3.9215627046772967,46.84448236411083,2.9654917327859716,10.10781902606659,21.73284192135688,4.4473161388253075,9.261636975977979
E-0020666,1.4858263486052263,205.7365772663382,7.779029100415421,101.62094273214615,6.6629547346091735,6.570583085479746,23.745855588439774,6.871794900020283,10.075738101514322
E-0020667,1.9014925847537278,201.86906370590668,9.688398877413313,66.71833309253695,7.103013295045546,5.747789521576972,15.559075587237446,7.744523496429586,9.550274293124314
E-0020668,1.9854694218950044,155.60992982537414,14.268937604422103,146.24783005826524,8.084482265719124,12.083359196277737,11.782647498589673,3.9947564546692416,6.600572331743034
E-0020669,1.4489085517281342,189.27907484509058,6.666534234173138,72.10517823097307,10.78237705048123,6.098371544039002,26.656980125772392,9.617637309974032,21.666118878060594
E-0020670,2.155610056629758,145.4231430119219,16.135614129564075,137.39371827494313,9.116697960889573,5.8146951448428155,15.650052573906459,5.804556574214955,10.718823194786241
E-0020671,1.5595420428540274,184.48011326561743,4.41158104436778,39.59324021514459,5.2462374173419875,18.761318791114114,12.527432830997336,11.795630355339544,18.93803607495875
E-0020672,1.708790017667496,207.46783947906258,7.6737650802804875,68.17167555839286,9.113280997658531,5.973842026619296,25.121508924470263,9.28271668322714,11.2806604844307
E-0020673,1.9532170793417476,154.19530648986313,23.743907669151476,111.3113388728885,5.595344439390374,7.814809436348323,6.485138898899933,7.879089240309569,9.642036093482215
E-0020674,2.089175756151125,149.59990209798167,16.386678674262786,114.60339385601716,7.8112047254966805,4.229148874779779,12.519632656435684,5.0183790764134475,6.429652149931009
E-0020675,2.073947728052297,170.17409346564617,12.481434072634492,214.07431420104035,14.98877758216915,2.6600989418855905,14.845525420733908,4.746497692102504,9.080525195657852
E-0020676,2.3600918456316684,125.06421310098688,13.479656132376807,187.02424001697557,14.498207475155791,2.362626391770151,10.95490416708759,4.40970557819468,5.650895191330008
E-0020677,1.9408790161771006,168.53856351473746,8.440328938110307,174.608427877764,16.347670305115777,1.8655556645092166,4.732091453084993,4.393566741743623,10.395960730290465
E-0020678,1.4594946661301371,195.87765546814154,4.399989911539698,267.7522947087346,13.408510448449539,2.0295491046037086,9.610548572265959,5.078846496251335,9.776818940030651
E-0020679,1.9710609789896454,153.67022177655193,6.2294924880140945,211.96209683692118,14.230464891642786,3.074602354720575,4.633167799373225,7.913165709829629,12.468955522677199
E-0020680,2.3457577453846135,110.23789314947251,13.876344167881946,217.0258529232267,8.320935695269593,8.398051724678975,2.9651089291293102,4.338315231056079,9.21928259238885
E-0020681,2.528100128455031,83.82861093597467,14.826842269729543,293.9566991536292,5.761518225010121,6.379443694143982,1.9130913643187475,1.8210679185888585,4.788158884948444
E-0020682,2.898221818357293,52.21584731582563,14.085305159732817,179.37062596530538,6.82406115192469,3.9244374724956907,2.412632043579417,1.0395804187759738,2.852670921247748
E-0020683,2.758590644861087,70.47717327283874,15.658403481013956,310.08236545313656,5.926156422920357,5.395174202154604,2.119786375043879,0.9932024964665337,4.35123646023411
E-0020684,2.9266352864832155,53.95225854032547,13.540991935943577,183.03556596703294,5.439041347907635,3.5366604789221854,2.038871218830833,0.07765598380366046,1.1657440375147856
E-0020685,1.7793331515629545,177.06659503842133,16.63190569094984,60.96902608503286,5.536539374639229,15.437214243241195,14.166781940575484,12.558759126243258,15.48711935652401
E-0020686,2.7871939952835607,173.67231390489457,31.938261541020445,268.61103935666534,11.292789572286505,1.4904991835403985,4.596941495532233,2.242368646696155,3.453007716593794
E-0020687,2.7871939952835607,173.67231390489457,31.938261541020445,268.61103935666534,11.292789572286505,1.4904991835403985,4.596941495532233,2.242368646696155,3.453007716593794
E-0020688,2.269182793379101,254.66477236494111,22.808026009059706,129.9038894684253,12.797244260917637,1.8133673455024124,12.55828543461213,4.980641531932261,9.398833725311437
E-0020689,2.269182793379101,254.66477236494111,22.808026009059706,129.9038894684253,12.797244260917637,1.8133673455024124,12.55828543461213,4.980641531932261,9.398833725311437
E-0020690,2.3796668514174293,236.11381797847278,15.294275005816399,123.60594335108625,12.721995700666982,2.001202382740349,7.366643519253618,5.775444159246325,7.24767881567103
E-0020691,2.078777275121082,230.37100438180403,12.634627708894916,125.08345556359619,13.611047287362645,2.177163031172417,13.894681409681038,5.403406440273078,10.723341068034852
E-0020692,3.167633941538563,133.47117007906468,33.8449375307959,306.42974826206614,3.0469730205285677,1.826145596913081,2.2254478221470135,0.10758451128028768,1.6681247985562768
E-0020693,3.438665659192825,171.87905134641903,34.39879601955138,335.8028356105673,0.3828811134343947,2.301040535755925,2.800856169238547,-0.21072464806019864,1.3543946323404321
E-0020763,0.152048283977273,179.76657097710614,2.661136042242057,61.98303081157865,0.032591729077109055,7.035964729818761,63.15658435350453,31.480689626944248,46.10887446742338
E-0020764,1.946935794713121,198.13181692571243,3.48165239975632,292.18202644204626,17.05806324669487,1.320374824756172,12.9468983168223,7.371920378788907,8.96333002698495
E-0020765,1.3120318361611523,199.8756870244928,5.817964147446692,60.274256242980236,4.968274492083949,13.324240986481758,17.441745224266953,7.862405762762551,12.146873900367082
E-0020766,1.7803425662444878,140.84067671128236,4.693578970332198,63.7050211717319,7.040588075917723,6.0695228636221925,22.414225241701743,11.227116624919887,12.217355556916136
E-0020767,1.5785553063750049,138.04861533197976,6.205512095207178,50.85750354534948,7.698535952470272,7.639679196858307,24.896781668723897,9.239872849919038,16.181087881056484
E-0020768,1.481435346126787,143.87159012301777,5.235170436751301,49.517506331429026,4.808630414682202,12.506116010445517,23.462271259974354,8.465148695654118,18.464533387511068
E-0020769,1.7251433639673999,214.53960421214268,7.220713555951292,60.276641174477355,5.976834659012771,8.609910791549533,17.94506102298791,8.3962529094638,8.612426652335415
E-0020770,2.05333463114371,189.20036024078794,14.470707378841038,129.74447957268876,3.9550056549707673,7.422629282261427,13.468598158809051,5.4468910241700295,7.063188027182509
E-0020771,1.864996511617334,147.1722750247612,9.902450556962043,60.58960622032552,9.166088069731668,10.315884253548859,18.30549050722366,9.21796211229979,11.49610573907383
E-0020772,1.6872352859376245,205.0162055302456,5.307820590646788,115.23300587272881,8.75603483485386,6.493666080676039,21.196886475490672,6.821266842427722,9.96407663893954
E-0020773,1.6933298573965667,162.06752296662415,4.8416455324558,27.18436151581578,3.8382507372963683,6.3023423306434925,21.55972160986382,10.325846587549858,16.95708358850753
E-0020774,1.31883329326299,167.40600259471842,3.3106072398947655,23.894350907010352,2.1868144035410273,13.746493611115715,29.497016422386977,15.974491500889938,21.60350057543264
E-0020775,1.3338560205502148,176.73481483533118,4.324239592264958,28.576512092027542,2.9807437907984835,9.574303941805935,25.05606966019225,14.102888574157634,18.69275153539634
E-0020776,1.9576578349711053,133.74919508504541,9.389953092886568,67.2623011041181,4.413262362066879,10.221635988323417,13.838970847620192,9.30117844503554,12.27746500542736
E-0020777,1.5217411238617207,213.89272021969956,6.690257568295146,74.44191420223882,10.477531959553037,5.497262306010401,21.631264435990605,6.79036086200279,9.486662120052431
E-0020778,1.5217411238617207,213.89272021969956,6.690257568295146,74.44191420223882,10.477531959553037,5.497262306010401,21.631264435990605,6.79036086200279,9.486662120052431
E-0020779,1.689390593541888,195.93920754268154,5.445440222980328,86.58854648485159,8.667228273965035,6.892093067944432,20.074363109265377,8.071873301635229,9.848937971357756
E-0020780,1.689390593541888,195.93920754268154,5.445440222980328,86.58854648485159,8.667228273965035,6.892093067944432,20.074363109265377,8.071873301635229,9.848937971357756
E-0020781,1.5668647348533642,197.09913500587504,13.548665463262452,102.80885109496609,2.9182630692065397,14.15340200059407,19.84813467062792,8.76738984560938,8.928924349858365
E-0020782,2.059944287909868,152.34921997846592,13.224569193834157,146.65323053277697,6.025300389450847,10.094609617618307,17.74738260257995,7.599993704817508,9.431244117508506
E-0020783,1.4162472119513185,189.27932390566536,4.8021666073624845,54.28125612755064,4.673369152883206,14.548089762796826,21.451786675386913,13.129632149684682,22.963306102662234
E-0020784,2.514832561330305,70.95111793021252,6.1573988110345645,115.70266079151514,6.484910666894835,8.894154458665659,3.5307176967914184,4.2679768373280575,8.077717594207481
E-0020785,1.8176795313425966,155.72168992095206,8.998546756190716,67.75633260226655,3.429810272600394,10.65155492318773,11.04154661333849,7.633145610056118,9.45242652651614
E-0020786,1.9350634793623964,168.40981540774547,5.180849435229975,154.3752397386058,17.9670853233866,1.6773201443117896,6.329651833719435,10.46864156328083,14.133359653454791
E-0020787,1.9350634793623964,168.40981540774547,5.180849435229975,154.3752397386058,17.9670853233866,1.6773201443117896,6.329651833719435,10.46864156328083,14.133359653454791
E-0020788,1.412318575711152,221.14645524507205,7.033250925019978,104.20644776776632,7.18007456531454,9.394711665561614,13.791925878548255,7.1640300442480855,10.339915876168176
E-0020789,0.9301498286616525,223.70775687422432,4.361859386109878,101.45840986604695,7.322552009208434,10.701693525838056,20.89655809494826,10.15557710918224,18.695903365780318
E-0020790,0.8592738043097684,229.6988494625628,2.6981094769235665,37.88006630236445,0.21262835065105967,20.675251950470646,32.04743475618332,16.868013060500132,31.250436037866297
E-0020791,2.2738631086776677,81.09107417859914,52.78296123472726,228.44199288855717,3.9338356062017645,8.301609527842272,3.5549512255358087,1.5580252751125738,3.5207788616040228
E-0020792,1.6469710148962777,201.2736993405374,10.538081570603676,75.77163273294526,5.782704695786924,16.10734768707323,15.587388698790429,11.55859050539942,20.26031203278822
E-0020793,1.6469710148962777,201.2736993405374,10.538081570603676,75.77163273294526,5.782704695786924,16.10734768707323,15.587388698790429,11.55859050539942,20.26031203278822
E-0020794,1.7463776660424988,175.8775419128358,13.474486562332187,105.83244097969565,6.385823254031026,7.797601330782732,12.809931381068745,10.362387476237881,16.28643099384391
E-0020795,1.6475119201609578,196.79490642136193,6.588370086858279,56.78291528421198,5.952696479613373,10.427473892812507,13.313629339633351,11.907527478458114,17.026365094873547
E-0020796,3.2991142622136267,138.22199676789828,11.469172253646802,374.7022721648614,6.726733433713155,0.7696334553040566,6.97358861724302,8.318460459282836,10.123304421497787
E-0020797,2.830022695861926,91.2612942728336,29.220806968119245,289.64139052964055,11.933683107930037,1.5236387393968958,4.187542002533542,4.9731299986021416,8.513558956271178
E-0020798,3.3456055016623503,35.54143155995247,33.197158345077746,477.73009975130213,8.690239746985839,0.9809827060846659,1.3133492250886523,1.9495193566663898,3.467832001749426
E-0020799,3.2853693652389993,146.08801746474654,27.67775131877901,292.815700111704,5.472478589505257,1.6717090847077203,2.0377911984277457,0.4668771700882506,1.0475537565618331
E-0020800,3.163210713956617,172.56800177946974,32.68349101089627,237.22250679974053,6.1242211944029314,1.711451521850828,5.2520800398879235,1.5790945780674628,2.534070119085361
E-0020801,2.1926516544688246,142.58553956148893,25.05640285083434,415.5601023652622,11.976436137152401,1.6454987095592297,14.408151978804327,6.511238374435122,9.735880569375041
E-0020802,3.9018129583120285,4.949563963454848,34.73472370842439,593.0716516614425,5.791529443323601,2.169254391539721,0.3477701077379336,0.25407798355588723,0.037875150828137444
E-0020803,2.2664530519953683,165.62039685977078,24.96049957657932,349.34969876399384,6.539562167497784,1.5504211775246675,13.03937045993933,8.220439014879352,13.02969002016134
E-0020804,0.16008978108767896,245.23570495290244,1.3180410707148131,140.81187063289929,4.167454498821018,9.938302315435003,25.199019822869097,5.355709305568575,12.394973209478367
E-0020805,2.1923242447699387,120.97054442840522,10.828605075984687,365.83147019684867,13.687431843749728,2.1605028163628,6.808508079169814,7.137591088859441,6.6184030946601
E-0020806,1.5546254753270694,188.8602323854363,6.445263817791252,71.31330093413847,5.86945226657766,13.40689530118081,19.621802120235532,5.911310934019825,9.525353223092413
E-0020807,0.9026953479467517,230.70345427251135,6.93651209504219,68.78452297780402,6.728968189659538,9.124831324287946,28.308874135015017,6.786476418229019,11.146479795333336
E-0020808,1.790170331667889,163.8293441551448,12.082760330034274,47.74332967961962,7.297494410062531,11.329474862688567,16.02912918895455,10.989430378013967,14.818281269834028
E-0020809,1.878654826207733,162.78947843439158,9.265168174108236,63.6258231602481,10.776160900049883,7.507663568694708,18.2091007517558,9.16374200264335,11.45798240002112
E-0020810,1.5371243598229434,186.53698126622982,4.996739033180022,74.2019033894042,8.465831239095884,13.663595834035146,14.689489604516343,8.710175365033326,9.429799762507523
E-0020811,0.3058939373276529,187.22757335132644,2.138438489858216,50.300333221076784,1.8201075595949794,11.964465907151329,28.603586062857758,6.331824361490632,11.254227703840272
E-0020812,1.8005861302776252,202.3539432902978,11.701644321330168,130.09613967407685,8.135528587291752,9.120962256357615,21.55776875755589,7.289000886050987,11.935335452053776
E-0020813,0.09273822612374998,229.19436317664267,3.644724318813271,45.835992238293066,1.130438065695084,13.017127823765719,24.328309664367573,10.237101249869582,16.631898298971862
E-0020814,1.989998180920939,147.0465345944397,7.184780382637596,89.217528889202,11.295798133301435,8.687759986199264,18.403422375472353,10.81961283561698,17.830753874811823
E-0020815,0.9025362617550716,197.68596693634194,3.284205332247632,23.91284982349701,1.3176794635184494,15.48602466807981,42.50729222563959,21.822100937907596,31.586006607119103
E-0020816,1.5868454811240493,217.177262534575,8.885868798830783,91.12333814985696,5.502119473104178,14.3777020348959,23.72666538402655,8.849041003630589,16.7974149532261
E-0020817,1.5668647348533642,197.09913500587504,13.548665463262452,102.80885109496609,2.9182630692065397,14.15340200059407,19.84813467062792,8.76738984560938,8.928924349858365
E-0020818,1.227723481148045,184.17728104417003,6.740514252208598,77.43021995336817,5.222989819839263,13.667015968786197,22.593938175517454,9.452082936420888,17.327586404639256
E-0020819,1.3171928390477143,182.32602847860858,4.81395177340341,58.796287706341055,10.287804814167345,9.48989972200263,26.592604149888604,8.518329478036506,18.926441629117306
E-0020820,1.528214277120781,177.16608782769487,8.185112949824445,70.37755874242268,4.2370857900021495,10.729181709569126,23.21353950290961,7.543705411756298,9.03389845437597
E-0020821,1.73364701835937,164.69752169349744,7.129242586380508,131.42326777229178,7.910682470624616,11.176494388607185,22.763877240202813,8.412041945944942,14.652772136983742
E-0020822,2.0548814527646106,177.83704131728211,17.817824541266713,91.74279273207952,6.356952789315595,9.780745560468567,8.381143013728487,4.00059261824001,8.034601506286863
E-0020823,2.1798719350472284,154.0704268728294,14.53620565142923,114.44970766838854,5.903902425357682,7.1212249551466,5.687730616445216,4.462748234517841,8.444925294257038
E-0020824,2.1226817494950563,128.38901389933343,17.345089321667373,75.4785104872671,9.68073882150594,7.426818391783843,12.87713860414756,4.72307501739926,8.503562030431114
E-0020825,2.3841335458102075,85.29910434216822,29.408974916273227,146.53858578420684,9.370083833982076,6.144866375724368,8.627363828131744,3.3075269875741085,17.701796175535666
E-0020826,2.4566576366730457,93.3495839394497,32.06868932803089,208.422263802597,10.395376089566124,7.300279038029088,7.911577230130633,5.653860361706202,27.39326732198969
E-0020827,1.3011072047580496,199.6350762563039,3.028344598565929,52.888230996840385,9.426692905550379,9.35035313529027,25.094037232755174,9.987331066757168,13.731424606281573
E-0020828,1.8896787908916926,193.45976093239642,12.923127462558426,90.87679010840942,8.073356503967386,9.900123689075665,13.108945543470973,6.26097977029464,10.48388626434946
E-0020829,1.8973259384123478,171.38305970026028,11.740257963880532,62.66223014100615,10.204395849829194,6.635998804861139,15.643220870166397,8.187237803569197,15.07995952543227
E-0020830,1.783862242318929,270.5023165296387,2.7292316511618915,100.78039605762945,13.604213740181041,2.1573564263184664,19.271773123919978,9.780101316637168,19.003413845490492
E-0020831,2.2146553993442915,137.6552960536849,13.260600046551799,126.31801892759472,8.55485313926743,2.4968504230072615,6.82693439009689,0.6546783493800499,2.368860807224321
E-0020832,1.5668647348533642,197.09913500587504,13.548665463262452,102.80885109496609,2.9182630692065397,14.15340200059407,19.84813467062792,8.76738984560938,8.928924349858365
E-0020833,1.722091103175341,175.5442888541629,18.51149122543447,88.29047374984933,7.258653022195274,9.27849607195181,11.12323149850834,10.032649183794955,16.566237837383916
E-0020834,2.3039671262973975,104.9214910125755,22.496442584122253,126.20146451877714,8.02843291691708,6.658149598143918,7.762688486738002,5.946868537906958,10.05321497163831
E-0020835,1.6419078494522834,137.4966712183152,9.494112967099822,57.11539665624282,5.808690153865261,10.285407272909097,20.075332115492724,8.193765974315825,9.121815234659472
E-0020836,1.8726510428782444,128.73947966940574,7.001153184579003,98.89631987232393,7.730296243386343,4.755237453927503,8.435451115019973,4.905197184445205,6.37151162191972
E-0020837,1.9198777618565255,137.73827766022274,10.272741171672035,142.8604141561209,7.758479755831408,4.307027619587041,7.496322901886145,5.4668468304132,7.3499677797240315
E-0020838,1.623198247593463,140.21081612450962,6.759038981181024,57.7489668166356,12.615119739173911,5.0279231521427565,24.390228766865462,9.906919097284796,16.20004349376644
E-0020840,2.9481468744503427,121.03922753356441,51.058439834216415,765.3726352827301,15.271107938754803,-0.10384810694487695,6.863359364765609,8.728800591368348,11.456860770923274
E-0020841,3.31524115062253,82.90602494002817,41.56069253382722,649.5247201014872,19.315081686418303,0.8135259484991305,1.103519456075706,3.920725671457194,4.699229323433164
E-0020842,2.2356581772902615,71.79271827417764,27.58220342008921,413.9614091990281,10.12199715738941,2.740925808090318,9.83127769548279,7.787868391116155,9.881402797152834
E-0020843,1.8820267411397862,208.6616992002211,23.144735932749004,386.1093349344652,8.492759479367098,3.444475172104692,21.59006000555707,5.804082434093221,11.515733813243646
E-0020844,2.7737118529180735,63.904882597870305,22.068682756426405,221.63467756405836,12.267544847737788,3.2501741801184716,2.853358696948362,5.3314612207562,9.48163541220952
E-0020854,1.6677163222510725,175.11385027001646,7.610388644461816,25.501474680860174,2.5371463688086973,17.08646890438093,24.092989711478086,10.197189370560903,21.02543138936813
E-0020855,1.6983660690346043,206.05109326945757,4.09161747954053,46.579616107215685,5.469752145155454,11.17287843850444,13.100188965707453,8.389807773994734,10.908392514279445
E-0020856,1.6736782874189595,170.71896979940408,11.542515730436508,128.2404640265917,4.027411264996035,9.985621259070827,16.704045257568712,5.485234865733546,7.713572015413707
E-0020857,1.582868466325682,197.9629988532166,10.889422905733726,108.53139485258099,5.942743871360113,8.495509189186885,20.945415600864436,16.678423160822057,25.703944555105643
E-0020858,1.4893474740536519,196.85273601864924,5.3226116227369715,64.7867444515536,4.160689323486617,10.819675969904829,20.525106193681705,8.861723988354829,15.200214543889935
E-0020859,1.513367335157116,234.12383377639384,6.231371059925812,92.7679220355494,9.772729481016693,6.522757478284237,19.04810677356064,7.279140470502456,9.137670707928706
E-0020860,1.930523624869047,199.5461455709966,13.697863895307307,193.09451875088024,7.0162431174895055,6.557972863247548,21.32524490477395,7.499432076805272,9.829918444218112
E-0020861,1.3880680482153527,204.44638017593934,5.563639199200565,84.0520903562117,6.154509570542662,11.459712439560509,22.67705358162096,5.737115940510469,10.931704032841449
E-0020862,1.552604588013064,191.92816460117092,8.094441509392663,101.19666156874369,5.293678361022913,11.076976123372702,21.993543819536313,6.335265944615589,8.220791679729844
E-0020863,1.5920745274199155,222.08517929060204,5.951525956663104,104.10702688507885,5.159174416309499,10.634027903008477,21.854593023103654,7.4729747171412235,11.858900729972914
E-0020864,1.5920745274199155,222.08517929060204,5.951525956663104,104.10702688507885,5.159174416309499,10.634027903008477,21.854593023103654,7.4729747171412235,11.858900729972914
E-0020865,1.5790705437546502,171.54285305815625,9.254179798578443,95.36704988708034,4.078665093189461,10.31743643577807,17.35694236524592,7.728001489308298,8.466176014385812
E-0020866,1.3171928390477143,182.32602847860858,4.81395177340341,58.796287706341055,10.287804814167345,9.48989972200263,26.592604149888604,8.518329478036506,18.926441629117306
E-0020867,1.3059310232708374,195.83733825802216,4.8057838884156014,113.28001527378176,7.030811013389303,22.089066785351534,26.352405761844402,9.776323511480808,16.681604123538875
E-0020868,1.3072669464442188,206.82096062331848,6.284050356114597,109.62272352542449,6.267008671110574,21.18658380253752,28.052526127506457,10.113995207452387,16.22092848248381
E-0020869,1.4806304221450497,166.34978292306795,7.351221524377383,112.68299230557855,7.518474132840803,21.7577567776069,25.767738586501515,8.393021969109963,11.767205393642561
E-0020870,1.5410684466494942,201.80629725176726,7.5674932519403235,95.34897221173178,4.192367888610578,10.825478856039272,23.273919961027357,10.088755548516007,8.773250753404529
E-0020871,1.5410684466494942,201.80629725176726,7.5674932519403235,95.34897221173178,4.192367888610578,10.825478856039272,23.273919961027357,10.088755548516007,8.773250753404529
E-0020872,1.7315755426569313,184.98849017514314,7.228343319539993,58.08604049869209,8.680714144670198,10.791994214487932,18.32295001475945,10.962370859857892,16.46438633584665
E-0020873,1.7315755426569313,184.98849017514314,7.228343319539993,58.08604049869209,8.680714144670198,10.791994214487932,18.32295001475945,10.962370859857892,16.46438633584665
E-0020874,1.6881472470847285,220.84900259838903,7.226531355288541,48.26405913752274,6.980697149588173,10.77517945815221,22.567588613768166,10.472977969000343,15.942588560872998
E-0020875,2.1820790747403764,208.77849193763296,5.515222045158965,117.24820285530217,12.99765965858692,1.9476686925964684,16.550116388470848,9.503077134964162,13.092464186245282
E-0020876,2.0985084618368504,167.37077454546534,6.782770360912967,247.81283750422824,11.483561813426883,2.040309241406596,11.670485658681732,7.412867426462213,10.124761333655433
E-0020877,1.6597288207100032,180.11091866410362,7.855056584607915,89.02232983964619,7.8899508423153115,10.999466358479067,22.385309811211172,10.386338135361234,17.6439124762702
E-0020878,1.6586349770299331,180.94345181323524,6.583478372705796,96.46941414677036,8.101198921352005,8.764641087752665,21.467292300827097,9.127528501102223,9.677055726509751
E-0020879,1.5668647348533642,197.09913500587504,13.548665463262452,102.80885109496609,2.9182630692065397,14.15340200059407,19.84813467062792,8.76738984560938,8.928924349858365
E-0020880,1.2739739635311997,218.4723943517775,4.884375605860072,84.23467193176667,16.308173321532166,3.354947018412912,25.650954039346175,11.550979684090997,18.203420956285438
E-0020881,1.6698350342990949,177.64860265970185,9.949332977049403,59.933843407642996,8.12067331880014,7.371457205867059,29.97722627915692,10.039362497470263,13.72216953747297
E-0020882,1.4963407693798705,169.48333084556805,6.2752620136968265,38.52738970763076,4.063516991068365,12.133054717620107,13.276541765722282,10.423431511691689,15.070518458607907
E-0020883,1.8806716136906352,127.86827972404133,4.3345509595213585,89.79141343189293,8.884600735258068,2.8131217897494625,6.171589417474236,5.9132082414797225,12.280443832610006
E-0020884,1.7339000000127303,181.3357524503465,15.025832397587653,102.00772680924972,5.91204824101142,12.832787044359922,16.51185686148073,6.69207322206568,8.805725867526665
E-0020885,1.8232368719385177,251.2438795012811,4.856284756500485,32.69704498369957,15.922094724960049,2.5185291611339755,18.19145830317683,19.145235204022434,32.16251236660607
E-0020886,1.9527309716778172,105.42476631953015,11.807196571727395,96.59617094295795,16.429447974244802,4.803409483156643,16.660125934664457,10.932948626547606,15.48347632836872
E-0020887,2.3371591866960473,260.7198191572753,16.2378916487222,234.55712720334435,8.40072603352166,1.6351359556142342,10.34599724399842,4.238649208867225,5.957699329703832
E-0020888,2.8416399192321053,201.95047200054012,33.766572099213036,373.0707219775398,5.229076870610489,1.3317432223691754,5.5076373512183405,2.514676527477378,4.776139488991324
E-0020889,2.9042186604272704,160.349751321599,50.53618207680141,764.6017610557526,16.186202984750487,1.0699938181756945,7.430758973541617,7.529400897449529,8.47550864226471
E-0020890,3.929456059340515,24.19235747912313,38.309424487704995,534.0357824770442,5.606809876833415,1.2602170371480828,1.2783099332101155,0.5083165744194438,2.3773333418566023
E-0020891,3.8955301573907386,34.121042682957295,53.78749227904447,558.6135292378825,5.525143715268191,0.8976113530347203,1.6806550847716482,0.6464259285830298,2.1316040892869323
E-0020892,2.4696513916600673,189.78868655139618,61.43782407436447,507.73387425241634,5.748641822216725,4.493313975946298,10.50079890747205,5.222204333427445,5.552390796148284
E-0020893,2.99459485908283,28.101211010968928,38.79582348747497,364.7050527188541,15.184371035937742,2.6693463647680638,2.919286440397608,4.017402327960268,6.162725816475174
E-0020894,2.0785962414089427,142.76568412937095,11.791249461122762,204.1610750414162,18.212051101844672,1.727783990583019,13.120201680045579,11.440285361513322,15.059886520722449
E-0020895,2.7924468270744023,151.06886992586368,28.11636881070183,297.52210224684944,11.839678157039145,2.7079821526521233,7.6474221839725685,3.3988272884344295,7.879091504522032
E-0020896,1.190132420364601,203.8666789440207,2.618267627522869,31.106992039878726,5.5916734435451785,16.47579080787792,21.14906393583017,13.547598055290837,26.001669305960903
E-0020897,2.090253159797872,132.23339056055477,16.130823167127964,183.97349651119114,11.471515588965353,8.32977303471884,13.501676161840418,5.858827332462903,26.383845166461082
E-0020898,1.6478952172590706,168.50028012699437,10.243309234816811,52.10243451513045,6.33189059183531,7.109267465541635,21.10123815374231,7.510153683476365,10.10503275904823
E-0020899,1.2924214114690553,226.31287761621218,4.752751636621385,81.81407726327295,6.071320783736382,11.919986745982728,23.95202748204671,9.533814011744791,16.225433177135557
E-0020900,1.9404185228249657,179.88688110591227,9.875103393246016,116.7784315309824,8.227633753866282,10.326345710564413,9.401691012675412,6.14008835812009,11.537350168359188
E-0020902,2.1606994911376516,122.63602382449291,12.229554720981078,152.9048124381395,6.250228245844855,9.321707684916316,4.78371532052298,4.7024080184951265,8.804189516747694
E-0020903,1.6016666419557883,181.3079030323218,5.433084551090982,27.52820726743235,11.800716011482592,12.622341840327916,18.129094570261216,10.67721596267607,19.98131558051442
E-0020904,1.7757693051273302,218.5867393878476,12.58530323242598,66.62356970956324,5.426868714510363,11.625445404988662,22.63637703895927,10.14217624625979,16.259835350482646
E-0020905,1.7757693051273302,218.5867393878476,12.58530323242598,66.62356970956324,5.426868714510363,11.625445404988662,22.63637703895927,10.14217624625979,16.259835350482646
E-0020906,1.7526125288954622,183.15929720467705,8.870875496949656,122.608432632055,6.013356784227715,10.363993848190757,18.798463548091426,10.750436548596742,17.307045141771482
E-0020907,1.9278066003311105,190.96803722215597,12.110409096606586,36.46053595782614,6.978088713252466,12.254017393179373,17.020345909115413,8.137700683434044,9.493981594843413
E-0020908,1.4549196220236826,220.93841393465948,5.29293182882293,58.1999330604439,7.460360128827976,9.918284872470627,22.143331353384113,8.106667244346738,12.91415808321851
E-0020909,1.9808347531527646,121.79672897039764,11.11584249750134,66.34241334468241,6.779565951344869,9.539264751536654,12.690618414484929,6.464127202004791,10.096563316469792
E-0020910,1.2871344609909134,210.87029724316122,4.632482487639319,87.95313558962864,9.809638196790777,2.474653013760252,32.90664304074235,10.88221797209077,15.709832676309045
E-0020911,0.21631626872501217,255.91182785942834,4.303601207760405,21.270894058378577,5.3692901246015925,5.750591383697935,45.8234844411073,12.644720173985057,20.982156909562608
E-0020912,0.9174589863041291,241.65252574272506,4.63226630788831,26.908713970692762,7.648848706734219,5.807703846996825,31.69098077065039,14.407410552071378,27.815734276205013
E-0020913,2.0046607628530593,160.97749911171883,9.539536813650061,186.490002778083,6.057115778813321,5.262489853240823,10.933669454052028,6.118934488076509,9.705747187475266
E-0020914,2.308990295444822,122.40811219890374,7.93848104670653,198.86154343336707,11.605559574028433,3.345619522042613,5.904314666965286,6.057634467934622,9.567869169589278
E-0020915,1.829134036258882,180.50846614910728,15.114446571378096,140.68566590849989,3.937591274206496,6.934672963228292,13.328695967200142,4.2805467785382705,6.536923217140915
E-0020916,2.226864578589134,147.9939130791636,18.871020401382083,155.2575184230064,6.681096361459673,3.0448849750838693,8.25171502433021,3.8063069954077062,5.070307194391319
E-0020917,2.2454070696572335,135.59244572409347,12.352616095492408,139.6678957797881,7.967176502106058,5.993781779676499,11.24205003683574,5.281595414920181,9.363397605396848
E-0020918,2.7346576351980993,98.20575400769965,14.696514489460856,139.76938482444544,12.822742754787363,3.038614781097013,3.91229598038469,4.824245329178904,7.343937469019712
E-0020919,1.3791360579594083,228.43428362355968,6.059590969142331,134.39822151799316,8.607243387231712,11.568987597768393,21.8502223103717,9.121403551046221,16.22448730719893
E-0020920,1.5111047299719296,217.61622202645478,6.801290688518787,61.24047043724034,2.7603928304256633,18.9609139599624,15.523450150807392,4.407907280881945,5.891210687057952
E-0020921,1.0800942485282068,239.34540861963572,3.2772849406560054,64.4456329580404,4.166854079002665,16.785331941556613,27.823343881431825,6.272958964420071,9.54394607341854
E-0020922,1.7339000000127303,181.3357524503465,15.025832397587653,102.00772680924972,5.91204824101142,12.832787044359922,16.51185686148073,6.69207322206568,8.805725867526665
E-0020923,1.5020345609562056,163.71784781897458,2.834910841215635,74.10958831608731,7.774494887750647,8.648617737704546,23.917289360492695,9.499125949933465,19.982784707730588
E-0020924,1.5020345609562056,163.71784781897458,2.834910841215635,74.10958831608731,7.774494887750647,8.648617737704546,23.917289360492695,9.499125949933465,19.982784707730588
E-0020925,3.3890405849389875,39.80262660135523,26.37898174297672,163.89456167086274,4.37089946665988,1.8368918953280557,2.7210994242027713,1.2572699190370165,0.7875122901305005
E-0020926,2.1999655564655827,153.33333219205986,17.0798591653289,160.96349714405784,6.081009847362301,11.066256251780317,8.648456978308506,4.5342216889270635,7.017084263207453
E-0020927,1.6516952446917723,199.48440007180054,12.840415809246677,122.52021208250365,8.218263405742782,11.133503411195914,19.22834714828858,5.000251917029932,8.68573603883014
E-0020928,2.2152017963214305,128.03038564731384,14.538677982890624,207.3131126307583,6.463934804669946,6.168802002677414,12.036675444205207,5.302364912410568,6.5143443507695205
E-0020929,3.8891282586956213,52.80390333672921,167.5120860974818,596.2880674558726,3.3704793863391482,3.6197760833814367,1.2824126147072739,1.8823882568913788,1.2323177415308704
E-0020930,1.951260235422763,241.15403248884144,20.920250806465585,218.3195149859808,7.804414088485829,4.84955929872153,19.571799215794734,9.683498865467348,16.04071393343122
E-0020931,2.4450408107033965,189.4205183249889,44.39513895684835,710.2798771550013,8.740487004831095,1.536223773970758,10.284631555106376,6.650433621698252,10.398541960769476
E-0020932,3.5958438614922246,32.924235536956566,38.11944042663129,1443.2852309031725,8.376789466670072,0.9894080731079578,2.3976163584942385,8.101323121337678,7.317228080055871
E-0020933,3.415479397093569,72.54387844305327,53.63298318478489,600.1181657053612,6.443232421861147,1.364097258639218,3.769182835843946,8.716741288245487,7.447760689714498
E-0020934,3.541535224681059,84.07008808808851,38.49067415618573,2368.595446515895,17.610481469106528,0.8620448572901267,2.373150008763483,3.7498202882781158,4.707827275174309
E-0020935,2.972389398706125,115.71318707949838,14.950523874079051,1852.2204754197749,23.385501190626428,1.7964715602963184,4.339279061995057,9.680705970872452,12.34155720080137
E-0020936,1.9360906588808942,191.72075782464952,15.195612948443706,97.34506972598412,18.463615258883863,1.7089080069907676,20.238145443649127,14.297809064399136,21.601952000932542
E-0020937,2.824590245890865,144.36293948992386,42.301550216899194,571.9010841780583,21.150338308792094,0.5960522115806719,7.097858015303489,9.126286202150826,10.95538993703971
E-0020938,3.698242352083409,19.678516228003595,58.25099469787604,326.69289908650893,11.11283878322076,1.6816902159212475,1.1294895306857238,2.495116166874733,4.223773911620573
E-0020939,0.9818310306497473,150.41177586995389,2.2623566403987563,18.435706541761984,2.7553576226735084,27.73389606604394,38.657096917702354,20.178161849772152,31.536950311495154
E-0020940,1.3902203543612304,193.3515839305469,5.261599382103452,67.43327754839908,4.002556379316898,6.6758022244592485,25.521103891342932,12.3841452940489,15.416077027899973
E-0020941,1.9194627823604173,184.331884755715,12.43053713080597,99.76980572160181,4.970409939392054,12.982149677487186,16.759817010482855,5.422925071754748,9.55032545151913
E-0020942,1.7932346204050522,163.15008310542774,16.476500926542695,87.1072946265477,8.12336924660216,7.972608521930754,18.90909610806459,11.389713800822864,18.93731257541163
E-0020943,1.8568409296640573,156.11553033997325,17.55551144452354,104.70334746257997,7.182100249320016,12.899138525511503,16.04319039512042,9.681988908521525,18.875296141741117
E-0020944,1.7932346204050522,163.15008310542774,16.476500926542695,87.1072946265477,8.12336924660216,7.972608521930754,18.90909610806459,11.389713800822864,18.93731257541163
E-0020945,1.8568409296640573,156.11553033997325,17.55551144452354,104.70334746257997,7.182100249320016,12.899138525511503,16.04319039512042,9.681988908521525,18.875296141741117
E-0020946,1.5868454811240493,217.177262534575,8.885868798830783,91.12333814985696,5.502119473104178,14.3777020348959,23.72666538402655,8.849041003630589,16.7974149532261
E-0020947,1.5868454811240493,217.177262534575,8.885868798830783,91.12333814985696,5.502119473104178,14.3777020348959,23.72666538402655,8.849041003630589,16.7974149532261
E-0020948,1.5868454811240493,217.177262534575,8.885868798830783,91.12333814985696,5.502119473104178,14.3777020348959,23.72666538402655,8.849041003630589,16.7974149532261
E-0020949,1.2924214114690553,226.31287761621218,4.752751636621385,81.81407726327295,6.071320783736382,11.919986745982728,23.95202748204671,9.533814011744791,16.225433177135557
E-0020950,1.2314754808136565,191.5960546280891,6.438719451891363,57.914600025563225,3.4279676357484954,16.985242055677784,21.08005462118171,9.948762130140224,18.77556547099398
E-0020951,2.4428828795068442,120.26115654318586,15.471515754440862,152.4393044663674,16.57927133385757,1.121765843327009,7.429100463600253,4.427747603163889,5.096949561447673
E-0020952,3.0257427784500264,54.884395711926395,15.750256087678999,161.32191467518706,1.7295824030910762,10.5384859563592,3.498755032205906,2.297656512659138,4.478081428585063
E-0020953,2.7256826371637537,62.74384713731833,17.13556802665355,171.37278667786813,3.6281860501942917,6.621762491186686,1.9066181849333486,2.210176448395227,4.0813801564481444
E-0020954,1.8356858015995923,186.24855465165564,13.2133581658097,142.0719506500836,4.768479665061845,13.273067316915373,10.550822632147163,5.193446466554407,6.339902903669154
E-0020955,1.7549274453654538,220.2194066811433,8.270428539763865,44.761293703104776,7.531853703836624,17.47162341895335,16.26107948886478,11.439747875208305,14.946499508530787
E-0020956,2.2886147714988914,177.27437268172383,14.587689487075371,114.48581992285449,11.730848334997525,3.890450892349032,15.696913140855393,10.503039682595219,12.35929306653665
E-0020957,2.1999655564655827,153.33333219205986,17.0798591653289,160.96349714405784,6.081009847362301,11.066256251780317,8.648456978308506,4.5342216889270635,7.017084263207453
E-0020958,1.8543619239927334,165.32368137860868,7.26510888051787,244.50056174726276,11.73629915688826,2.499612443171818,11.097928159381114,3.975703135804448,4.297109953127534
E-0020959,2.013251265575721,86.62199830308126,6.425036548133776,245.7370875776601,14.117348148506016,1.8781600527772278,10.851191846966548,6.4199957132674,6.5214803032607405
E-0020960,2.15076675778719,88.57865811023872,9.976046583369872,254.99626758399106,12.238745200749339,1.7441630995625386,7.571882558696823,5.379451211074119,4.106059563004836
E-0020961,1.9056436280652376,144.15614282369327,16.816040780226526,131.47655194045078,14.738424004955382,5.334142845844302,15.826103959996196,12.103442899088638,15.595434223567766
E-0020962,1.4606426108704595,209.46605682526032,13.091017453521754,83.94860665640232,9.344477182760492,7.684981351307897,25.153974011528465,11.247941443957135,18.258861747076093
E-0020963,1.567513254146068,195.38905238131264,6.429931231537453,82.16757775958688,12.115829617705812,2.119658968056635,22.269998963517647,10.58909196475892,18.062984152655908
E-0020964,1.78688349907468,125.64397011599686,8.835842359158274,180.66497343082776,8.296424427835218,3.6158398899226634,17.328430415895873,6.76554829444186,8.185472779966753
E-0020965,1.7386637796565017,122.40229060237841,6.964761583724526,160.89804748846493,10.555031105229938,3.7456610804321158,20.531241425543932,10.889658120348948,16.407574380669878
E-0020966,1.4415081824154012,207.26320753030885,10.97498247073757,103.92164563339578,7.651319067778577,8.317670276558694,21.594880340038053,7.216584438545246,9.491917530210035
E-0020967,1.682754766364328,234.14456561086402,3.081723486661911,216.94230586446648,21.26553248865364,1.8801680610161224,23.812217711436634,12.619493776179826,25.2055594244874
E-0020968,2.054500756584381,268.09478846601644,25.98017318818278,257.6989891212341,4.51173585133327,3.063905022567732,18.59452039207426,12.420968553759902,21.4365204174364
E-0020969,2.7184833179892935,166.53033370548394,88.96736611809918,491.9712180874276,8.125069801800787,7.779965416496481,8.630350508524042,7.715192698176385,15.224726876021165
E-0020970,2.845224136458646,160.85755256557042,111.21379066356774,907.174026421273,9.258303653881418,2.186878589569067,6.9497352649464466,3.834692868950664,6.848330509697575
E-0020971,2.1740946820761335,242.07495427608973,28.687881482293662,111.51463351587212,9.788011073310315,2.004596595074906,9.874941338588943,6.617291626350082,12.078538336637417
E-0020972,2.935252561267752,153.43458347327646,55.706631235275296,227.74193591804752,7.329002146345511,1.5135560128942993,6.4971125575979,2.594383343614803,5.12364367502363
E-0020973,2.092871368450736,231.17988075855845,21.672224687284327,232.45896033165621,7.697067125009929,3.4056728979653137,18.005808025328975,11.101943825968728,20.252001969187358
E-0020974,3.372972773436885,44.66358057059631,38.40591709288773,374.5006454011659,14.005552431016271,1.8789067037312728,3.4409922087220597,3.191927038513632,4.634850559365353
E-0020975,3.1006690042998786,126.7497840817251,77.09685195375016,825.6034468281296,10.35030570073179,1.9410809469560415,5.898275846483131,5.180791421760261,9.975137994925582
E-0020976,3.0021889837794973,137.61228278305714,97.96192152380264,758.9675401560163,5.886873697087751,2.240408398392491,8.190225318028123,7.435204300118664,10.462351239488388
E-0020977,2.4182100031528027,230.36973719036877,17.267501717630402,392.88980594735756,16.12346302821497,3.6095415398047535,12.340129617641361,7.645049514324381,11.88682961121511
E-0020978,3.244334886740418,100.44082557961909,123.5063797018902,578.6623392389811,4.990137470494697,2.623134217854213,3.801557868583603,3.86465000281181,3.4687001877646915
E-0020979,1.7414312571962625,114.15920376219691,7.062168232656479,124.07809199153793,7.012345277450923,9.050806502648845,20.474400862591096,6.630421333505794,8.603005883881535
E-0020980,1.7266227364497586,162.47291894002947,9.321169932635078,71.52670214406552,4.971773869702419,12.461864055853592,20.692144349728217,9.38477928357875,15.17575575060677
E-0020981,1.7266227364497586,162.47291894002947,9.321169932635078,71.52670214406552,4.971773869702419,12.461864055853592,20.692144349728217,9.38477928357875,15.17575575060677
E-0020982,2.070801017953153,129.01619590323017,12.139092572640191,129.82801783327417,9.252963263813445,3.833820459383243,6.083971777801888,0.7379174095541118,2.7587452771765366
E-0020983,1.718260665735344,141.39658396582672,11.213527134497307,41.63083594561507,7.408360360976332,8.568705178959982,18.961730504576767,15.77812193478529,30.443705492871416
E-0020984,1.9683364406519968,165.8843657754893,15.531946312790652,135.52116469190037,11.867311129153428,5.265458886218563,19.830475649140595,6.422150031940282,5.85578161525204
E-0020985,0.3914711331470213,221.20251941497116,2.218691178259132,45.9420675813771,6.226979759093005,4.2620139169472955,40.88288199604128,12.859303177455942,18.12864693832681
E-0020986,1.1875465925790643,205.65323916567795,2.3376566823874385,60.1619832928241,9.20557321638902,3.8064106276749667,20.7290645823799,11.546836630905304,21.101764777111654
E-0020987,1.1888263452746592,176.63433934646673,4.981940332934886,57.36814464475829,3.15852743403753,6.824212330235736,24.4742835358671,12.238715050162348,17.864517852886753
E-0020988,0.88534093245542,192.73788438281508,3.217591534097645,26.034121211511025,4.4389505960985325,9.584173547711085,40.06195145573699,11.807131909565852,15.960824458963806
E-0020989,3.346609054522049,16.495136409353343,16.672362076040915,131.45656595905112,0.2354729040046174,9.130128982619027,2.473223481194035,1.8638232915853559,3.0836874112888903
E-0020990,1.679575901227997,188.56664706073786,11.862337530638062,132.21065913875253,2.8437968066925574,16.699753301735445,12.829852496593132,8.399419431067138,14.595764928771404
E-0020991,1.577346983987245,194.43468196347038,18.250086929589838,116.10949023964272,3.907782506670068,15.406453922889085,15.58961264262308,6.8767460177304045,9.216412944905894
E-0020992,1.3338432061682588,212.87593218354874,9.57418193981848,94.21735245607196,2.9780507631133495,15.999272257482374,18.75755476947961,8.180167482902547,8.832904612991682
E-0020993,3.2009596923772543,53.78005668539344,14.708430027400409,210.40374654636258,2.4097628961228095,5.104130109979004,2.1952608665842237,1.274102241621705,4.475221910391874
E-0020994,1.577346983987245,194.43468196347038,18.250086929589838,116.10949023964272,3.907782506670068,15.406453922889085,15.58961264262308,6.8767460177304045,9.216412944905894
E-0020995,2.1608748324585316,150.74426113101788,13.432250563720094,89.93649192835085,7.002820400239164,12.291175626719047,10.942152527275548,4.369981826820751,6.77808103263526
E-0020996,1.705179699692571,178.40943285307085,6.632167924150258,203.0761243383313,14.680094028425492,1.8780214042554877,13.978835971457789,4.86688510947018,5.656801328160744
E-0020997,1.705179699692571,178.40943285307085,6.632167924150258,203.0761243383313,14.680094028425492,1.8780214042554877,13.978835971457789,4.86688510947018,5.656801328160744
E-0020998,1.8543619239927334,165.32368137860868,7.26510888051787,244.50056174726276,11.73629915688826,2.499612443171818,11.097928159381114,3.975703135804448,4.297109953127534
E-0020999,2.212133550915148,81.73460174271875,11.517844784278338,189.25029476456126,14.97372709652124,1.6955938883759134,4.9818496254745055,3.7671556701148488,7.214037452828905
E-0021000,2.121631519826798,73.59712741085977,11.533203380437921,198.50727841786627,10.345888430887324,2.7345946490322053,4.798080155952512,5.521995466414561,6.733382349227727
E-0021001,1.6694200511709865,171.39399862253475,7.580716475794439,88.95917778597757,8.255295805996642,9.834755002518127,25.124990290434482,7.339586894957735,8.631268945537096
E-0021002,1.6293601154265351,125.68507197584488,8.949589800208853,81.8414883782972,8.479118546919903,6.89547390147672,21.393063968612623,7.848137265831792,11.826716399246589
E-0021003,1.4415081824154012,207.26320753030885,10.97498247073757,103.92164563339578,7.651319067778577,8.317670276558694,21.594880340038053,7.216584438545246,9.491917530210035
E-0021004,2.3321710184493547,130.70284005868433,22.00765164344154,240.68472085529902,7.168823938522045,6.523179051604361,9.664800842371456,3.381662476451059,6.169346886569226
E-0021005,1.5625260570296013,242.4469085329159,2.4592664365813213,140.72101461346398,21.421719366560634,1.8230779544912272,24.543309868093342,15.302500702033065,37.81260383909686
E-0021006,2.6278757176907797,105.76844464417847,18.647686252475513,439.55620966652583,7.400955062318291,4.9138169610809435,4.757459583204161,3.8652081982193716,5.531919395544482
E-0021007,1.5438071013493628,167.88078734019274,4.785527975531893,47.515441951311345,4.057975221662259,13.568444065285076,27.006240886722463,8.543390324392346,8.961477905833013
E-0021008,2.028638889394725,144.71525600331026,13.043496670919552,234.4391319798557,7.9805832574028015,4.771433366414098,8.656865558283384,6.882299687485324,10.730270181132527
E-0021009,1.9965305984082906,113.3996151550202,9.904028130544617,318.0779306310084,12.989718356378777,2.496320886489221,11.208891133906274,8.970481313386443,15.847144130612625
E-0021010,1.5263563740269823,220.4571330065487,8.292018838252718,56.593759654461735,2.514678067955757,10.195977109648046,21.780303593665042,10.05182931001633,15.580467629538862
E-0021011,1.7583328377184486,195.87520532093293,5.015906025980545,38.176328566708115,6.02621514299923,14.425511681118591,22.323994113837838,17.68447649742293,19.33632441746871
E-0021012,1.8052274589380608,142.7391770326854,7.633807418767185,53.24082772667822,3.5083689904301183,15.664550588784262,13.578326804051665,13.594329606171796,18.501553518872548
E-0021013,2.16680380063209,134.21819228658023,8.522146128727611,103.73052141335387,9.25664761770173,7.684700971497603,16.827329099722697,7.4037675175413815,10.814372582770408
E-0021014,0.17862672522804834,240.51279314209768,1.6059317477766388,26.651395812981956,-0.7887911786473512,22.427818671493178,40.353426836553275,11.733315921664774,24.132501054162287
E-0021015,1.9688515580378958,135.12894924337604,11.936334727352582,75.48659636163588,7.047748023635907,5.679097040995,14.098363462727916,7.407141515633572,10.168774597065106
E-0021016,2.080447306982746,137.96802782448063,7.843333198595184,83.31185349415155,12.647388390210299,2.5871362048019257,12.295715049332127,7.074016398511624,7.5061627691255
E-0021017,2.18334942292162,109.90189078529701,19.039923711689323,253.75774121653942,3.643488558730829,8.83193463489765,5.957081596614193,3.6976847755525655,4.188170667073966
E-0021018,2.5043556052252374,113.44534640700337,14.768688170745031,209.7801595544147,7.685587049065248,2.7555521987784957,3.0974017543656895,2.310737643469435,5.028129548821421
E-0021019,1.679575901227997,188.56664706073786,11.862337530638062,132.21065913875253,2.8437968066925574,16.699753301735445,12.829852496593132,8.399419431067138,14.595764928771404
E-0021020,2.264658435089088,149.40559697464732,6.501601439940834,113.04526933442021,9.422091627323583,3.7137706393887027,14.56578639390927,7.586821208532977,11.339243548848998
E-0021021,2.235896813614737,170.1377236477881,12.463393396792844,161.66605405928647,12.586338166838436,5.353423115793042,16.064123238030703,7.731239757700847,10.346145056000912
E-0021022,2.569057626853427,73.19224999845002,14.298495963216912,77.50610481182429,11.367501988988163,2.5953204812171844,6.447082643030137,3.5351546567388574,4.544916596607265
E-0021023,1.7866566134500088,173.56137884130783,5.890059350293272,265.8703196260573,11.836696562734861,1.4349544349778194,11.189569682848722,5.422736733906358,7.466865011729041
E-0021024,1.5216112071765173,202.48519551832243,7.459576429124057,66.41142515718481,6.189528398356332,8.568081530926698,21.10841884547593,8.834569137320976,18.07263673451674
E-0021025,1.5216112071765173,202.48519551832243,7.459576429124057,66.41142515718481,6.189528398356332,8.568081530926698,21.10841884547593,8.834569137320976,18.07263673451674
E-0021026,1.5216112071765173,202.48519551832243,7.459576429124057,66.41142515718481,6.189528398356332,8.568081530926698,21.10841884547593,8.834569137320976,18.07263673451674
E-0021027,1.5216112071765173,202.48519551832243,7.459576429124057,66.41142515718481,6.189528398356332,8.568081530926698,21.10841884547593,8.834569137320976,18.07263673451674
E-0021028,1.8121119147089395,194.2818705251811,12.27899135453288,200.37885890242256,8.198142167955861,10.577854289333173,19.574587659296178,5.009192456173477,8.67485848256429
E-0021029,2.029025964207129,216.26989743145768,10.886558215184515,128.42970209369093,8.02770535035739,13.644273786423222,16.8545310587842,6.013363524146859,9.227239128232068
E-0021030,0.5187320896160867,240.77329982467396,3.615165998474188,57.656561504387355,4.423496175826973,20.754761459468263,24.40467802034673,5.1799928981272805,8.906171644439286
E-0021031,1.7976340267519537,193.93943303215434,14.035741756402018,133.84392564058246,5.852494097929675,14.191115923979263,13.954902979046095,5.442442223087613,8.654428644539825
E-0021032,2.895517745946403,66.76677572842848,17.238049831332237,141.5436783324427,6.090576604561624,2.5838176484307533,1.4033261719179206,1.2375915981974943,2.134741793052202
E-0021033,0.8344289037122328,230.19738096582412,2.500439262692566,132.14135932577727,18.584270649528193,2.4845177716421403,44.87065066647459,33.5271130981713,44.08690366466871
E-0021034,2.406063880484501,66.70096905421687,15.65374332370071,188.76832371105152,8.08628206819565,5.986222556972834,8.338318568171637,2.8327931279126806,4.047437454508859
E-0021035,3.146121304020776,41.102130687535684,20.351697761780965,253.44760040100311,5.4458321482864545,5.921349802873738,3.732785272293035,0.7848870585486101,0.2634918211794548
E-0021036,2.110297878397561,105.84952167872366,8.779599754484494,119.27291697894992,8.685369078167888,8.643258542152221,13.987069233708265,6.821744952443666,10.49787755768723
E-0021037,1.8463908452599096,143.543820577462,7.350007630541958,112.82874367079009,8.291760134853284,6.0417615025916005,21.785323600626224,8.574149866921903,14.860553236796342
E-0021038,1.8463908452599096,143.543820577462,7.350007630541958,112.82874367079009,8.291760134853284,6.0417615025916005,21.785323600626224,8.574149866921903,14.860553236796342
E-0021039,1.8776090938277028,141.39500311508112,4.239220409990872,61.60376459133688,11.08476264932822,3.392869924407035,16.1860716808051,11.649543453295168,15.204976239635215
E-0021040,3.041387665314452,73.33599449526997,33.08577314741471,244.76880223880207,19.143459942559005,0.9811489921194392,6.335241698849037,6.717262241566,7.041900689227447
E-0021041,2.932897596933312,199.3380965490483,52.91578018906353,498.67718285491696,4.054950016493146,4.990770048165298,7.361862609700685,1.8494352782296708,2.3157512601841748
E-0021042,3.317722673193124,129.84130959282845,72.62038723197648,726.6692983086502,5.311181364575739,1.9585309039517975,4.214904316998593,2.0651668531236522,2.360220492147661
E-0021043,2.586237545788171,114.63711242733443,24.767439754601035,352.6282978357256,19.149514995274824,0.6196411988008446,11.235919126245939,11.35199648171275,14.245370080892696
E-0021044,2.774512633400036,139.7608488436071,60.75423260579498,812.7298174625776,9.874460252124427,2.1294234211728913,6.97404407019997,6.3673994589099525,11.140706443123076
E-0021045,3.3283287411683524,57.27482806411388,37.56556651476294,317.79193936209987,7.017737042008461,1.9358825347763684,0.2132392460121172,1.7210184430838171,4.494890622749016
E-0021046,2.3960275616374775,147.10089014254737,10.004435002044943,409.50612391621206,20.606781107537977,0.989350891317906,6.427478861784654,10.184496220170669,12.390771684727854
E-0021047,2.855661822740177,114.99048560702256,33.01393885903939,474.8164376538498,21.86994624858549,0.13597760699698896,5.409898749343133,8.649470346171134,10.917496711236609
E-0021048,2.9307354143702486,53.02415143991432,21.469835270281994,205.30879334484058,22.92290869103304,1.1034115066756724,5.616432918388475,8.66321764689214,11.29237673919948
E-0021049,2.68365727847375,134.1703147261856,28.993966790981705,520.4571904544018,20.382112380803733,0.9803415184875365,8.82816009433611,8.491499934347338,8.439908253786026
E-0021050,2.133071242845608,144.12181422012304,10.122337201041818,179.2013128539738,5.345377981115519,4.6154807850677955,16.688695564301643,9.420815964151236,9.796293802452215
E-0021051,3.030068155712993,56.296736352180375,18.64308390107216,385.2998195419539,22.911251519815345,0.9934142371979007,5.010658238401313,4.952674949673217,5.679647655188125
E-0021052,2.041644029704919,180.31584888670616,7.980440772266929,50.02134938087249,22.813704518272402,1.722944952827126,17.950797555189013,11.882361954549532,30.918534800626773
E-0021053,2.004917246147291,191.0819437271746,5.07768503455546,133.09170410726747,22.628858040992537,1.1108409980068898,17.487050948222205,8.482020005611968,14.446720857086449
E-0021054,3.0633264805213294,109.99995470167387,23.052539914155368,162.94671183945803,22.418323448817294,1.1427141647215286,3.7289286443225516,8.967128352558392,11.685975669590098
E-0021055,2.1560644406407627,231.63978475563914,25.335029357448715,178.71753165544285,17.834542149418297,1.486493870580959,15.669908249189133,9.19796665159695,17.493456797483102
E-0021059,3.773951525998492,37.723558422199694,33.04780959853128,273.01488305613964,8.385031204964516,1.7104122040626568,1.0916664877675375,0.9963447210160142,1.7252405013081877
E-0021060,3.020983058259973,120.270067748373,15.224898722597253,455.77308262203223,22.553450203829335,0.5371883881903278,5.036690227608807,5.624863597863123,7.911156682426361
E-0021061,3.377084314724927,40.594099242534085,28.727413015734868,258.37929713613835,11.957346732218614,1.35425962691024,0.28592955394832376,1.8526732034012994,3.673994206748259
E-0021062,2.9526094592413985,67.52908645202521,27.31720068485826,323.1303955434228,20.547948369030905,0.8692666128492799,6.815927939747457,4.056166023220845,5.093151760997337
E-0021063,2.2106187685033105,204.61098651163468,16.687270684363796,182.61017553701285,13.012900063450232,2.7733638224021346,16.46296197774991,7.4101207980609445,11.493649412439485
E-0021064,3.586293852431265,91.47855449230656,50.700567870063836,1373.4636547419882,9.154617449832656,0.7523730463895366,1.8870329331959965,1.2091099231300793,2.526100794234781
E-0021065,2.045959773794787,86.56207867645304,7.537768512850862,303.1239484384552,9.961170807294888,2.906399851609155,11.088139942158518,7.004708212215651,10.352947679753594
E-0021066,1.5935961314898188,222.38682203692252,7.841519866368468,108.66941511665063,8.115380363399337,10.413267486700367,25.27234916456889,7.087916014356004,10.198242513320153
E-0021067,2.059944287909868,152.34921997846592,13.224569193834157,146.65323053277697,6.025300389450847,10.094609617618307,17.74738260257995,7.599993704817508,9.431244117508506
E-0021068,1.566645943028595,167.20651875275863,11.311825261904282,47.09190867513854,12.633611556279899,7.239383962152498,25.24378402386711,9.891688698634201,20.80147640407567
E-0021069,1.6266888701235251,152.4429425201821,8.347690369092186,92.94531903909005,9.65289930425488,8.444767703685033,25.468467539533908,9.995568025170734,16.275272470808396
E-0021070,2.058602361833495,135.61700409301682,10.373738847554266,259.95700153933507,6.718520005355819,2.5731763198392894,5.704267267241243,2.361782138811913,4.431148789264448
E-0021071,1.6414801745142562,164.1098312210604,4.669050603400552,232.71405910657776,8.789307054675803,3.9396107027167395,21.48757369737552,6.837694519704929,9.582660864649945
E-0021072,2.3239774308919676,101.78175005336765,13.822968913518308,345.67465396765925,10.934527571274327,2.5190557920999863,5.148240973197623,4.98695647998717,5.4906187786000125
E-0021073,2.360217928853925,108.25860278897602,23.527654678458727,367.40084732421667,8.853025595665265,4.7517564892993835,6.017454878459989,4.284969109855265,5.407201162146466
E-0021074,1.9013153492940684,141.33154441735675,12.389129141036328,115.73541140747088,7.367261959274182,14.112800069665774,18.817973148634255,7.348325477747578,9.120680877150166
E-0021075,1.9013153492940684,141.33154441735675,12.389129141036328,115.73541140747088,7.367261959274182,14.112800069665774,18.817973148634255,7.348325477747578,9.120680877150166
E-0021076,2.158522437055048,100.34757031828568,12.748934156055693,205.63210758115216,12.049807016845117,1.1640856549935008,16.16079720294874,5.900838468151345,9.411378956496895
E-0021077,1.8762009137754752,162.55692675950937,10.082864279147131,126.71590248136322,7.797246334895016,4.430931471019339,20.706887704588667,5.439612779392716,9.769690380015017
E-0021078,2.5141346177576036,88.18083574755931,16.828130336380177,145.32443624714313,8.949111962468885,6.424418312286308,8.483382977060456,6.4084178090530575,10.517999335231904
E-0021079,2.1246921337764846,115.85047291702833,17.62433946042687,251.8865872476673,8.956352671271016,8.309828896312078,16.86654515726902,6.159213169771351,26.49768716987512
E-0021080,1.422788051547753,194.5298233281605,5.465285865600243,111.14098430582965,7.291847159585802,6.30076649530166,26.338438924832193,8.573426147577063,15.310961724464617
E-0021081,2.2497314634245926,128.50815480566393,8.261574463937901,82.38622112064638,13.065816235535678,4.803298831622342,12.907455560568586,7.385123720712316,10.56641582607264
E-0021082,1.649928133398613,159.89576461065752,10.785317086095956,102.53415358444514,6.1363747812237115,6.794371249137706,24.483806251021676,8.185180228814069,9.247095851632682
E-0021083,1.5178032185022046,231.0102835702751,4.824591427511942,92.220193954474,16.213183911076797,0.685563456824029,19.097085643377348,11.257731879811551,25.75220270733169
E-0021084,1.5385651136863872,218.78786261845434,12.704036686262842,80.18023391253246,7.111961923124853,8.905063527838049,17.556936000017107,9.483172096441315,13.372212499055578
E-0021085,1.5385651136863872,218.78786261845434,12.704036686262842,80.18023391253246,7.111961923124853,8.905063527838049,17.556936000017107,9.483172096441315,13.372212499055578
E-0021086,1.5385651136863872,218.78786261845434,12.704036686262842,80.18023391253246,7.111961923124853,8.905063527838049,17.556936000017107,9.483172096441315,13.372212499055578
E-0021087,0.9706904331948374,242.0199779693243,6.425978324073003,57.55038740394174,9.900294143338186,3.5271383007429966,30.615529305700367,7.5990159150836085,12.108345895838804
E-0021088,1.4606393432540825,215.45557907114747,4.754113319332809,68.8426095035729,9.956698034937144,6.138854728073356,22.527080179770643,6.077771674419976,12.13939839081484
E-0021089,1.7519851436817282,217.52780285203497,10.593798623729912,94.61279317327215,10.276766405130028,6.848186287728585,11.547881420903286,6.212318817390571,10.904297429263762
E-0021090,1.5935961314898188,222.38682203692252,7.841519866368468,108.66941511665063,8.115380363399337,10.413267486700367,25.27234916456889,7.087916014356004,10.198242513320153
E-0021091,2.1723256668611395,123.98451644242745,8.921164108509931,175.71483660859263,22.041241911703224,1.9525385078617405,7.683296447429712,5.249656216740338,7.121191059407624
E-0021092,1.0915973144711282,208.16945228905698,2.3976331664107264,66.65194436674071,7.118829408702495,3.61570347988618,30.45140096318672,19.861611493967214,37.91793957033602
E-0021093,1.495252389777756,220.43850279909694,5.769217803172295,116.26742101359706,13.755046902442883,2.6125442956744824,25.002337601245237,10.07532961442245,21.928108937708053
E-0021094,2.084936346181804,165.56149321950613,5.354457894639754,89.49990584798121,11.537021934460906,3.2764963739024107,15.995201860032491,12.601044536872216,18.457749058891334
E-0021095,2.6034282386683714,68.9600726544466,11.037844902773918,86.87295181271516,11.124827323884837,1.911409652419405,4.780164615816648,3.235485772523607,5.363423708997214
E-0021096,1.7281509088571614,171.60381288391312,6.033743889162983,302.91912006179945,17.65885059059324,1.9804075128270078,15.779449989349551,6.42832361605278,14.354295385658723
E-0021097,1.7281509088571614,171.60381288391312,6.033743889162983,302.91912006179945,17.65885059059324,1.9804075128270078,15.779449989349551,6.42832361605278,14.354295385658723
E-0021098,1.7069990293999657,169.84355771812784,7.2385711629942335,275.5972292037992,15.173195290008072,1.1933722543313352,11.86910505877504,5.229678386368102,8.028582802777537
E-0021099,1.736815174897854,164.51140108430357,5.880014615945896,294.3112664306914,6.070283418585355,7.305664965282684,19.965433796662072,4.645228064225025,8.428808426897366
E-0021100,1.8159667044858572,205.5541847215759,13.64906453091588,110.49181952506693,6.692634746638098,14.03256500005259,12.360914124595581,5.358361043558533,7.83835578628301
E-0021101,1.9700170162253823,122.94074074363694,8.205882265924965,91.068445549096,9.013174923409679,7.415227691032702,18.143177691587894,10.719444854984896,17.812726101897205
E-0021102,1.58244784678165,212.54772885955578,7.476096058945648,148.64913623350634,14.067650431222502,7.216466491006676,25.85481238130348,7.0644151638072,10.009618658611274
E-0021103,2.1013078738463835,142.83495078577434,13.845961924186788,115.3308758343429,8.078052361837141,10.643022210088802,11.110670187701125,4.485369767108811,7.522926001546696
E-0021104,1.58244784678165,212.54772885955578,7.476096058945648,148.64913623350634,14.067650431222502,7.216466491006676,25.85481238130348,7.0644151638072,10.009618658611274
E-0021105,2.1013078738463835,142.83495078577434,13.845961924186788,115.3308758343429,8.078052361837141,10.643022210088802,11.110670187701125,4.485369767108811,7.522926001546696
E-0021106,1.6752752023838138,146.68894458621975,7.532597491126776,77.9045444048597,6.076874522826848,10.846140092156082,22.813388601589757,12.06588823243369,20.11682487879533
E-0021107,2.0363192940567165,152.23305136736352,7.559920529108036,70.59286601513469,14.248919393253388,5.765351501856364,15.165844676716738,11.7266610720433,18.074285005049685
E-0021108,2.0163382485704497,135.9388851339459,8.8395640891386,79.83576191398816,12.635792553443496,4.141699237714567,12.818156753784962,10.615002708772273,15.547509624978078
E-0021109,2.5651559805632713,69.1401120024679,20.201526775063396,293.7662316153745,7.44412776319854,7.014499928564348,3.339150746945525,3.0589404104304374,5.09956134959284
E-0021110,1.7093697689291056,157.35536625094548,5.909541752657703,115.65720647821928,6.177132698369211,10.975913782023332,17.90796539686779,7.984686674088737,10.180959238718605
E-0021111,1.5349758709371624,161.72385130205353,8.038614338469387,107.91979154491922,8.42866304080028,9.324548836886763,26.201085585684904,7.168273741382158,8.669422144899421
E-0021112,1.5385651136863872,218.78786261845434,12.704036686262842,80.18023391253246,7.111961923124853,8.905063527838049,17.556936000017107,9.483172096441315,13.372212499055578
E-0021113,1.6119113807515912,202.39713501679086,5.512240145944096,46.892920027419095,9.223850694311654,7.818694437139166,18.920365602896517,6.501690992025901,10.543959148077885
E-0021114,1.5646729484270474,189.23684094702915,5.384700439784054,96.13059608162717,13.120457195819,2.5234352630077463,25.784420882740815,11.770829545698138,23.712929948985348
E-0021115,2.094385006026483,111.54717742046935,8.85662084873139,345.88623225598985,17.773535438081815,1.5083623907523835,13.615996838382944,4.910317717655195,6.58271344050183
E-0021116,1.5249251867653446,170.87820190393825,5.126173554076657,114.25225152613658,9.27949673243897,5.578808056748812,26.343322406186473,9.512585535115015,19.936700455867552
E-0021117,3.2928869053085177,41.16546687312152,16.63734962143555,228.4104178137784,8.997191312736769,2.4219609114289122,1.9082681821132639,0.6870452886813947,3.3754323313367722
E-0021118,2.5792031021080053,131.58562666081522,16.981581476429255,362.110118592991,16.59357164087195,3.038327568484217,7.687743700393709,3.6872849320822927,6.19333435248714
E-0021119,2.0687237958352,157.9702824337761,12.400101690478289,135.08064150682887,11.984414107685874,10.122776086600386,10.996313132698848,6.0409134219892575,5.700573950384548
E-0021120,2.439243443304639,149.876001514753,14.273352911311163,151.5316271441742,1.9897080570747816,10.04778472847549,8.789933929939128,2.740586335590575,5.264197353394161
E-0021121,1.6914821478998787,237.35868870509708,9.53320310969853,202.89089857681824,8.6681558523865,10.60976171850902,16.009872128489917,4.685989630303996,8.831604282687021
E-0021122,1.6625739870814629,176.53907794050298,15.38345850104717,179.76550843522918,9.25437328088558,11.133503411195914,23.749699649428955,5.819567793960912,9.305867980201338
E-0021123,2.751343189141327,136.97315187129462,64.24982396484381,825.5164126901893,14.004067232689344,2.239671139402059,8.046684638885253,11.55388094614063,19.336641064715963
E-0021124,2.8935903080645042,155.46546008813294,27.224208093099463,515.0403312693135,21.21045853061871,1.3773056698598314,13.365605607815011,10.279936837943598,11.079201433803988
E-0021125,2.8229298734545822,215.2868743812892,16.713748380306235,461.19737237191106,25.501026816213887,1.3430144464049596,16.59936847921699,7.298025490558286,7.643592748837147
E-0021126,2.8808374346335586,174.11365941213148,25.149019269044086,422.20049485616806,24.76158656846071,1.9538851008023044,13.697376522566449,8.088488440749376,8.588401913653302
E-0021127,2.052694415634438,155.93925004864104,10.173230829291201,215.06042587219812,5.830295165050064,15.872297707651946,11.653095004666941,6.449173529192603,8.74196795614301
E-0021128,1.5623616156593316,238.9734341850857,19.2158055955268,410.1835268644639,7.283928573524851,14.423472475260388,16.23197472743108,3.862921015831671,6.981082495174469
E-0021129,1.7219842634578355,168.20079787100505,5.770329078979887,47.72688677446434,4.119986025475925,8.094563362296238,17.77592833748817,13.789381061697862,19.29830231018359
E-0021130,1.2938787393350717,231.62164256361547,4.7737412961674766,63.82807990558511,4.211970680517928,13.675230339785653,25.743508738136576,11.095136957654871,21.907401618418533
E-0021131,1.2938787393350717,231.62164256361547,4.7737412961674766,63.82807990558511,4.211970680517928,13.675230339785653,25.743508738136576,11.095136957654871,21.907401618418533
E-0021132,1.2938787393350717,231.62164256361547,4.7737412961674766,63.82807990558511,4.211970680517928,13.675230339785653,25.743508738136576,11.095136957654871,21.907401618418533
E-0021133,0.47476982125748435,231.3148197489128,1.873392070361945,30.433321448050435,5.989271265215736,15.12690676885449,24.183676592343865,5.793282076032913,11.900328184006657
E-0021134,0.39325644884298944,223.61455920856892,4.89153645738584,63.92881104559865,2.402462018982152,21.310185957703048,23.53991856962894,5.002148313432298,7.8854485596883865
E-0021135,2.828192687259057,94.08906194065914,24.87067628464649,395.98232205284484,22.715721786536747,0.19541475485643162,6.284818178968938,4.895202522672791,5.239664415269525
E-0021136,1.9324791344168761,117.86876523558611,5.989404760888009,86.66644213963171,9.364990094408427,9.362446128169964,18.89460755738552,9.719179466936673,15.790387873782473
E-0021137,2.321316237211166,102.33540373225583,6.926757156629197,326.5434074275122,19.69242619323636,1.4951624711039881,9.083113993937332,5.497164271551323,4.498558816427076
E-0021138,0.2831027284242866,194.57680159481026,4.032415024165258,47.25904776578725,0.6125777812396469,10.700848278663337,23.771653499436542,3.509818715644398,8.26217309359747
E-0021139,1.937330491139629,131.78846209658172,6.49772100156833,71.10696229309094,13.22306580155351,6.44465745421386,17.522280235299828,9.583063412490404,16.179739306043672
E-0021140,2.1188016635170763,172.5292961001906,4.660650464675707,59.4763661007251,13.680753950180042,7.722876094854107,15.20572811740416,10.669305367640195,13.937512403461533
E-0021141,0.11156813241286744,250.1045517515978,2.499730143000061,28.320518624172728,3.7885924266673725,12.603003411040149,24.717642362728153,7.624919510104996,15.677408129018461
E-0021142,2.541432355225812,190.48343064380057,20.909040043656265,421.5964946900772,17.934571307922223,2.5831206887976235,8.994089239075405,7.062150112035791,8.273322823942818
E-0021143,1.8909922107752606,165.9161701217726,16.46985540571492,381.69339044377875,14.958742113771155,2.1366827705160256,23.141589267484314,8.134370361177876,8.465667429994772
E-0021144,2.113762359502223,102.41817841461497,9.35720342051359,173.59348816876664,10.53147387092439,0.7117732960633636,18.77260295012381,5.040623228803999,9.110882968400977
E-0021145,3.682767459710199,16.170007277827228,23.259523299383954,249.51563846791933,5.978590718742586,0.8998265388415271,1.9796896303154445,0.20300157023400556,2.4184308885043393
E-0021146,1.7660393655077478,219.89785047133208,9.162429553501303,119.34450200343893,3.4833616228318323,14.392105572241967,13.870259187178815,4.775092068845776,5.26751550725742
E-0021147,1.7976340267519537,193.93943303215434,12.559391969840583,120.10811923711395,5.721382476072986,13.734733468550905,14.510517322147209,5.788774333972757,9.016569397926565
E-0021148,1.6209553493119153,207.84420691657442,12.267000145170734,137.8872490325472,3.8512803443570855,13.02372466553401,20.29663642034758,6.791198155404252,7.939352439655315
E-0021149,2.3303250687359647,147.97481059702204,12.08160863796548,181.05663347294362,1.5494703232873173,10.964258126984715,14.285398719172905,3.578642368287195,6.043658204827079
E-0021150,2.241695126471411,138.16942952617666,13.587004868077123,243.75990985513067,3.8204500896911817,6.363032293367883,6.351293721481982,2.4165695011619777,4.694666242358689
E-0021151,1.593283776236908,205.81927363185193,8.082294785439075,68.82161052810024,9.110047940413407,7.549317495624354,17.098523407678332,7.031403479200051,9.1179252512099
E-0021152,2.0454653924635524,150.67830008507633,12.498932446538978,67.97428690868847,9.114405618784627,6.702531256594505,12.83893686680119,6.11320363248419,9.04648488617673
E-0021153,1.9562066918799301,148.06715819358078,9.767869805255538,129.39890216102935,13.99473259047433,4.069070534790105,15.949916368400391,7.6744744858017215,9.701187157103861
E-0021154,1.7879672986844097,114.98823023073827,6.304654900136474,85.92183515133418,11.086876418402685,5.986263329671679,15.391847575051635,7.270012176800452,9.064322883092593
E-0021155,1.9445009058014455,131.17561911364373,11.21173387227525,80.40868065751415,10.31424606910084,9.170152232035555,12.537609450159891,13.642997050484254,28.361955939642336
E-0021156,2.4334196636280545,113.01181984383898,13.136276770532556,88.38118980736175,13.435331935578645,5.315480443998828,6.1275754300469,4.53523254213386,8.13264122910167
E-0021157,1.5217840174526895,167.31306474943904,9.379096425034486,40.812900360687934,6.032386511975945,11.278297505160028,20.307289394484243,18.005837015913315,37.79167019707786
E-0021158,2.6778845670066156,92.32163715731403,27.551846088375157,116.21459197719528,9.175243635355603,3.5214716801799946,3.5551231150693585,4.746595144043647,26.715493695185526
E-0021159,1.212016018321867,208.25219700170078,4.689042899443837,120.46669004156652,0.19792019592088056,12.920523836093839,24.020624389551376,8.088465753445842,10.486346454176186
E-0021160,0.957959485350999,201.49978831146512,11.455714941466244,116.08126694309482,5.015363660551884,13.079852927036072,29.27106496683172,7.315288121015452,8.618452416141285
E-0021161,0.45266766007778236,206.76531521339933,2.7603949401431795,39.9107295372538,5.092443925820091,9.396877813549123,27.49601524805319,6.852608741023786,13.093829740291403
E-0021162,2.3286521181459907,109.95097519603229,21.681991136217256,186.99590151866593,10.574701239506103,6.132150576406441,11.658934975224192,12.673861310611542,17.72086405532554
E-0021163,2.5321253147722906,81.11012257462573,33.22419282984974,392.8117276988235,8.89480263288352,1.7036284516198972,11.183060269083178,8.175509984880758,10.047640515170384
E-0021164,2.735253218057184,109.67563563629754,47.48070245250043,256.24672968853014,7.035317944114309,7.489831873602922,6.742276238141085,10.676129770108284,14.084971375998922
E-0021165,2.7979181980784276,181.49722506411848,102.58998228102803,462.4618164198058,11.81760501818933,6.927995408031686,9.067708932058487,9.062805305155802,15.949065720937053
E-0021166,2.7345929875747617,124.18388749049107,66.33672832833405,254.10035828911805,10.953456552724685,9.15783708105119,9.085430702296783,8.998987138772188,15.091431760176235
E-0021167,2.8889150749747556,130.12621523901248,73.32191188821298,386.2053875611449,11.540192741820935,3.9325902920206426,7.478504067915575,3.5452626428835043,5.2161749378342925
E-0021168,2.8104706344403225,-18.896026196853732,17.84278238882784,240.79056975938394,18.32883005830145,2.0821490567260055,5.647508718187859,7.005509833149854,11.916417772419992
E-0021169,2.8086754511012737,161.5785038027135,11.42804166704191,225.85934026136806,21.963603901553718,5.3103133042328405,5.348526668236362,8.042453911172661,8.845319144916175
E-0021170,1.7768534113014245,219.58018469503182,3.9567879449785206,49.91643534708943,22.75039946196971,2.7398194590446074,22.855736483446314,9.938313312730997,11.929421104769663
E-0021171,3.2239732832006847,118.37112026518572,73.29783640474774,780.5515662571121,8.985271680666258,1.5781528700354281,7.173902536355373,7.724458404771136,11.306690048342926
E-0021172,2.554782917882536,136.84281629117777,47.16454121145658,698.4426417946162,11.212789032732534,2.992965146052146,8.464409437574238,9.962925638473902,15.522446874610777
E-0021173,3.660974913683596,35.59605739663509,92.93825996745304,762.0100889138139,5.838513269728818,0.6108001662613635,3.389885959511913,4.248116104637047,8.330659004270268
E-0021174,2.231014352871575,263.3890324220565,14.330636680668936,341.9085928917604,10.623324205204682,1.2530515488923857,18.073036139226865,6.27452920868486,12.30059979296183
E-0021175,2.9627589949088593,168.58792397830007,23.032336447206273,468.5588408755252,22.199916523974196,1.1101155027477236,14.957094824541851,7.989586598351095,8.439769612113283
E-0021176,1.8658202725358308,211.3802676011967,14.560079561894945,499.870311936617,23.17740448882175,1.2271590351200634,34.214606375743855,11.486015408826738,18.629710828952273
E-0021177,2.789368664083025,188.31970625705173,17.736204739042616,275.9459373616158,23.23451904399233,5.30427870084251,8.663812975772245,7.934858738905371,11.019545397996287
E-0021178,2.3271026422493346,157.28473951370626,7.333419814333649,73.5429778438883,23.55716943935134,2.104378743114646,9.711268933566394,8.66428523026079,12.461858377728532
E-0021179,2.3855195683313166,126.48018404047968,12.387129533794848,315.07187157005956,15.88179827679816,5.308556793861374,9.744703368587826,8.0994335608976,11.039803877326943
E-0021180,2.312210159680241,156.29739091428763,19.637160932315325,352.54839054391147,16.569376538680018,3.434934704128169,10.28898587483668,9.372650267128126,12.830754894477616
E-0021181,2.4251112109036335,72.76972574646061,10.06478005791518,165.73502260224944,4.757359872021013,5.934379460423323,4.05189346424231,4.808029784387748,9.460000031575001
E-0021182,2.0074716726361217,180.57489618347816,17.16236663164307,171.30570372920639,6.827401085981044,13.432122649311529,15.018513550603835,5.356830383393836,27.55541167976547
E-0021183,2.0074716726361217,180.57489618347816,17.16236663164307,171.30570372920639,6.827401085981044,13.432122649311529,15.018513550603835,5.356830383393836,27.55541167976547
E-0021184,2.2370096059807283,126.20147984525113,17.769792837734897,154.23434024089104,7.066755535496568,11.212459063593302,8.823696639673763,5.674394895944117,7.832754212398814
E-0021185,2.721984501720545,79.73687597503229,20.63750353868563,198.75442987764637,3.7192303469651193,10.256418276940002,4.170708782803919,8.361557918263014,15.751691351382544
E-0021186,1.8110827139314483,147.04941647555322,14.708031329696729,64.50188976068901,8.822797390717326,6.039036086777358,15.529706037531755,8.013696998254504,13.163815164187621
E-0021187,1.9004904183293412,180.31549638683862,21.259623505524626,132.4641063501593,5.491380705408133,8.094180052095014,18.25293175999035,7.734898482982732,10.170577627255781
E-0021188,0.8750737116691527,233.59216750824345,10.845038707830513,33.44916303651243,6.937106567981491,7.2898257213740685,24.496703385115527,16.14145821479119,28.720528603597117
E-0021189,0.6174422526305992,245.27309565839602,14.663043375846447,21.647519849192992,3.67172983337147,17.31535945744273,30.613486929140418,10.298734068928677,17.73743339302183
E-0021190,1.4953007853634284,169.67745068379043,4.912417043235027,109.99445481316019,9.534579745737496,4.195373670338391,26.212296462317216,8.573110155705757,19.06760915963258
E-0021191,1.6636804400572804,166.46172660923548,11.673436917107177,103.69075301386265,6.836675013583126,11.103222359581746,22.946983661154416,13.42138445762274,21.568076876718298
E-0021192,1.643877705737213,173.17664144174324,7.450676699545758,75.81997348324803,9.82010083654053,5.812346603135845,25.696883536867052,9.756889715193202,15.487386395979147
E-0021193,1.7747188307784365,143.63013107684446,8.620880804272883,74.20270197710924,9.523618236072952,8.831908929505797,16.59117462721892,12.613723213293401,21.071151900182862
E-0021194,2.19067681115836,125.01108094009126,15.086977787414963,197.93174871835953,16.065592191158927,1.7697884748692476,13.72351427852503,5.058178686908109,10.142195474655498
E-0021195,3.1348313426735075,112.27980590711893,21.022878695070073,543.029467228581,9.1650719453635,1.5830918865830959,6.404743923172857,2.2563729425859274,5.28440163059949
E-0021196,1.675518021374987,218.0848977807306,6.017814638808397,173.0543664274286,22.43385265770291,1.2318028826833864,25.971303037354595,9.314961719984963,12.363909937235738
E-0021197,2.3060262262016877,125.68756751042184,14.050696661800082,367.6936997684875,20.400665603250555,3.4656410617509406,9.28996237879397,4.743456700187367,6.111068131392147
E-0021198,3.154128014181287,30.576812558254666,16.01914058059972,279.65663854858445,9.329549532137301,3.2944655297576744,1.5675324804593251,-0.47241098084537947,1.0341533244435077
E-0021199,1.719143558254781,129.62293356864188,10.09453446842257,224.87396084225944,15.78263518091326,2.3558110485943597,24.16884329662763,7.33412810371699,9.372595771699626
E-0021200,2.633942726392026,161.53637272271553,21.718551307648006,382.8307443955664,19.62862625173741,0.8360022339162052,6.579335195266457,5.333362985387924,6.689541102883354
E-0021201,3.6616317180816598,55.16735822076997,22.069458682326843,604.1675642482546,11.599209386630083,1.2403796592696033,1.7730023664844599,1.7148178444160975,4.922581359913686
E-0021202,2.828884309777892,118.80303144861449,20.97713749626292,218.91266042672856,10.459743528987284,1.7222807353699192,6.7142495265623765,2.587329909754414,5.062227649565311
E-0021203,1.7800766311655634,177.87846668223358,14.012903688127343,111.19257939275803,11.27824198057032,5.960724378742507,11.94868125700052,5.604044457059385,11.074645672125941
E-0021204,2.2774747179111623,113.22559728872848,21.79873369066787,192.25446951038393,9.501123833331409,9.144499088617398,9.619233346665002,5.3732552645958,26.954396919646758
E-0021205,1.1483595875794728,208.42412692368316,3.2418880335648064,60.293981952201285,0.750113258049638,15.438320249210888,11.900409342187315,1.9746268169549979,4.357011097231461
E-0021206,0.2467902370516092,200.19913759538184,5.002502685939443,81.25696463487415,5.045865674577903,16.753609625283648,29.88555477850807,6.199507419362993,9.041461893214727
E-0021207,1.9493348193714426,138.19514173158706,11.303370410924861,320.810004616653,13.593352373365784,0.7025268662765947,9.439911759749467,5.489525427373705,6.131205879863057
E-0021208,2.1791410016445054,126.66738154790949,8.295703660396526,102.21914230506958,12.926198132790951,6.113159205759833,10.215344951793744,7.141783536322451,9.68238734344282
E-0021209,1.9358376429630535,221.45626505899526,10.795681786525169,109.12890372373221,6.5882223166545035,14.153084641951784,14.73566132025042,5.4095663154904035,8.108519179007484
E-0021210,1.9408524200967492,227.01090347611853,14.338072504090134,161.02841591929726,3.4726144778085017,13.175013510692358,11.796807172365748,6.870775895942118,9.313053847584914
E-0021211,0.38916860034342704,203.68159187326606,4.044034550723669,32.06664116634388,3.349491375044715,8.672243881706217,23.90472086471481,3.701704051405897,7.67884823136318
E-0021212,1.681780750383369,175.5549223286345,7.652414232504041,106.91318876693882,5.108671237359188,10.468387461927085,21.613132803465703,13.849841189949872,22.768508558677127
E-0021213,1.0419956522237108,200.58495576941866,3.433239697319628,87.69390064995088,4.820858238318234,4.17191320932031,25.95428443514728,10.874847140505558,22.481575172432507
E-0021214,1.857425536277387,162.17047807515968,11.073307932754611,114.23907947943198,6.943518314058033,9.696759843735643,22.591623162982987,6.179323169323977,9.155176900623914
E-0021215,2.2563164227769503,109.7994581007011,13.035493648458946,165.6525201851936,10.014505630427848,7.432836027528115,11.415971372430224,5.953970641961573,9.714795515770017
E-0021216,2.0099539876229295,116.33212176959921,11.10272939231362,170.78982620359048,14.157464915795947,2.848202687551958,16.883457532623403,4.126951145974621,5.859092608940189
E-0021217,2.761556663894729,155.51843935177652,17.205661457563924,558.2192269120901,16.718735999095937,2.8142025699898845,4.211103906816422,4.250596116216954,5.468887592909108
E-0021218,1.6934590559825782,135.9558296429824,9.442676318846225,97.43615578940724,8.024278541127087,5.672045434066202,24.663990326204324,8.42592650741919,10.89019156111092
E-0021219,2.318711354141185,116.52471583021986,9.237321397361772,362.8232716386966,19.078903829802638,1.0701298873218188,10.690660073073644,3.4135625302639863,4.983805862646755
E-0021220,1.456769360801383,184.2968119504019,6.852598884742818,90.4480393001692,7.693513922189381,14.021371133483282,24.541922997628756,8.82281376963866,17.766307624566153
E-0021221,1.7631240684519032,165.15931625777876,12.80796722227663,84.46230707622504,10.251130507601783,8.961516862775593,17.687189607895668,14.731428774584439,22.349679758986778
E-0021222,1.7702374272785517,135.1120303163289,9.23887068083564,86.53226943560549,12.002483827825163,2.735824650845345,18.698062297419032,8.857672207335998,12.092546323391373
E-0021223,2.5499115984587206,172.61131391666493,19.53479027104901,322.99194341625696,17.96986082223772,1.7913966680795688,9.842170228410026,5.055863410063211,6.152304374597907
E-0021224,3.3355431231883386,74.39020767571677,14.899578758620278,295.2166350425225,3.946227261554953,3.8644145921925124,2.792399269071568,0.6732237477777716,1.2185837842890055
E-0021225,2.9691308402372445,60.47185553759361,20.687109446216315,239.96609693161295,16.590433947597887,1.13194548719285,4.578455286893762,2.748861821633378,5.113588008020371
E-0021226,1.411372773859592,167.33717601951707,5.22767646714249,87.00667632290875,13.86567714756611,3.1165999112063423,27.62953512413396,8.086843654251261,14.881904711001875
E-0021227,2.057757534958848,139.374433308692,7.004209758857044,415.06680651425825,15.75049756306647,2.1241636459878315,18.677620380019675,7.7419463724035165,10.643464978558566
E-0021228,2.3632299469724694,120.37578491371049,22.78640361740357,283.09285158722463,8.515798528942458,2.498363467469991,7.993637075924422,3.1024625299467123,5.036512553067038
E-0021229,3.620130059737778,24.790658012225588,21.031940376477802,250.51573299210668,6.425107678252445,1.208197132855751,2.6661504938040004,1.8279640734661018,3.8947028998167013
E-0021230,2.5327960584021296,136.7634708000623,22.017097518908837,383.5080206790614,14.907691065962513,0.7488373420542214,10.500455310837694,4.875882486213781,7.329571301825256
E-0021231,3.309024165394961,98.91017191972405,24.403486744248973,560.3272795279082,16.91566551571399,1.1994192445219585,5.873014732184163,3.516366206565524,6.058173884762262
E-0021232,1.9005838930411827,83.17455013037362,7.59214263209279,118.36581445758345,16.185522084509557,1.308099186262311,19.702015087966217,9.047516028451069,10.657007952325483
E-0021233,2.380605326693108,144.28379867400736,9.719520973425787,250.00896106211783,20.444055960331994,1.4390296562691587,7.488264854670647,9.53828076348453,7.17531558208651
E-0021234,2.0915763085710606,130.74601381931114,5.034210122482225,186.3595856031978,22.258183276318583,1.921257245727603,7.104032004445511,3.6890049819494255,5.660310874959198
E-0021235,2.333799823908479,121.65059074429136,21.24989060837151,212.56192609125208,11.006148028822977,6.573432831930705,8.050230336107674,1.9760811720221105,3.7768033185660297
E-0021236,2.333799823908479,121.65059074429136,21.24989060837151,212.56192609125208,11.006148028822977,6.573432831930705,8.050230336107674,1.9760811720221105,3.7768033185660297
E-0021237,0.24536143257396892,223.14702552443816,4.397332301512835,54.83859897594255,4.516567330376501,16.47456165928023,20.353539386682275,5.3273782373258625,9.238837196477643
E-0021238,2.0879450476014303,197.46269396745117,10.978540503633907,148.20235469524687,3.722156623592828,12.916216098311462,9.987139271489236,3.2634589980782938,4.611561923229461
E-0021239,2.7460522391659064,84.75375683795075,16.747907794651166,154.0416295057704,6.842682506936015,4.574745406530533,4.782712687696227,2.489056045555321,4.4823263041709644
E-0021240,2.767936898979203,106.51599774220773,15.309442746524379,132.5223242931326,9.694695483470717,2.613801068575929,3.5544637166354924,2.487505304936372,4.1859367829081595
E-0021241,2.24850552462454,182.52361481939226,10.248359724487182,209.71569329123918,7.442134094922391,9.258423399010365,8.448014077046045,5.709749699904394,4.474669425248179
E-0021242,0.3250374129789979,251.9159993539484,2.677865220698251,72.91506188181297,1.5271193366334121,17.449953691914416,22.859483370323947,3.5126433944118483,5.658840294506047
E-0021243,2.4542360882730687,131.58160869456088,18.20423792133719,255.7292696767342,6.378274473122646,10.521126062580624,5.932724818736775,2.266002386764263,4.585371566874201
E-0021244,2.3290467688318515,161.55724830298846,14.877207764887576,64.96805617888084,8.442574219958683,8.217779528686325,10.486581729841395,3.6442586536619808,5.849641989804129
E-0021245,1.7531444822119076,172.21175589145125,7.154522375151252,61.545006392542966,13.585139029632531,2.810257416087487,20.940500221929014,10.434138943420534,15.183194054467464
E-0021246,3.1595594621362624,128.8789779885168,91.949517773413,755.7142393478609,5.481847823447219,2.2391024072503267,7.081428762611889,8.192937312156754,10.007185758181624
E-0021247,2.8300753920584354,146.90441900406887,59.622943465478045,546.2189160740385,7.893814175226865,4.035076605831161,6.610894149586656,6.536858124285014,11.226607672895186
E-0021248,0.32627879455647857,272.62367364433624,3.0297038426521974,53.985496675676025,15.156962157101875,4.644936674305088,47.11706850554649,14.660490091574886,20.79751298082127
E-0021249,1.4440520315951733,249.1284737056252,11.191644186793619,236.8250725208794,25.571811771885443,2.40757423236319,38.05001482097737,18.147135241808073,35.22178649678937
E-0021250,3.0848344847809717,156.79209173667988,17.597409946398912,403.04307730827225,21.763643282520867,1.0097360520101122,7.017613487715201,5.475540291668075,5.845846740990767
E-0021251,3.4387921295269974,50.8584942587341,16.697362542219025,324.14779043654625,20.212420650160578,4.220194195445074,3.4674539250456142,6.233461293421682,6.9720358128135524
E-0021252,3.5311154394660003,67.95222684504208,41.23278787614898,246.41930890687286,8.180673632905254,2.6674816617200277,3.659912306638018,1.1588022502736453,2.0241959840623247
E-0021253,1.9893271368751355,125.01158431765661,8.011417006138377,82.76830320943291,2.886415937366939,13.439389718147554,11.039121472733072,7.606242182564368,9.562452131304028
E-0021254,2.2664296592450475,90.81659353562459,9.157147930928828,132.94969909501074,12.419718142977008,7.6654764068810675,12.461385167739149,6.932005924111713,9.80940812292287
E-0021255,2.572796518975724,152.12797897751196,19.207744687804876,202.68106350476245,19.56885459264811,0.9537293463925574,7.335330307395473,4.359627554050519,7.140140641460581
E-0021256,2.937811129585276,71.69805952087094,10.39304250448425,354.16983989705994,14.791568902120902,1.4576583517075834,8.542622787913341,11.207872172613731,21.530805588395076
E-0021257,2.745491150658231,60.681173497390354,14.128335503199153,236.397640069359,18.570266647711534,3.562687621655023,2.1447345914678313,1.8852684416930117,2.680597902190067
E-0021258,3.1516995392161156,106.39018903694407,18.406798818291595,217.86408681015547,15.406857921385727,1.1147164257828592,3.9403791382928253,1.786733556246869,4.3591024974532955
E-0021259,1.4531255407950754,182.6493478633807,6.593877178286443,56.888970633010814,9.77123650213068,4.411212383349984,24.47209221483645,15.247460641489624,31.56383700662289
E-0021260,1.9176979848846276,145.43215096648152,7.95414650999658,101.06882920100465,18.878733395345662,1.9302158108610337,12.49424951639447,10.484059372526836,11.853823487796666
E-0021261,1.9829953678917587,106.75237924457272,11.059767194011076,122.82318661711645,8.350569845533006,3.2424377850329713,26.497296436632787,7.910469091554177,9.85218341050328
E-0021262,2.535043098545498,127.86337587367079,13.884476776612145,235.01804010116115,12.840006079162869,1.73014337777425,10.071715369002627,4.145872655731992,11.264241085319753
E-0021263,1.0499622671312896,237.52307733802434,24.17850358968553,121.40581704877214,10.429945597238254,3.6412459050760506,25.908885334203003,11.621788359824574,24.790061440932554
E-0021264,1.7959875269052636,189.20577920181321,8.599343311493545,72.41889044135374,10.407076798640047,10.735014276279452,19.877202315529846,7.239278535955071,8.784840891543857
E-0021265,1.7791582475608365,161.92510332626762,10.580065011391193,81.7046204011814,8.725383243275626,9.109428258277994,15.60309074126961,6.998799492258684,8.74416593645729
E-0021266,2.4098974619758176,130.44738903257428,16.64231398662869,68.0229112032334,8.396891392050975,5.974147327354533,9.932316156225877,4.002811625777861,5.360055001309268
E-0021267,1.7747470314392348,188.96495031040962,8.691600374926255,109.58086877243585,7.0018745624373535,13.817487773854419,19.845230708420953,6.817312511740515,8.0150386903601
E-0021268,2.408981657083097,139.2100169134564,13.325473476193896,98.6209863355555,7.94479605911451,10.005702015874984,11.019292336395353,4.838243945595299,7.4065415187642705
E-0021269,2.6189150827387144,81.09352436226871,22.620961391276317,180.28237184477342,9.349946224215795,7.979102773367009,4.76173352903379,2.0024686647363343,3.2300333748239414
E-0021270,2.2777184713556986,147.44011037238653,13.240962577278415,207.10630841238503,5.429406490028093,9.322411087923559,12.497373282980742,5.8470073494123325,5.418071013144295
E-0021271,2.4145445585493883,129.64517281966602,13.529924670577001,143.22991804337667,14.264851775744088,5.8937246831037235,9.415072497186802,7.028939224524959,10.844635720175393
E-0021272,2.920713809903134,95.1435273743565,16.972165585851062,410.28316127461,11.751099954886264,1.4691786745495563,4.51910133393114,7.187262617009635,14.858431549324818
E-0021273,2.0169508184242493,149.6844829606048,8.837656945348355,51.996867669301125,12.091356556628234,6.5511687595189665,17.877959666268975,11.621637736057009,12.969489905162408
E-0021274,1.9758634444458476,140.25207539533227,8.7815908540092,55.44250838570677,8.586579556344539,8.99517084191552,20.008696546647126,11.308472334658282,11.93839698016686
E-0021275,2.2101911444942974,108.65996375604612,11.105300166752412,66.70028737538112,8.616102459957006,5.037470031627544,16.138785497132062,6.7873667053824835,8.986981779007316
E-0021276,1.7015631810217422,224.096946179371,4.999125267298085,106.55946930638059,10.238991917100265,10.31093051979267,27.785324213168586,8.544300215259923,15.510519119324696
E-0021277,2.25394008398385,200.36015963249483,11.47617859912531,91.50564761002659,13.879659071311986,4.070021608590755,11.302522955830419,5.798361218031026,9.989401727967913
E-0021278,2.7673498893614883,95.27481861152097,19.719295970886037,106.8346528619422,6.907726385700961,5.72143453509588,6.877393607770451,8.642773883611259,8.309845411041696
E-0021279,3.794536485611204,48.829286115636535,69.81994329653763,668.2950224120704,3.373568260813904,1.1362761895893239,2.0190106041617066,0.43919016279850315,0.51536627076873
E-0021280,3.405046374962465,122.82207258930157,78.38914093762354,700.0200883134469,5.065380129307563,1.3864690695185444,4.215614430967159,0.5319932414070263,1.055598170412451
E-0021281,3.8221127786682922,31.345388910909023,99.86515864016263,823.80709255709,2.4842746327875274,1.2059438004935406,1.7585937227788253,0.4330568853001191,-0.016385647393902913
E-0021282,3.6945943084767654,63.32899041765054,64.31592171278061,625.4035827034759,4.3043562241270354,1.1615144733671778,2.1363489765720276,-0.33254164625334626,1.1490789526862684
E-0021283,3.782427905005522,40.283717797599586,70.57264669352863,778.0805820079045,4.2828979017851765,16.410761233186438,2.8317848916695922,-0.6975875459449393,1.0530843803660377
E-0021284,3.2814683164832954,97.43373927121118,36.317524874000014,518.9782031277119,13.953612759909051,0.9623065987970947,5.0319028435751765,2.1464212920023362,4.848248045103388
E-0021285,3.4706678474019554,21.66241542094484,72.34362913283431,655.2607335304895,8.787283111636135,0.9293681345595326,2.2825517819327032,1.4518375229780702,1.5891363760629358
E-0021286,2.438752361404526,144.81539617806857,38.08663527542354,404.42643199662785,5.5869171225570256,1.574570853926208,8.824426343966666,5.792109131237474,10.368684718254755
E-0021287,2.767343328353734,172.25126152192115,34.052700576287954,470.00144890130105,5.475327385270775,2.52681487386572,7.181276349594442,5.271799927059058,10.60066587044891
E-0021288,2.869288815428161,160.2600981788091,75.60087028697171,720.6497307291781,7.834216561809727,2.099215372026736,6.4720733872988365,6.647753008938572,11.757083427669873
E-0021289,2.6637926402092234,120.9187328583938,45.74631464016661,480.1917800049741,11.384530118156441,1.8875689390940134,11.448651044232605,12.628285238748543,19.93715475962266
E-0021290,2.645367623527048,136.52356782191578,61.11940620694325,873.5579400961288,11.662298694688197,1.4244857443784447,9.421864477044972,10.407785854208589,14.997983954070392
E-0021291,2.0057834689174543,131.76476304052923,20.98543852065082,275.13238983479476,7.233320381899765,2.6657721077881114,15.210042514610612,12.89972064291323,20.842829259683477
E-0021292,2.8217228007506057,111.45583655886941,56.62064622784636,475.9666869671568,6.9448819154790185,1.2280066605862718,9.9951278715367,11.85872662562073,18.825267762334207
E-0021293,3.1995306049988828,91.47117778072929,51.17057015660578,871.1262091587042,10.275094641106742,1.4790309842850018,6.383732368741362,3.8888663507059045,4.512757064201352
E-0021294,3.106004893060882,118.07973364996734,29.905371057650463,768.5481184106383,16.221092549365906,2.9767205647571306,6.339674985988781,5.275831294944151,8.925974570092002
E-0021631,2.8511797110427164,146.23215774647977,34.41324718206467,518.9365487701658,8.861203973829921,1.5527170095730423,10.729966755881595,9.614730082474747,13.242128488661447
E-0021632,2.5156312162697945,169.22823124437892,28.098795189514373,359.5824340019188,15.375155322944485,1.2601183212018472,14.516959344090791,11.303338157213235,15.902054617776226
E-0021633,3.010247197102987,95.41964047187533,77.03174667792071,941.6231167492737,4.2050340260214885,1.9289669000755625,2.841961612550252,4.001770754769307,9.545130105498346
E-0021634,2.0899935458530985,266.6116613516915,19.48294830712309,283.8258338981177,20.234982970436274,1.3878781321380993,25.530945306428993,6.812674597756066,5.288857597616906
E-0021635,2.2186755516971575,141.39949894652716,33.30093041940889,391.5645926578023,8.498161365740899,1.859901196522112,16.71931033332826,12.866526718957406,20.78623811406775
E-0021636,2.2186755516971575,141.39949894652716,33.30093041940889,391.5645926578023,8.498161365740899,1.859901196522112,16.71931033332826,12.866526718957406,20.78623811406775
E-0021637,2.9839457408042778,130.76376596800873,63.149438899388315,580.7066609744185,8.929768085341678,1.4839783516493392,7.654324428193199,8.880779312884442,12.981082113017353
E-0021638,2.94555127128597,132.55071241963668,65.61658723802944,1076.5789568508123,12.117323219333796,1.9853182087432508,7.1300992224979876,6.323694544817904,10.541409993695906
E-0021639,3.1486417235417283,134.96905109749204,30.892096050006675,471.874411230141,17.232045716534024,1.6306056797563435,6.897989014313071,3.291077419780472,4.054896688422831
E-0021640,3.708922997653631,-17.956505604231204,80.81853309400904,1046.7611744079302,4.075275432508043,2.5902624149078552,0.47728008445965775,1.308146426420893,4.006188803930071
E-0021641,2.296069794864735,93.54404299130503,10.442452516188801,131.7752416193998,8.391868630740703,8.489916019627197,11.890103438529978,7.185256265006427,9.62357172039037
E-0021642,2.379318302938147,88.75185718783254,10.374090027134793,126.395865421925,12.452777481472346,5.516271062714695,8.12491803603135,6.613157901359806,10.925399075506114
E-0021643,2.382802526048123,98.98697152332548,12.078607832929652,150.6745992666408,9.141725558580681,7.222828619564465,8.989670535504295,5.131814956435501,26.89048541131264
E-0021644,0.7862664496160943,205.98720249985038,8.865727021697586,49.578628447189665,6.2999451266433155,9.197843019551224,20.72054125918664,4.6488522158292165,9.203428476445403
E-0021645,1.901154114509969,159.95781299307902,24.86937704245281,271.69187681214277,15.393831460631676,1.3708726372534943,28.066667596840908,10.825102567430836,22.920085941814673
E-0021646,2.7345315651384303,180.14034937279575,29.57265276165242,464.2925940787426,16.855888934769737,1.15750730393958,11.424396239298712,6.628291238127397,8.003325684878295
E-0021647,1.5435376756122867,157.9102776380701,7.774524811731007,64.86144475836399,11.3554868818676,4.737491961093226,29.46692402034249,7.367473384649717,11.482978153427844
E-0021648,3.6382605358986373,18.896695977972026,21.855653784596818,304.67650313114495,3.727045379921778,1.5800258706076138,2.860033329263279,0.1960129880126451,2.488343200926608
E-0021649,1.8496253845507933,205.11328781408866,11.41133236942123,113.71253810337376,18.932219584689598,2.8272290971900373,6.407852173806711,4.853260127834232,5.56381541742243
E-0021650,2.0312698599449592,180.49465564447564,10.617449797823285,116.29395554420296,12.799561480653445,4.206730423524434,12.390546927602111,5.252391795869701,10.313163679657698
E-0021651,2.629572518648697,135.3763329907982,16.577453096116155,332.0868466064497,6.7143318204719975,10.134298292132506,4.765291327872921,2.677434974387366,4.7550098952844015
E-0021652,2.8547085586303376,97.35795849920783,12.859428238842778,168.8559377213122,1.2219205765616357,11.78336628956373,2.2551282359534137,2.9000663547157206,4.076828597781838
E-0021653,2.43696758937174,154.72870120116107,13.06946114173096,59.94939073941631,9.937854147865293,8.011291962861037,9.007753022986549,4.527946397757392,7.5841906250830045
E-0021654,2.112712741715441,147.64679276390314,7.993426689176918,89.37495875960359,13.058747154675697,8.134083315020565,15.393580035884805,8.596714587251686,12.033988532791827
E-0021655,2.5046881600119772,87.11774701312773,20.037290938303894,257.18848576088516,4.541520255797115,10.281528194114586,7.181620247050552,2.4380084717288666,4.636269979658539
E-0021656,2.243320407979384,163.52344446731036,14.675921760694074,92.18221647795077,4.563244938886847,11.175223242562966,9.940528166934424,4.139550129007316,7.167338599909549
E-0021657,2.3212657920655477,107.70222615047881,9.703025415556002,62.74583343730952,11.874741475490639,2.943413386228201,12.672290960582083,6.654880219145532,10.409184087805297
E-0021658,2.1672593910271463,227.27521450100505,9.951606394127094,85.4323156580672,12.387582966778295,4.5561489330154545,13.921127978659591,4.514611655383629,9.992233230640036
E-0021659,2.0571962382508318,230.71153258142598,10.694485778294785,101.5760761643694,8.323760006412638,7.174825438948971,19.195164378765057,4.991244605649052,10.285888454473156
E-0021660,1.7847263816032901,225.9449904789941,4.71277158335539,82.98781720826048,13.928680365859528,7.4306512220152605,22.441044069872472,8.801509089532352,15.547659101891092
E-0021661,2.2370217190045416,124.15242231828948,7.369662082621101,272.03386087534926,21.357623354417242,0.9686200593155554,10.893391640594103,5.4467901708245385,6.297347382211786
E-0021662,2.731760721063689,62.8986549451966,15.150133526546611,321.37163297957954,17.83865297128269,0.22557066984150564,5.777341978124975,3.184462269500209,5.195204331414909
E-0021663,3.3415226868724193,53.053563257696354,12.54031472430226,241.83273414727117,12.786689050561518,1.6510471698018452,2.771731823812636,1.0198168892876782,1.7411247190496344
E-0021664,3.3059759786936653,29.80701150330813,18.905724256251823,340.66497133798276,15.518488936956658,-0.15823515567147595,2.879504224177593,1.2076956719308423,4.226065382967748
E-0021665,1.965140908393604,175.4647602652948,9.261502836158046,96.46625839123053,14.04281407817965,5.159409699915146,14.228337320001273,8.132173089161524,13.905849158817174
E-0021666,1.6460584039603017,248.59527585037512,5.607650690470875,60.2562687131178,9.902710650638078,16.07289027244391,24.585007163117677,7.519092941006328,10.589281778507363
E-0021667,2.796188293108008,125.83842500326287,17.431916837729766,60.17070517148135,7.43189692305484,4.457329799062966,6.507262318511301,8.612412865799833,8.76348571315553
E-0021668,2.165492727028877,200.9965360341601,10.97807502430342,57.676200370372854,10.733643590680186,5.544601576632177,14.850525961689168,5.710305331013649,10.3174777528719
E-0021669,3.592405524971989,-4.153798502328726,66.37950031610252,317.3123758767763,3.9891385317671624,19.341728224710156,-0.3897866757950158,-1.6484333076382267,-0.2388586282115663
E-0021670,3.5901947805684253,-3.1973415908709946,65.688682460503,317.3123758767763,3.838323236454439,19.341728224710156,-0.31611249328938434,-1.6484333076382267,-0.2388586282115663
E-0021671,3.520271809959966,-3.535430580128807,67.77944361538245,319.3900902377981,3.9043099389558815,19.436957699862173,-0.08313437423209222,-1.5737869207550914,-0.2388586282115663
E-0021675,3.0295422414297155,177.3513048180614,41.85145996388752,302.0328473517415,15.011606723567434,1.2339389001685879,5.807402800249114,6.622397619869867,10.3116068775707
E-0021677,2.86425398925649,200.94451364868013,35.84226538818319,245.0734894499483,14.602419201171625,1.4420171431377593,8.157960401967083,7.189433624256596,12.52958771403372
E-0021679,3.617749535701445,61.563745947429794,107.55470934452715,879.5953351934912,4.79678108658859,8.61613547314193,0.5447224164662275,1.0932485202643556,1.375397279644689
E-0021680,2.5009363797425737,104.0643431385717,17.941830358887042,257.14341675787176,20.507533827008942,1.2059428872873204,6.694632484217521,6.275772696178966,10.154960594009992
E-0021681,2.800910569934289,161.84099480743026,30.61468189054282,471.9509419042625,13.925642847372474,1.5630946857760002,10.253069503817446,8.971103441075384,12.327259183180894
E-0021682,3.2337210666064653,117.8061463704895,111.38350094753282,900.4542453892326,9.8759512710844,1.1169040816345048,6.698749717581274,7.050120536023376,10.675547545081681
E-0021683,3.2294900083711204,108.28070015387728,98.32886774737844,724.1973767698403,7.343363875760315,1.3669656900963871,8.644044242265904,7.219267517146044,10.552703593812145
E-0021684,2.94555127128597,132.55071241963668,65.61658723802944,1076.5789568508123,12.117323219333796,1.9853182087432508,7.1300992224979876,6.323694544817904,10.541409993695906
E-0021685,3.22369382077211,100.51345942138282,21.902364582843195,366.57580537547386,19.285757838233557,1.7622008085005867,6.59240895657486,8.583562434622166,11.707286432535927
E-0021686,2.755193040554945,218.37741765362844,14.251852081093372,678.585309553608,9.225258343096781,2.7561280102534362,9.399065935705659,3.1218734109453385,4.010060652682141
E-0021687,3.411212508275499,59.37825055575466,58.18365186489182,780.7822308674013,3.5918621021751096,3.217989819827417,4.101884894171865,2.779482758565596,5.656184353313639
E-0021688,2.821814284844672,185.65093199101037,22.27464233925892,812.1290516141461,9.387471455643452,2.735126704000993,7.799907725943137,3.251520050575568,3.8175093920294447
E-0021690,1.1075918512678171,235.34876013268695,4.742659339519735,82.81213697778318,20.14677709976784,2.8098349586360096,36.92089433005066,18.23862919628807,35.79021566373937
E-0021691,1.1075918512678171,235.34876013268695,4.742659339519735,82.81213697778318,20.14677709976784,2.8098349586360096,36.92089433005066,18.23862919628807,35.79021566373937
E-0021692,1.2963041689846668,232.59880045980333,3.6995578859340092,107.43755369933017,20.68538960042156,14.51581446892396,34.998441361958086,17.423485639483562,32.59990886060054
E-0021693,0.968541380733766,244.89301883499823,2.823951624833729,99.57911856686248,16.204179562339757,3.5246626128449026,53.95833475490948,20.518798677935713,33.02559647617936
E-0021694,0.6835991125345671,240.84448858581723,1.508850677533744,50.538670680169865,3.8669356673809014,6.215378419074463,53.09837822982956,25.457126288915497,44.26684404218544
E-0021695,1.2151043202674123,206.99348832976318,3.2609672938201744,92.49015340574344,5.531944639909295,9.1462952378829,28.311983173356605,14.713898362513294,20.59685556978598
E-0021696,1.8439196390492005,121.49734051712565,3.2948846509317704,93.66706481192611,5.372421588961702,8.55445672433084,8.366881213725652,11.260985896003923,16.78245533925174
E-0021697,0.7916120056187859,206.58926259382605,2.337141647288123,48.49915920530503,7.271407860328019,10.414575466866602,23.614347729937997,13.173750278822764,20.820694431939508
E-0021698,0.9247348988719742,229.61049287859936,1.912942769778856,74.1694227024018,5.6023589977112955,13.38994269668206,30.245308737260928,15.25631705366899,26.081317549651587
E-0021699,2.034964056478446,124.94901367861326,10.272559964286351,120.57518507384268,6.5749842362215745,9.469865998452866,16.92033392453577,8.870847170776486,14.130022274283325
E-0021700,1.6415697510137277,241.40331392556698,5.269841753522503,65.74238324262771,12.318271183240304,9.245902672982467,27.083134673660435,8.918234237467411,14.304167159105736
E-0021701,2.1015863751784787,128.55522788753137,9.946455498241018,97.07733023447115,10.835099550191266,6.465007367360351,11.509605192161203,8.061458663685421,9.980635609949442
E-0021702,1.7579178116994527,162.09235804592737,9.976067388605268,103.62031633485402,4.836174284574527,12.566899418821825,20.299083982437672,7.615858775033449,8.137407214269269
E-0021703,2.3819115296871747,120.44622755223847,16.135452453609503,98.16484070165333,5.96914470742676,8.433487246630191,9.464059991031696,5.348217160098137,6.864111334161817
E-0021704,3.14920033291008,34.32568657235835,10.509790321912362,133.95332145197239,7.954498454290823,2.765023057593914,2.725422389256625,4.961710055889598,10.452188134561968
E-0021705,2.2278570073047073,230.53369929358163,9.39712633610409,81.47498016246747,10.81699887954063,5.689858249778264,9.666844342100848,5.1258314906426,6.87857469948799
E-0021706,2.1700508374113685,136.62542165543056,9.696162370012335,311.01653061644254,16.647908527243086,1.949176579602339,4.53293894396243,4.931095243905114,5.044688438470376
E-0021707,2.6420962411446784,78.29773656820058,9.553882473455603,247.5641567541824,16.691922380306387,2.1201401031706517,2.473393457597209,3.094052610889084,3.782377556709989
E-0021708,2.293059095618129,157.038083978955,13.505815573481538,77.73169672266404,12.362691466701952,7.407761231286758,10.674458250617601,6.748140611066903,10.507180271957772
E-0021709,1.7404536277606542,217.97032276229285,3.310880429739404,280.54059164288117,17.047567312176984,1.2914329503875428,15.660010342152463,7.5651373987180905,8.863817914341224
E-0021710,2.010618016172061,221.59361513689686,7.313256379928532,283.64754815183085,15.953247044569148,1.2420692084617766,8.724707018280096,3.310599282213956,4.512322172247814
E-0021711,2.0504666018302027,188.9189044077577,9.245706814120059,218.38104056086854,14.92911335773747,1.7458535716118417,3.9157733855292727,2.350673946130544,3.382899578957448
E-0021712,1.9081881264851503,155.89320614664769,7.75530711748101,288.6494620553315,16.829906861542725,3.753981676185473,7.279570712625406,4.682252256550537,6.731685503378661
E-0021713,1.809714367245955,139.60611950677225,7.0120193973692295,324.10970810289285,14.159903000403023,4.271994565381146,11.23553348165947,8.364120016790743,10.392961124727929
E-0021714,1.720885769258599,194.45422386006152,6.356039803965464,305.74915857841097,16.993072696504342,1.3564999278786714,8.626476641464148,4.060369618779367,5.850074854426641
E-0021715,1.7484736776895056,195.17637255573285,5.605332823998554,321.1682620197989,17.393376962186267,1.4213026522040075,5.867995479222346,5.262281549549693,7.853992542740375
E-0021716,1.6474138977162571,196.41677150417803,6.261661896391507,283.8444485065297,8.652140538717543,2.790787375817916,8.011620579439922,12.812914282846616,21.016217485367648
E-0021717,0.8180621997765674,252.50363565332918,7.123791010857788,159.07807551413347,7.380628772952247,5.969144212472389,16.663776815107532,6.147194885332065,11.795950890244214
E-0021718,2.7896254780539405,119.21747082997037,14.616662859382394,83.84830383535117,13.99761864277528,5.653964428440971,7.534197975376532,5.141244176214013,8.074333797857683
E-0021719,1.8838594708349783,149.01945082658125,13.939084445112856,184.36560354935702,10.58306456880749,3.236161948019677,10.242666644524014,11.569355225913707,14.393596285030656
E-0021720,1.2796835117010295,233.67301836045232,1.9182085578370747,118.64569972910974,8.131481767299398,8.164369801961268,14.371994266684164,8.595650256835963,10.12454624349709
E-0021721,1.2796835117010295,233.67301836045232,1.9182085578370747,118.64569972910974,8.131481767299398,8.164369801961268,14.371994266684164,8.595650256835963,10.12454624349709
E-0021722,1.89736558015818,141.23183930344607,17.09139744204517,90.72303202520953,13.666959763118635,8.423038636183815,13.8931541989094,8.131151849515952,12.681896263540958
E-0021723,1.89736558015818,141.23183930344607,17.09139744204517,90.72303202520953,13.666959763118635,8.423038636183815,13.8931541989094,8.131151849515952,12.681896263540958
E-0021724,1.97854614909669,186.75968242094956,8.078636302757886,91.77631074166513,14.266579722953642,9.039691901193526,19.748955306486856,6.463883076503904,9.346452251418643
E-0021725,2.032685854218989,132.37571306729313,14.390182876670268,98.41822048829783,10.469315804110778,7.507309681565181,17.298475999023537,4.6880729065372915,8.489196340161305
E-0021726,2.056514208088819,136.20753872440767,8.528366601122382,108.15860451910038,13.24959098015335,0.49660521958636605,17.5550903136643,5.886822611432152,9.822401606648683
E-0021727,2.928435307170571,152.29818313125554,20.26236233277377,88.45694227255669,13.237504469988192,1.2406109622522274,4.363109468453393,0.3139447336419452,3.647847927768756
E-0021728,2.9249952897572538,108.36739325292794,23.68950942598065,139.0771855048754,11.949300430640605,1.3442294446500727,5.581168164700929,-0.09181533950618825,3.426966851700059
E-0021729,3.5309155505673786,56.863866862970504,89.95965511675483,503.3007457927291,6.227761952301198,2.1842085310266794,-0.15546621496268787,1.991498552706319,4.6522522556254335
E-0021730,3.9327908656557167,55.16495287904118,39.43505656560977,567.792563688863,2.65739182217691,1.1137163869332352,1.4609438589879666,0.6430485907936397,0.380724260427686
E-0021731,3.026635932620623,165.42286123889954,60.88449685885441,361.6098544089329,4.809074747304763,1.818714251028553,5.70399772314918,2.4674725733532057,4.28524901324109
E-0021732,2.653703024511073,163.37869768819604,50.03643026388147,597.6349043697282,4.586971502990251,2.0412826945800586,7.410737631103595,4.9675470833968935,10.06647249538334
E-0021733,3.2337210666064653,117.8061463704895,111.38350094753282,900.4542453892326,9.8759512710844,1.1169040816345048,6.698749717581274,7.050120536023376,10.675547545081681
E-0021734,3.2294900083711204,108.28070015387728,98.32886774737844,724.1973767698403,7.343363875760315,1.3669656900963871,8.644044242265904,7.219267517146044,10.552703593812145
E-0021735,1.8317674325680877,266.5057516091992,11.390290813660247,392.9271555838995,13.648116512610724,1.2341663232311004,24.279377859614396,7.98924813785816,12.044677136199875
E-0021736,2.440510202503426,233.85835287142575,15.517784612167674,495.65759005501127,20.611569961397123,16.318649196002873,11.89436996479529,8.255788214990435,7.184969420486709
E-0021737,1.6928512456832818,269.0969746793554,3.385832727022615,62.658321650782106,23.8671784449095,4.173539074527636,25.376895194868162,19.479405461040336,31.65889868637341
E-0021738,2.356939593279747,270.00051100759083,11.887853378543255,261.56738465294865,22.107472900594814,0.8283786063512069,14.796078704369377,6.126979155169771,7.523655889587349
E-0021739,2.8601237059282747,196.21450553656643,19.635866866575487,658.2100686799379,7.558433657550441,2.67002525538979,8.740057189428228,3.061046492924335,3.7587471524565834
E-0021740,3.0894478527516442,137.85266372650813,36.636685825991385,740.8533371639195,13.163658284783656,1.5908223400238186,7.060304928121084,3.6598618348596594,4.500203094995481
E-0021741,2.2312370597546614,214.7144570400984,19.961547857612366,506.7396791990004,12.8221224270634,1.4986687680032549,14.30585043219655,5.576580846377169,9.849582355764275
E-0021742,3.026413631798799,174.55878476435612,52.4981580378396,384.19164221928077,3.812312552711564,2.643255158390523,4.774068886976446,2.6848649956512443,2.167434040075348
E-0022435,2.0966860801874283,112.12999784016404,15.91229052821048,115.02207459159821,2.321808903818096,13.328989701249604,9.348786389585605,6.1684894908872945,9.717835946468934
E-0022436,1.4235745064111414,154.63577290353112,5.573897448626327,25.909535687200474,4.010411842103048,10.948886990744528,26.931713621723485,10.256113907853637,11.43252944702342
E-0022437,2.163964644680705,141.03154047155374,13.269103186148156,172.97466951820527,8.483267229094492,3.0190682953151597,18.407316854863872,7.614755729395144,10.107931481069603
E-0022438,3.788391193278474,4.094285847456753,25.867914598345912,239.63020635930917,3.714563952295842,1.8734839595632926,1.1317093225947858,-0.12897125122728337,2.054722590878928
E-0022439,1.9836451051943924,151.77077952459314,6.55644368912981,346.661238486237,22.740692451621822,0.5196803652092168,15.037542645093891,11.82194309927388,16.07048995820129
E-0022440,2.9756800143649396,114.99975742317277,28.042458493089157,1182.39567029289,23.198761126607167,-0.04242167026526322,2.7895537893025733,1.053201983881224,6.465613914144053
E-0022441,1.6841369435109237,212.21020180747797,8.12909767291362,101.92163461563544,10.113363237488844,9.718349050813755,19.099217369849445,6.4501992721426475,10.824747421705835
E-0022442,2.0290876552758816,200.5446224341481,8.6018494884415,85.45882157453437,11.238952813752519,18.748277867775087,14.61474429553494,4.121727459852059,8.156988532192386
E-0022443,2.7442607052974095,112.52637490162968,14.468428057751176,83.32993552852446,8.237562420352695,2.7551236421298104,4.191038977222233,3.335873797524558,6.129918963896849
E-0022444,0.15005634774979112,242.23989668159876,1.4478337777562968,72.56278890813891,-0.5480288748679244,14.064231405192604,15.452717669212634,6.3610224629549075,10.15594337227992
E-0022445,1.7446567003856521,175.2931517424337,9.330490047187913,135.42333331456382,6.146738733300451,2.7201277485121462,7.40624650456694,1.5580861174401095,5.152386125370333
E-0022446,2.427907908045032,126.59795412609743,15.896047668973718,103.40635093650911,11.11297268409522,7.43551287099585,9.958286657018949,5.479611558491368,7.668333377657684
E-0022447,1.8443862960893203,122.6807999283371,5.110595387504501,277.2079553415385,17.60292294736094,2.055446905768904,13.307334328436681,7.761864031777231,10.681419740315086
E-0022448,1.8920195645015856,132.5368733631812,17.792389701569284,112.54143821687697,9.794850641987782,10.740823037668733,16.922900660182936,7.793854654886157,12.353747788805496
E-0022449,1.8920195645015856,132.5368733631812,17.792389701569284,112.54143821687697,9.794850641987782,10.740823037668733,16.922900660182936,7.793854654886157,12.353747788805496
E-0022450,1.9262918456384446,181.21593568644263,8.83283069331301,114.55675737640505,10.433349139379661,10.893612833361615,21.87031392755992,6.812769382153004,9.021783804142483
E-0022451,2.96094023510312,133.16595896059783,12.235488889737459,73.22625684751111,6.399861863648702,1.8658182833348063,6.017440139536193,4.815449933071766,7.247395528972767
E-0022452,2.199710517664822,164.92968506180702,9.789022334142892,39.25301115298558,9.873020309055514,9.985551521952937,16.995351066261165,8.001642496442622,9.71353992468294
E-0022453,2.0807207312221307,143.84810324082264,7.915869099407704,43.267022755496356,9.621110556153178,11.91110617229172,15.553498683708375,13.22345745664709,19.22609807730511
E-0022454,2.224827408432017,209.36115546376897,9.357256614465962,82.98346546307965,5.974980052107547,8.330827385462301,12.745603646928963,5.964771539763172,8.300420943800695
E-0022455,1.7451443385428846,197.57937338902508,6.154243115286731,303.61193193635495,14.246747287766063,3.664887280265634,5.098065877886478,8.918413190747268,19.22981004324148
E-0022456,1.5902854403351823,188.98208867546458,7.257424097443099,271.67937432629503,13.001740521130149,2.061577469926123,13.765758076702426,13.415585192378177,26.780606853495048
E-0022457,1.8101599745264045,186.0770344388273,7.265738215520928,65.98432001524652,9.509260645291388,9.552992953413387,21.630662875564113,8.419225210335835,11.116426783135124
E-0022458,2.5638986418246645,132.0123390526973,17.77702522987814,67.97424342873595,8.900130481403952,5.275489232068575,7.0855795573897975,9.007198072623122,9.396884866804285
E-0022460,2.3108510714300157,124.04311543316228,37.95052795870562,1122.8620660605047,4.299502756389221,3.6535139129041307,9.78184227895288,5.935968949988576,10.420635537839
E-0022461,3.4546448047068887,49.1572581241831,154.90567940483496,698.8555132170511,7.3729701295894055,2.29722336919596,0.30895989098595583,3.077604260188575,2.513428099642371
E-0022462,2.155431221925014,235.41268528088597,19.04539906767191,433.88614747384474,12.237621004092619,1.0040154553812646,17.845788342673472,6.119392470164277,11.471584190972393
E-0022463,2.1620726406814166,259.7373889169369,11.858958869844727,410.70869471214786,12.246207999363225,1.48156088797179,15.721756543869864,6.141800201256899,10.834603577541454
E-0022464,2.298110059767649,230.94274286635888,16.53782630309308,487.5225812613043,10.519712888607508,1.5142593804556301,15.362226454089344,5.3130653245778285,9.801231875856022
E-0022465,2.926677340651559,157.11621476165556,30.716984681642554,434.1380233681528,19.92989845202259,1.1967268186548683,8.117490639965872,6.475073743872793,8.961925581937326
E-0022466,2.9832100588728236,130.86183220813885,38.94534303991128,909.6097374195934,5.73722505770494,10.154024332562502,3.0283160444351807,1.9649029238721503,3.635460975550613
E-0022469,2.1206420491936164,115.60698517420964,8.457949217709633,262.6197982638967,14.530047121035988,3.0295019369799405,16.95185368109701,9.471759648876478,19.32310769376519
E-0022470,3.581717506855106,6.528155386719096,30.949908754466186,357.94133977929243,5.70020835496484,16.49025860775204,0.6560207408921257,-0.34638312587788633,2.2275466346040247
E-0022471,2.0419302478750816,170.6793358356934,11.690604475268778,106.33310356071388,6.868358389463414,3.0156125168605215,17.601258526726774,4.243484082315231,9.529569448160538
E-0022472,0.991393503300755,184.87777440137316,7.782796191040877,187.70195534679272,23.47753644762488,8.26650542748446,37.29634715800682,19.409495396358587,22.041587059612507
E-0022473,2.6377046879894754,123.9916132928528,14.4998365276781,230.6132149114007,9.476068047744134,9.592587329156512,7.9400550699762915,5.811206903814396,9.357661838683573
E-0022474,2.3007486718440227,78.97215384791753,8.592358165366424,299.0691017333543,12.593129271832492,7.107807301738226,9.27333139670332,9.091934013052782,14.112656337221036
E-0022475,0.9430116515174201,221.3850877736962,4.280335327433593,12.312046605554281,16.12461727307977,27.331791057621434,59.59372945230234,37.203423724007884,45.34654882929321
E-0022476,2.6535806063441694,81.5518529481538,10.446920622619963,257.8652738396531,21.520939747037783,0.8714061881003019,5.657944352188203,2.8796834102699593,5.1695495150565955
E-0022477,2.427463727605346,102.84264305344317,10.824941717722215,284.9017325779335,17.533693414940487,0.7054288895936999,6.5016910400090095,3.7132503519021203,5.216992652474897
E-0022478,1.399416989113754,218.87634185264372,4.639878148259442,123.36310777039218,10.175801418239061,2.826837192685269,30.06893479270694,12.685481039800468,14.108149139839789
E-0022479,1.647515521956441,170.9396506969636,2.7992624380729203,198.81383247081584,13.984246762056031,2.3906031305239495,22.841681371271665,11.805710442301457,12.555705954801692
E-0022480,1.5514371467721,184.37964913884622,4.0234438819346074,266.62869661803006,16.495383103540956,1.1033762674301733,19.18099185063831,7.3547686290100165,9.399935952989534
E-0022481,2.23635895716601,184.86505450922428,12.238289099007876,109.28306031080437,10.456746218556468,6.526077839834767,14.0532740041443,6.007493232706338,9.732167427440757
E-0022482,2.692308796967086,140.01421276524343,16.414855575043998,125.52726517312517,7.5497997072048895,3.958534281496456,8.057311402583274,3.628086151742214,6.826161646736648
E-0022483,2.907996779638313,84.98328206048691,14.107205054720916,97.9353881333038,6.219099247531117,3.7538128883092314,5.173876282173117,4.862628809104576,6.4179538963598155
E-0022484,2.7388219815565886,174.96918312858588,13.909345435517732,108.30141883857983,7.895203762172068,2.112075154348613,7.566459994370512,3.3856910010440293,5.53643812136281
E-0022485,2.4368381433209505,169.08947347177644,12.005942939434325,82.18319914781068,17.554178483001458,3.610409342344508,10.982949163415785,5.11013031401647,8.824689269597922
E-0022486,2.426172999840655,199.72707382393094,13.73289919392649,59.45787115164224,9.977010777520306,6.528378958298648,11.920574895593738,6.177870800092241,9.917591095347198
E-0022487,2.231449675414785,176.67806738332553,15.458456344100757,73.43097227258347,12.402719201249141,6.021872750503984,10.623168446961142,13.978147034754327,27.29349116008678
E-0022488,2.317977725588973,126.41666180194979,13.702405559802504,85.24228711215841,12.68319159109563,11.075600415179629,10.562293459788417,13.623206037336072,26.950501638644027
E-0022489,1.8927746118724684,165.3955086445801,14.016580953359211,45.476868115917505,10.435037140888227,11.151839155805765,16.630070502397352,19.158273044841064,37.495243247813384
E-0022490,1.9874110840564527,129.3870834095913,9.514865687960228,66.07852738948893,10.751236975956244,5.967210191001321,14.984393617093737,10.81659630212515,14.031699175740203
E-0022491,1.7310129103010545,167.02037605904206,19.173537938723722,70.57037167472771,10.602954409908898,9.030076411109306,17.443166230320564,11.469321908494521,14.946025084782967
E-0022492,1.7310129103010545,167.02037605904206,19.173537938723722,70.57037167472771,10.602954409908898,9.030076411109306,17.443166230320564,11.469321908494521,14.946025084782967
E-0022493,1.6784711413026376,231.72489984672504,7.7773988409211,68.20259594476553,10.71015277032523,5.45053501775316,28.580605761144678,12.221432039196136,16.81721416964163
E-0022494,1.9295154720011496,166.7093352588742,10.326272218110544,159.96709549906734,9.256953946864481,1.8218464690902574,16.28630487421988,7.001346872273209,9.724676788340183
E-0022495,2.7783444759193863,72.74446740679952,20.68292506216187,275.57826386684957,10.781823290296716,6.581076680845366,3.6103016083114845,4.714679342844313,10.582731843265758
E-0022496,1.6766229086064608,246.31584089876273,5.363881563105768,57.853068085352085,11.140996985127831,8.207625153411747,25.109502455356804,8.276521823682598,9.827579026798308
E-0022497,1.6766229086064608,246.31584089876273,5.363881563105768,57.853068085352085,11.140996985127831,8.207625153411747,25.109502455356804,8.276521823682598,9.827579026798308
E-0022498,3.117540211372704,142.3178614645644,63.313192969463046,364.4187481002857,10.229095786635062,1.370147679231891,5.297187566357728,6.825747660541488,10.781642264345304
E-0022499,2.607219903037522,111.33830821117468,32.309617861053276,160.05519504214837,13.725828809669832,2.208791817426177,9.457917610133181,10.009822973762393,11.115748002294383
E-0022500,3.1270670144039014,84.44056013120573,28.592494848757642,239.59466425986705,10.891209012924445,2.652386144865714,4.765192020974679,7.126868177255388,10.750254000114555
E-0022501,2.774144052083131,145.66227805517735,38.45406389370995,445.036315199498,14.35562565261195,1.0045898990169926,9.465984455285597,8.795792406669644,11.980458616400837
E-0022502,2.826776874919096,156.92097800706776,69.17002960014955,708.028211038789,3.8836667737428248,5.137634599937547,6.193430296154089,4.275390777722571,10.022857990598334
E-0022503,2.70386599932991,122.39407253660865,65.27740666866717,729.2742214305688,8.818559356184391,1.651448912387052,11.208153180815968,11.029336046389588,15.644685898900104
E-0022504,2.70386599932991,122.39407253660865,65.27740666866717,729.2742214305688,8.818559356184391,1.651448912387052,11.208153180815968,11.029336046389588,15.644685898900104
E-0022505,2.309470770378742,243.05310318876934,18.181640933790927,283.8755054998178,23.169850188366205,1.0643765106434746,17.512576708643206,6.75008438074004,8.414448977377981
E-0022506,2.3575856922705936,235.8604262925512,21.783209538040587,307.07104075840164,17.526863280771543,0.8099896564835385,14.022808444861973,8.86825095303514,8.188897653925206
E-0022507,2.294087060723529,193.29411231395852,21.41053056941274,253.00975750433943,4.984868762764177,1.4872291763325756,11.85038654617433,8.492988107285267,13.221586576231093
E-0022508,2.8282531097358437,196.74361066525427,22.56572823321943,702.9774735092478,9.373117938767473,3.0845077078869263,8.727214535590665,2.840883147163725,4.235024451865369
E-0022509,2.689126583035347,234.6568663507227,14.674115969626802,658.8625990941928,11.166743507723446,3.1649088656417455,10.431599500309098,4.75326609040207,6.000408136850064
E-0022510,3.671576915785173,8.831755076476405,117.8388969056158,793.6630137408927,8.153150658725753,1.0849665509767177,-1.7994068747501517,1.846224129880408,1.6599285929716032
E-0022511,1.9609289318048906,151.43386924680075,7.710676327758316,76.25973348777482,7.347917345207123,8.893631164099395,19.232545323538112,11.191144953950413,20.905169098212024
E-0022512,1.020582707300528,183.0060601889972,6.232761702842757,87.4894727926531,18.738314595256476,2.5194473954565417,36.00900064418704,16.265314843239587,22.121340616201564
E-0022513,1.8817090830283223,115.0045917436494,5.548123697178308,212.53582856894627,16.581129631027707,2.5039194193982777,10.139791455113317,7.322357307264037,5.1025163942323735
E-0022514,2.1460842511754157,97.99883999178238,5.534261392364301,248.33785487829383,18.42700131845556,1.90226699541349,9.435289740684578,9.731642839445822,12.59651856782665
E-0022515,1.3579434626763953,178.50036317244746,5.46353190946655,178.5041061352042,10.190368804875726,5.822948466559261,23.52809646677356,6.731876923313612,10.85331766850218
E-0022516,1.9181640701958185,155.15921870616648,7.196635517100905,380.6366876394549,22.38095936312354,1.0614614062173846,13.436210880792903,8.750326437727066,12.623931388393125
E-0022517,1.3808166343528558,239.1578474072194,5.072586305871307,50.59627024918412,11.182124495903878,18.409159693992514,28.402805580519313,11.427600600451154,15.957530373041955
E-0022518,2.57453963744538,126.44781708191303,15.231875256257823,165.14675995920058,6.516795170651966,8.503015133113706,7.989025765172888,6.187216815441225,9.977944245343007
E-0022519,2.5752133211667685,156.66723676665703,9.463005317018395,109.11325316587285,8.086761667601156,5.073839685256405,7.6595107556981015,6.474894494698896,6.028328266045407
E-0022520,2.4131749115790457,115.02438943255686,13.139567710978794,84.9225841972903,14.37436952384311,5.820587254342805,10.368677444993489,5.534441978141775,9.018132747741765
E-0022521,2.6048802470601657,180.86924305311828,8.642425761095458,86.18260400054513,10.054870373445377,2.7568931621705284,6.080972325153683,6.09039037253268,5.972913570248461
E-0022522,2.82282786211353,147.7094067653539,13.817243956677029,80.91223346337016,7.479949981801837,1.9041896829523517,6.0897318138239624,3.734363571048572,3.7360528776732567
E-0022523,2.82282786211353,147.7094067653539,13.817243956677029,80.91223346337016,7.479949981801837,1.9041896829523517,6.0897318138239624,3.734363571048572,3.7360528776732567
E-0022524,2.5959442717784316,153.94925198342435,12.228166103937136,80.73706828134206,5.9680703645615445,5.772699309649923,6.775578020806387,11.127730033050765,18.76456601278494
E-0022525,2.4543740119127024,159.28934757351806,14.776338274236657,112.46049887579865,12.942027910622045,6.226540518699494,11.740526431211723,7.319657663945347,8.801748699471297
E-0022526,1.697496719849535,138.9732402679731,8.947626128107919,121.7323480352559,10.423300062308055,7.210498851725581,20.50172807790764,12.504095618857683,20.194314296902512
E-0022527,2.7918015912285243,66.87629257160646,13.52182245546583,382.1606198869054,21.19799370674736,4.0616830168699485,5.535476682840551,4.798478662544382,5.571530892734712
E-0022528,1.6827993235673153,185.22136362973478,6.269874952098612,227.21403092270685,20.60803975884688,3.7306723370942194,14.806282277157116,6.656200256338534,9.469467599076399
E-0022529,2.9328367110336213,115.23212393717206,19.665383748932015,87.54459118455145,5.879286408405905,4.585847500140983,4.090749919297158,3.6589566656315284,4.569725395139363
E-0022530,1.6484427150277814,195.5936780274094,4.396456497136977,65.35801946016917,15.629002685069558,3.8126458041729596,12.879707459777398,8.991225880095378,17.36329407443227
E-0022531,2.065332666679849,126.14973144345309,11.344985973716184,201.30179377025055,12.620478487520618,4.870569191049178,8.383681271059634,5.541679244776596,8.245876752477418
E-0022532,2.784595336302277,71.00808623425178,12.628834777922199,294.0939776014531,10.875873553576296,2.9405871565592845,4.369257205091563,4.345780404463505,4.7250635907729075
E-0022533,2.8983507641286232,75.14065286001576,20.136387168935038,237.34085495056468,12.947310295669194,5.698264743653269,5.980104435305208,4.745207312838431,10.671387173231834
E-0022534,3.0582388396439955,131.6395901545714,16.31218468744686,170.33379320029945,4.016601260714154,1.8808727516064483,4.862055391648486,2.812512847297084,4.642743355639258
E-0022535,2.409134838305155,175.33570915365164,12.285920976256348,72.06744069992298,15.908252737401687,3.390029192317323,7.097177569345455,3.252385637013482,5.074751798114984
E-0022536,2.385463826893992,135.83364541247144,12.803041723194502,67.08573329427242,12.119279058684649,5.337280929195165,10.250664982981311,4.258240892524258,4.580554382253281
E-0022537,2.773050572623478,80.24167299068617,18.318260653408796,216.1649761581131,8.978166353859436,5.745482828383346,4.788806400781415,5.469058339898831,10.075540308459974
E-0022538,2.9460258709357037,60.347970182083074,19.51647155807672,290.4140795403191,14.891086898040548,4.777135138635353,8.595282357291715,5.276864308485193,10.289636467811427
E-0022539,2.3127580368685825,156.83592010414606,12.193438135812139,123.02791083221399,15.993374301435711,7.203779579971479,14.421505031059167,7.315583278645578,12.766199646347413
E-0022540,2.314022605965735,213.6046094435006,40.842966345386536,899.4837517489958,9.029534114834405,1.6486612030306056,13.595770658484852,5.179675653476938,9.745495906544296
E-0022542,2.4116910941759877,245.72802894666182,18.433914802121052,287.2468506608723,18.57793593247356,0.5993141587459642,15.654894157309842,5.703226080400453,6.877345657379587
E-0022543,2.061446206427538,234.22355578939363,20.786018188496833,153.57779729484997,9.203549602510975,1.7899763718879513,17.53990958441351,11.221258855127637,20.985637844566767
E-0022544,2.282919487064757,176.5312370867277,27.567048005822038,239.90192098355604,5.006511576826593,1.4278391691370338,14.576215073444079,8.375116366001771,12.890991601597099
E-0022545,3.283329185129821,134.26868640176542,55.62713825017052,1236.7258523651349,5.962622490508236,1.9116043784203822,4.5007956126690125,3.548833760553949,3.9962752845979526
E-0022546,3.137068095802925,101.25709811581397,55.62931805536682,732.2358680610197,13.196631558729443,1.8379645128750752,6.811593594736276,3.350353574416149,4.608587414695916
E-0022547,3.4264787847552127,26.437576026171854,29.23932581988611,423.787893776193,8.749294731247794,3.2425542114061034,2.0170840587803927,2.014499417181085,2.6143787487651213
E-0022548,2.3356715170980547,164.93800596454588,25.460782913577802,671.0174303278325,6.377935672758807,8.555683540688603,7.680547255303652,5.859854740168079,10.135949443609551
E-0022549,2.3356715170980547,164.93800596454588,25.460782913577802,671.0174303278325,6.377935672758807,8.555683540688603,7.680547255303652,5.859854740168079,10.135949443609551
E-0022550,2.9789284363038364,105.44062088657996,36.62265307101062,240.3238255322782,12.042947304313257,1.6542868580000714,4.374497910926021,5.751329759031865,6.581976669169904
E-0022551,2.0383769415350192,271.89612666827975,12.377926708392843,276.3753474342463,17.32009081582592,1.1061729185727438,21.786171569731327,9.993861708811655,12.367353016650197
E-0022552,2.3082849970290398,193.2299983847418,20.922626998592293,285.891814972374,4.60578252087652,1.5492367419615218,13.096564546927288,8.152102820253422,11.981373470528133
E-0022553,1.6814061480629439,255.68699629821063,16.988523883939774,246.5679202475685,6.572194360685047,3.0229589183055174,30.10136529901304,13.911301465428178,22.616686557120783
E-0022554,2.0344893155681394,264.1243323829556,31.14895005484182,379.09437918981666,9.28114510197175,1.7726230093216666,21.853599340648373,9.606316090507532,12.933781090910824
E-0022555,2.2591046534691297,249.12846974639604,35.58944578580793,336.57530117070485,7.1778186116484965,2.0283515113585286,21.50682946567808,9.90199232189181,15.225104480201159
E-0022556,2.2359611974668745,232.3414791243373,29.520313623218893,513.9089377086453,6.733298830160721,2.867157140947641,12.399297657054497,6.658052598879804,12.158672663497153
E-0022557,2.796065019056517,264.44299903334274,60.36871856242604,301.3540222784935,3.4389051075568178,2.2137240987987488,6.544109654322633,2.9640618204768803,4.907637783980176
E-0022558,1.9764792629757395,156.4568736320876,7.746817207683362,69.53386103746597,11.593166895720639,5.842084323758369,15.145097335921466,10.554436192523495,19.88624098106673
E-0022559,2.5378482591079834,64.84268225494776,13.308519071097175,216.20759703471413,8.285008061561257,6.840204950634832,8.071202084380346,10.583386106089591,19.465481752569236
E-0022560,2.7585861494762987,114.7757989200361,15.290354491403864,74.65073603656955,11.793138302952899,4.499344100386974,6.298198719744768,4.67456919761995,9.335834774178638
E-0022561,2.4224045500134417,124.72275334728562,16.602529517345655,74.73242693557876,8.491691079465486,6.393726161470669,9.00251599150519,5.86306597269377,8.548113480228814
E-0022562,2.4772039854075407,148.90154977906525,13.532662134016874,113.01056263691557,13.147413452649156,4.388814392570387,7.773763599393263,7.213617662804092,9.988538954581985
E-0022563,2.4772039854075407,148.90154977906525,13.532662134016874,113.01056263691557,13.147413452649156,4.388814392570387,7.773763599393263,7.213617662804092,9.988538954581985
E-0022564,2.1397043343950712,131.84026340375266,10.079452612446087,59.60251474993355,11.884438496349684,6.66409321579485,15.868574242906861,10.996650894091792,14.343680927839634
E-0022565,2.2869268492639367,122.36482390149432,14.533694351224048,172.6127062257559,11.351590215132441,8.010964017133473,16.055639928581588,11.270093916813877,12.11710216772528
E-0022566,2.733852834857062,151.71015868630718,14.652203101884313,144.67978678636769,4.639377958512078,6.329525248791355,6.2086961352287595,3.532903264940085,4.814306757322692
E-0022567,3.6550611107889224,49.11240027267938,16.08313171950076,391.0576855883051,8.056686032118932,3.038115044728887,2.636545136828892,0.754078048678446,2.6229042976210417
E-0022568,2.4344856373113335,193.30145840332452,12.335671707726306,111.74379076063536,8.088493089633634,4.642107035054522,6.815107601736054,3.5569963090758607,4.670923204083224
E-0022569,2.9857879461676866,157.9735015245774,17.239681208620453,78.41760582393192,6.670656138662018,3.0076291221643565,4.188224011379336,3.11977654090765,5.507224910292011
E-0022570,3.077304501218874,119.57301527763813,19.264554250481687,81.30546544906754,5.657478724878857,2.997440206344684,4.11249781980071,5.345600463058636,7.093975046110296
E-0022571,2.5201240822935707,75.43413420449366,13.394372295600434,395.09577760408297,18.261289250300493,4.051968975744688,8.294059296570822,5.500242445637836,6.331376540875915
E-0022572,2.632752543884645,82.05914921880611,11.595432195658217,291.8093040402589,10.356258431275348,3.543483644566874,2.1887376700856938,2.1127609640441496,3.887275220651449
E-0022573,2.847346289996032,67.6505720209245,22.40901671185946,150.60943199940075,13.839657689472466,4.516631984848197,4.021103408853404,3.3164418327693443,5.0433037617188905
E-0022574,3.3461621133930524,60.78952987897059,28.97437083351647,193.25423174795856,7.77168315094516,2.7455958361451733,1.430619304988816,1.2819857285867007,1.836229972081395
E-0022575,3.1918900013787903,59.39617719653129,21.719123157873852,181.3419978228445,16.249099149413155,3.8135500617049365,6.329139724599173,3.4366508549717074,5.696808923019313
E-0022576,3.4341261360329396,66.05255250658604,26.286754547196175,157.19940713914832,6.831580920593856,2.5619526629960045,4.9906607510977725,1.438419198411036,2.4567053658155724
E-0022577,2.8894596547568305,84.51970964019151,18.79163582484456,180.82609967772632,11.400484262234801,4.5812934570357715,7.302729934378404,5.443647483672497,10.06125589380306
E-0022578,2.302176271607242,150.02082682470507,12.550214294470475,102.66156855418942,12.649556272271298,8.013426260866204,13.945761466521393,7.214907368905255,9.320203841379316
E-0022579,2.302176271607242,150.02082682470507,12.550214294470475,102.66156855418942,12.649556272271298,8.013426260866204,13.945761466521393,7.214907368905255,9.320203841379316
E-0022580,1.9314399414437056,204.33423255825,7.356050569360217,76.63541001998603,12.521104897727204,8.287548990299875,14.177316666960838,7.953557331710628,8.88669804217231
E-0022581,1.8274683978331014,185.831536643969,8.182165620984941,45.54457621953107,7.0260913997021595,14.313099759135126,19.62730973566158,12.824167353652406,17.13172815873624
E-0022582,1.5401017108922495,231.1381070718614,7.456760196673024,54.84822346512404,10.492421370873455,10.335353458136433,28.971336234041253,8.352769538888468,11.012780370932191
E-0022583,2.3700478770423867,155.6569214891352,12.447819129242879,55.20209499127677,9.80914080559276,7.418241175755568,10.219556124959988,6.089574115162003,9.548513164107108
E-0022584,1.775092741841936,202.73478157570344,8.990671292562562,46.6212896428252,10.256550751159747,7.285818896804065,21.219801709548992,8.500297387476378,10.838542269144872
E-0022585,1.9786196077758587,145.63932757612412,10.147640185860247,56.741504726917135,10.86338720559161,6.717448178484106,15.292216821143517,9.665582604928384,12.11582261919804
E-0022586,1.9472080377577925,135.94323762315224,10.663306751322244,75.13905782110629,8.899812117514209,8.682438600749975,17.4129672891802,9.317033724729491,8.889842942303636
E-0022587,1.0422516927923637,215.12199355929698,4.247120777144115,114.267789749968,17.601543726501728,2.428489413670857,40.71770984441546,16.73190095313221,37.08722237341101
E-0022588,3.5499505101920876,62.50611158863079,25.09328890762612,197.92217372391616,10.091042376065433,3.2411753602009714,5.056217417706197,4.744448032543074,8.875661896877364
E-0022589,3.2818545353419446,48.83893628612538,20.083918504493862,181.82688518392908,17.41976745314627,4.951709647070533,6.171444087004289,4.829743677630702,9.885936491190074
E-0022590,2.081850622315277,207.74287848761594,12.08190861715361,117.0303170635352,13.954584434598328,2.4538363302446977,13.576392344701755,6.270935928545838,9.356395035304883
E-0022591,2.081850622315277,207.74287848761594,12.08190861715361,117.0303170635352,13.954584434598328,2.4538363302446977,13.576392344701755,6.270935928545838,9.356395035304883
E-0022592,2.3394161750486826,164.67881834840557,13.85529601212247,110.67201935495147,15.619951421799103,4.583012484349226,13.273684676023626,6.339337042230923,9.503684110964297
E-0022593,2.3394161750486826,164.67881834840557,13.85529601212247,110.67201935495147,15.619951421799103,4.583012484349226,13.273684676023626,6.339337042230923,9.503684110964297
E-0022594,2.2693281457389243,172.6409187424456,12.98589132834777,90.66893606036595,11.55408334639612,7.729972169923318,13.765661979216706,6.355531744702131,9.56137400762861
E-0022595,2.2693281457389243,172.6409187424456,12.98589132834777,90.66893606036595,11.55408334639612,7.729972169923318,13.765661979216706,6.355531744702131,9.56137400762861
E-0022596,2.2580534335411695,155.9317051665651,13.669541357248498,145.1018257286697,12.348976731107044,9.092323664949527,17.297730050284688,7.786703772340193,15.242340486876433
E-0022597,2.020642744376226,151.64329441055418,8.352545601006055,56.15187455361433,9.456004131280896,3.70660568609099,15.733142753539717,10.21317992972453,18.673507830637988
E-0022598,1.9918444418896128,142.98032489348634,8.520230964843632,50.154753631708616,5.85577571548588,6.116791904830421,18.594763887139834,11.024558890574301,19.441911576657425
E-0022603,2.886512614165927,101.17432924451376,28.6481007677692,323.0370853572453,8.01120498007229,2.9106452771326046,5.73646904658566,9.412299051866942,7.9955849007611395
E-0022604,2.685652222410543,107.56493732818878,13.675404096175331,272.98690520768173,10.774924154414315,2.5497675930243426,8.51301077292196,4.404761585529298,6.169893687624173
E-0022605,2.8809648554369574,100.7004397198579,15.545419648444035,190.34795748807088,3.8995438711435377,3.7616655360552596,3.708945020861738,3.0853599910785388,5.009121991170241
E-0022606,3.2375097680802822,76.66520754571867,20.972597024310723,145.0163141875328,10.527663424394056,1.3192954586786865,2.6968482396389124,1.3404684737997967,1.4202257075961038
E-0022607,3.5620133055518215,51.02121389763742,23.209681507415173,146.93454399156894,5.1959482492766575,1.330749531386464,0.35257805700575373,2.9198869616214163,2.3559670310483436
E-0022608,2.9673685426914744,125.70815940457575,16.64592403904113,168.69239499178227,3.1606306926297476,2.9718965235079415,2.45502345358675,3.3115392193206823,3.6860300630811853
E-0022609,3.2486576437346666,82.3478408153239,19.023169419304697,153.11449897001486,10.100915308525398,0.49457840264562636,5.333843365332667,1.55957802495459,2.972619746564776
E-0022610,3.587911816773127,75.59274728687895,20.34216352151061,114.48305629847839,4.469509043204439,0.7489922639268588,3.9056919682786306,3.8525318577343697,3.80788513231611
E-0022611,2.164372500532612,149.23621729155974,12.113205702243937,87.80134833919978,16.609874295753755,4.777628401333965,11.446402693511118,4.871030135299205,8.572624318617514
E-0022612,2.895473569664145,115.51079735658543,16.655795071924114,98.04059353169947,6.69798804668954,3.139624849741896,4.960548213321818,3.7945851103511874,5.577444963006482
E-0022613,2.4300230230994955,153.1567341308644,10.217815268745534,104.24881952666738,9.145966141172643,4.072494153043394,7.332193353063529,6.167815550994597,4.685908345988973
E-0022614,1.9600713488357737,159.5136661804195,9.303341420705406,102.98604419951539,8.412809259346654,8.120863799386687,14.133581808633261,6.753815552707076,9.535348208870182
E-0022615,2.854432602425165,86.25701192878965,24.488018391571575,111.14575073518972,19.78530929898299,1.0423680899559313,5.539255889165911,5.283165387937683,9.835246804708177
E-0022616,2.038169645527791,272.9085223112804,19.89480981077222,385.75252945680717,4.058810183082125,2.271100930511006,16.810972822267278,4.459253150644315,8.891172008322485
E-0022617,2.30973681103261,257.5808906641586,24.384623642843806,430.37875818687553,9.176780471322482,1.354234299340491,12.793882003738018,4.747691443309796,12.059708794314076
E-0022618,1.6916805713766645,274.13339018107695,9.28128688463549,443.74632542401855,21.05364419322719,16.30291276446663,28.922341371791582,7.87097018737567,8.460148639849306
E-0022619,1.8448366429408187,296.1262970814398,21.632641222838235,255.11891829575728,6.89056044152479,2.6852870766441974,29.743940516413733,11.462389101806515,15.627909846183611
E-0022620,1.8448366429408187,296.1262970814398,21.632641222838235,255.11891829575728,6.89056044152479,2.6852870766441974,29.743940516413733,11.462389101806515,15.627909846183611
E-0022621,2.2591046534691297,249.12846974639604,35.58944578580793,336.57530117070485,7.1778186116484965,2.0283515113585286,21.50682946567808,9.90199232189181,15.225104480201159
E-0022622,2.2359611974668745,232.3414791243373,29.520313623218893,513.9089377086453,6.733298830160721,2.867157140947641,12.399297657054497,6.658052598879804,12.158672663497153
E-0022623,2.782033288039321,238.5994932095212,59.188327677089305,296.66380657330996,2.13911089560729,2.640834012243088,7.586669483736566,3.9099574298106123,6.272276886172529
E-0022624,2.682174269851336,205.73938916585803,57.552937026092344,263.5488085312764,1.915134393831717,2.9415418636379633,5.467778247514053,2.0076901049587326,2.681655161940609
E-0022625,2.4766145533336488,274.580190946687,36.229855708068655,323.4118848605339,0.30033611555339595,3.2841492860315693,8.424175913423777,3.117973219261839,4.642454522579888
E-0022626,3.2125543360692177,184.17407141730956,49.95950355380189,297.0105575398485,0.747662176780358,2.7823356120906118,4.872941837845452,3.9353937675970743,5.317405991084641
E-0022627,1.9124523726822125,180.3771010955847,9.444837253915965,108.98873010477077,11.867943713804163,1.9123423392112051,15.056086226168436,5.758341668014486,10.206398087779332
E-0022628,2.1757896506270074,159.41863300260272,8.148343113267936,91.48963203554659,20.435607400744644,1.2989629478529203,7.3002878854090225,6.2213329922238465,9.431954655174863
E-0022629,2.3672108156171126,189.43891149232564,10.743909992239756,141.09309858364637,11.611145665762677,5.356664600515291,6.099699491267913,5.185151097763795,8.87341644262653
E-0022630,1.3350861059075199,211.374991042742,5.780983176052356,77.932322867326,5.87041334057292,7.654104277592208,13.671460029642812,0.7241462451153056,2.929253610552868
E-0022631,1.9776521180257454,182.91560209104415,9.466883219768672,102.94418085895275,13.107024397733452,5.660745633057237,10.796705451444565,5.955522029136388,8.764605996488402
E-0022632,1.9230950761739045,213.43776833860952,10.716418375341231,165.1647096444833,13.062967269457005,3.6476595467499147,12.378461785926302,6.245202966943987,9.707598389585211
E-0022633,1.9230950761739045,213.43776833860952,10.716418375341231,165.1647096444833,13.062967269457005,3.6476595467499147,12.378461785926302,6.245202966943987,9.707598389585211
E-0022634,2.2237157018098905,162.8691419012742,13.284077491114628,127.58189556462236,14.66358919052371,5.984113120760047,11.318649136144716,6.427779552735824,9.903524201690551
E-0022635,2.2237157018098905,162.8691419012742,13.284077491114628,127.58189556462236,14.66358919052371,5.984113120760047,11.318649136144716,6.427779552735824,9.903524201690551
E-0022636,2.6897921353083016,134.709921980966,17.010541791905993,112.10745012801448,7.10459854843987,3.1901432598087927,5.442636842202367,3.062296073633278,3.7678716416435147
E-0022637,2.6897921353083016,134.709921980966,17.010541791905993,112.10745012801448,7.10459854843987,3.1901432598087927,5.442636842202367,3.062296073633278,3.7678716416435147
E-0022638,2.2895722137929244,165.27914824241105,9.237422240421743,110.99093722195236,13.533443277268882,5.811023873420795,5.49747574741524,5.231229444072688,8.107251880452445
E-0022639,2.2895722137929244,165.27914824241105,9.237422240421743,110.99093722195236,13.533443277268882,5.811023873420795,5.49747574741524,5.231229444072688,8.107251880452445
E-0022640,2.761954696839511,151.312173820598,14.373029637264048,100.3253355010815,6.501558429583069,2.4757025472235896,5.916090458074438,4.470680646359082,3.3012119201085874
E-0022641,1.297192760426281,240.86356798330183,3.900910120222303,32.90707450584235,8.517898556333495,9.893262993756764,13.668455653553004,2.024213919446785,3.4053262065776697
E-0022642,2.743975378056092,128.069129511605,15.728846807601613,105.72793934212378,4.685256849099583,3.7965952505206686,6.189837730319031,4.644254820176773,3.412285544588102
E-0022643,1.2189493385060315,228.15617614870513,3.5032436505499565,41.626496051433094,4.417952359994308,12.133123104339022,13.968419249510148,2.3174354373072776,4.133935394102115
E-0022658,1.9298049083896855,260.9453705141417,16.53909920752901,205.315752485154,20.51867199049132,1.9104797401214786,26.884235122026517,6.219421991642985,9.50744482246622
E-0022659,3.093187933899341,70.09874678777607,39.43322392326,187.98336943176704,19.46567584272052,0.8554192278939321,4.006631205300412,6.444747922991397,9.139624335558462
E-0022660,2.485450171314388,264.731871646276,8.901174665638525,209.2203866449733,8.109431654211688,1.852829931158466,10.252078800074955,4.721221772890938,6.470771173799864
E-0022661,2.349870914421005,201.52923786117896,7.623055661810447,128.21403988193492,17.70887249470276,0.8951080373851106,8.427425325528635,2.25802056675675,5.3992737254960135
E-0022662,1.9014273917963003,256.121024249845,28.391889907786585,465.80850136994917,7.172773160553413,3.2046846432732274,31.680355107492407,11.534881269927833,15.732529788360402
E-0022663,1.9014273917963003,256.121024249845,28.391889907786585,465.80850136994917,7.172773160553413,3.2046846432732274,31.680355107492407,11.534881269927833,15.732529788360402
E-0022664,2.4981923384818012,234.66087911634727,46.073244510248834,538.376515199805,8.476222434967099,2.610650990902252,15.93406367042825,8.146777767789073,12.398640282353313
E-0022665,2.0344893155681394,264.1243323829556,31.14895005484182,379.09437918981666,9.28114510197175,1.7726230093216666,21.853599340648373,9.606316090507532,12.933781090910824
E-0022666,3.340940217552032,161.9319127068997,74.82813763109763,547.1206551734393,3.3210005972455066,1.9586943075231347,3.9642838420229753,2.0862898233799445,2.423154242834691
E-0022667,3.30146843322135,186.43958084385332,49.37198421563976,317.54771109614535,1.9995756418827957,2.9464216288702096,4.49426050720398,4.373407865944996,6.218203579596349
E-0022668,3.1832067187642665,134.7145797976546,57.02595339005308,376.93240007151985,2.5636447975164227,2.2777081622533117,3.417576092346799,1.8209149910039377,1.3565561151231482
E-0022669,2.0380015968012617,280.82864888771314,11.04284650545106,497.11297812006427,19.17042422775868,16.304218768466022,12.433272868799188,5.487516786773098,6.884970478552585
E-0022670,2.854286472446981,252.5609254277538,33.74470956546934,317.8098504511522,3.7095983544614883,2.1024356102576265,7.127203227977433,2.15291288420328,1.95391806881272
E-0022671,2.951027874748653,138.78987815317493,42.457832234114015,327.04712052214336,11.10523218803727,3.6659392512064484,6.419797710900669,3.122310814763533,5.44284241402766
E-0022745,3.3567347142843977,98.85063473633114,14.875316854687206,114.80076587551241,6.7304514335075725,2.627668287781697,3.1427814825111287,4.5366460756657485,8.185747412448706
E-0022746,1.539710626839838,229.5324246630286,5.1340898041540965,61.65255109685026,11.236754752067597,5.05752157228663,29.107734129224102,10.09999576854349,14.506177842316387
E-0022747,0.21664831281790775,254.07476872856364,4.474547848984108,19.708410860644115,4.042065262610361,9.837982057855418,37.406581683407474,6.990950066352095,9.77545982504627
E-0022748,2.581405187612888,155.08242595553253,16.92906048879439,72.84922895327885,7.074760989764487,2.4865402969352415,10.485917691337383,10.474728719270091,9.662542369098047
E-0022749,1.9750574019749871,168.61831538878738,16.033623886490673,152.0748174574005,9.59686688513207,6.201482514320122,5.829408903320584,0.9454871592649823,3.205366110441344
E-0022750,3.0297806118281114,90.60924535308285,15.221211907683323,201.21056628906166,4.576790194002687,2.320057927112755,2.332220108416229,2.9045775823808513,4.1439164457283475
E-0022751,3.061315243567026,84.46515189059093,23.09641732018218,158.15486052667927,9.018464828167208,2.248594239263444,3.59891516875158,5.366779082044637,4.57963088361183
E-0022752,2.1648442138887454,207.66840625069972,8.450052470507714,41.04282516340317,9.340140619584623,4.578035548172384,12.501886259756365,9.554700242240585,9.594884101566183
E-0022753,3.0297806118281114,90.60924535308285,15.221211907683323,201.21056628906166,4.576790194002687,2.320057927112755,2.332220108416229,2.9045775823808513,4.1439164457283475
E-0022754,3.4352212814355525,75.2039436212317,22.471074671520448,151.4381098102533,5.596617819121473,1.4955275108402202,1.208178784494491,2.7461208167495315,3.055275265924072
E-0022755,3.4352212814355525,75.2039436212317,22.471074671520448,151.4381098102533,5.596617819121473,1.4955275108402202,1.208178784494491,2.7461208167495315,3.055275265924072
E-0022756,2.9425134656310705,100.03605529166754,16.211033238141123,215.11060420049893,4.570061380002941,9.77529843805041,1.383210121436377,10.00051370111193,19.002898493369894
E-0022757,2.9425134656310705,100.03605529166754,16.211033238141123,215.11060420049893,4.570061380002941,9.77529843805041,1.383210121436377,10.00051370111193,19.002898493369894
E-0022758,3.1394031415248667,67.4438683363757,28.719760266619023,186.99186095796676,9.612668175372026,1.510415385430428,2.8887035193993365,2.4596054695628746,3.309889421754501
E-0022759,3.1394031415248667,67.4438683363757,28.719760266619023,186.99186095796676,9.612668175372026,1.510415385430428,2.8887035193993365,2.4596054695628746,3.309889421754501
E-0022760,3.031409742092578,115.82672923927313,13.429548244859722,131.8110219480954,5.916423158656205,4.244228764586662,4.113815940041496,5.522089076041652,4.858977957114238
E-0022761,1.2102886598789728,223.7947184613628,5.949459203597522,65.33698360358812,5.8879812712928175,10.477394521645465,17.04759972037002,1.423940052406366,2.415054164876789
E-0022762,2.5003016277152184,124.88752177381983,13.152965884612186,160.47618578174485,5.804188013869139,4.640965340309215,7.443112018718033,6.070760918319381,9.252378801880717
E-0022763,1.1582704668345138,218.90887870686473,3.946008700177857,57.128835189205105,7.926428655021325,9.930663243685173,12.292791740449207,4.622671440275601,5.736720740832296
E-0022764,2.753211971811848,108.26284327583953,18.93700355583218,142.68885280598707,3.8137767736673105,2.168861824084357,4.703369909163854,7.1967850812716705,4.886596071351177
E-0022765,3.2707239662299514,73.60767262308661,23.5191729350102,138.29041072147473,4.119439862558568,2.319182956257323,2.4553348534002857,9.475190276188801,8.388764778519608
E-0022766,2.7778943687126034,94.73622981383534,13.358852318783546,217.2971530710642,2.9371502805842455,5.151922459475474,3.3513198134639506,3.8136857095067445,4.437788202157463
E-0022767,3.092578709878542,68.93209838180948,20.956596415334058,203.1075352847066,3.3174674876098806,3.1150162598123297,1.0190582988777859,5.3693468204955614,3.56886116946058
E-0022768,3.52687439165154,45.28183095853889,27.174048368912203,187.53665417297728,4.424583821443582,2.3749313847663513,-0.5729842530537488,2.241569187029323,1.4663071739216418
E-0022769,3.157297201024938,64.96722679270842,21.596273512317527,179.23252401916704,9.34829803221481,2.231453784998467,1.6844034772415624,1.5771642736894504,1.1371477901679472
E-0022770,3.2150541762805913,40.86543464849909,34.30546522313478,169.21640394817993,9.181586446398825,4.318624337773805,2.765459292685822,6.2024724604721335,5.122353892690992
E-0022771,1.1619437607049088,222.70427686432564,9.379170105794845,104.51501122498512,11.575124413413626,7.641278501514083,13.984883383036635,2.9827412082203573,5.613434465370118
E-0022772,1.1619437607049088,222.70427686432564,9.379170105794845,104.51501122498512,11.575124413413626,7.641278501514083,13.984883383036635,2.9827412082203573,5.613434465370118
E-0022773,1.2239252837348586,178.3224446934883,5.867521935040005,87.60044301690573,4.5953755912176,8.838568139786371,7.902035673446432,1.4563868160553866,3.0494931100953515
E-0022798,2.497994097326254,124.48077881100367,19.184206678627984,151.76650638700156,13.935259180384016,5.061482867522663,8.117234685178069,9.317935084022768,10.942171984195635
E-0022799,2.3564312088524,146.00890393597751,13.80935759155788,83.3263813367798,17.031625699733617,4.933013609093922,12.236226520704065,9.232563207918549,12.072639322366555
E-0022800,1.756736593820472,251.01166668893384,5.0200514908903635,102.37848915153329,14.588977582982205,5.449519789808219,18.147108340997445,6.339780523917699,9.090765246948527
E-0022801,2.592021828010628,227.01169321579482,16.713746876588925,363.017768451408,12.605073135802039,1.3529497890581577,8.21476332219025,2.1429027386090063,5.428312785334383
E-0022802,2.2599029116906584,252.51057214944885,6.801025801524732,126.71750492542122,12.934716395969556,1.7310761546407505,12.7863351788756,2.9010953108665842,4.643498698671099
E-0022803,3.0917050108842523,186.89637495580047,58.05974810610518,233.45189585654387,1.9382709191263163,2.842466758971121,4.510758392283048,1.9384326261872955,3.2194988044722805
E-0022804,3.0268918107288183,125.38731013459383,43.07963443728558,298.44308555957406,1.917827499280674,2.3789781854445633,3.4234918937446976,1.819631354760427,1.8874267434355176
E-0022805,3.2569239577823934,196.0042425548434,50.322067604003024,320.74992206012666,2.2979571034536144,3.0215868016943137,4.454546584888233,5.690661786616344,6.083692360606779
E-0022806,2.7050509480327225,181.7493878749897,33.03561763359744,335.247877403295,15.738806888483467,-0.08217117555504411,9.68059073432827,4.281222902155937,4.109186148776473
E-0022807,2.4766145533336488,274.580190946687,36.229855708068655,323.4118848605339,0.30033611555339595,3.2841492860315693,8.424175913423777,3.117973219261839,4.642454522579888
E-0022808,3.13249746525159,75.81467432977402,20.71381618454683,199.50448117447107,4.996964294989961,1.7048572071713086,2.688047267516914,2.737612797797816,4.406356001578513
E-0022809,2.6847494738824875,138.24554660735117,16.46334265780078,186.63446401755817,2.9700759141213426,9.251036852931541,3.148748948124675,3.1354721657079008,4.2999948754040975
E-0022810,2.6847494738824875,138.24554660735117,16.46334265780078,186.63446401755817,2.9700759141213426,9.251036852931541,3.148748948124675,3.1354721657079008,4.2999948754040975
E-0022811,2.8582993452673806,119.99607510735474,24.72867967811206,271.75379744026804,5.728527181230019,2.456654739067459,2.759408077787877,3.969084281169077,5.7360339723281974
E-0022812,2.8582993452673806,119.99607510735474,24.72867967811206,271.75379744026804,5.728527181230019,2.456654739067459,2.759408077787877,3.969084281169077,5.7360339723281974
E-0022813,2.1146172401426675,179.22474538149567,7.788931084492443,41.79337633672998,6.449291520067503,7.606675418945468,16.24787850417927,10.794479378278757,9.11906631649651
E-0022814,0.1065592309492234,244.38426379967126,3.5557829535835515,27.48670019547343,2.122732025136685,11.87415626574958,36.09407381007128,7.75789149097191,8.65882494211262
E-0022815,2.6585796577039265,118.0669118835108,17.813016719156707,236.39843164293927,7.318137490629651,8.761277890063333,4.959889261641171,2.9653352651173366,4.613157066077836
E-0022816,2.6585796577039265,118.0669118835108,17.813016719156707,236.39843164293927,7.318137490629651,8.761277890063333,4.959889261641171,2.9653352651173366,4.613157066077836
E-0022817,2.9372215506258312,107.93152748901042,15.64943905343673,134.36814346419416,5.3237503987890005,3.7118516927664627,2.8675481557460056,1.091782054469086,0.09732587122702974
E-0022818,2.9372215506258312,107.93152748901042,15.64943905343673,134.36814346419416,5.3237503987890005,3.7118516927664627,2.8675481557460056,1.091782054469086,0.09732587122702974
E-0022819,0.9558370206076061,236.45989732658535,6.579290009543768,94.17181840819019,11.317576487682697,16.776726917840833,15.341072333475092,4.548382859227612,8.555797268081161
E-0022820,2.0325535795469576,166.3898730625034,12.22935569094382,164.29852978750364,6.25630496046489,9.827691719095135,11.015742276888052,5.404178600374328,11.706628119345105
E-0022821,2.95779280869257,62.074496697398025,30.989402165668128,243.75535159014782,7.789130395862436,4.768162479694776,2.9064251144971776,2.7576938909100615,4.5224752175536675
E-0022822,3.1387448900452073,99.01711655046537,20.181276565606783,171.70927616000446,3.6942270364479417,1.2619423438980188,0.5233117014956886,2.8849776325719056,3.607187721569661
E-0022823,1.4050046865884434,228.6812283202951,8.729015536461073,96.96282266860442,6.384801766151216,8.414830846275962,8.157174459497504,2.064249983209114,3.4302022387850433
E-0022824,1.4050046865884434,228.6812283202951,8.729015536461073,96.96282266860442,6.384801766151216,8.414830846275962,8.157174459497504,2.064249983209114,3.4302022387850433
E-0022825,3.1387448900452073,99.01711655046537,20.181276565606783,171.70927616000446,3.6942270364479417,1.2619423438980188,0.5233117014956886,2.8849776325719056,3.607187721569661
E-0022826,3.5219883128388556,76.25478192763165,22.236373430969245,132.1038163035567,4.998217543723951,1.463430455780786,-0.07832046448024288,1.7083973590352137,0.33032476525807625
E-0022827,3.5219883128388556,76.25478192763165,22.236373430969245,132.1038163035567,4.998217543723951,1.463430455780786,-0.07832046448024288,1.7083973590352137,0.33032476525807625
E-0022828,1.3637623166002149,216.14936090038435,10.39372521174334,101.74196229014613,13.248852339711952,6.749801758788571,16.955515418912796,3.28738299572025,6.130680115835482
E-0022829,1.1953894062474448,228.93738340121826,7.0159921847722,66.32753236581209,12.650483996519194,13.649096527203852,18.44016875270326,4.679993393336872,8.916442648077016
E-0022830,1.452954940556028,208.4920047897749,6.041228637905004,51.34142804324708,5.824092784374539,6.932685754419472,12.794489408568271,0.8681788860048238,3.0580679656460905
E-0022831,2.1167022196822884,188.24937385594612,12.15613263759602,144.99533640479314,8.180588967465074,5.578433478209018,13.674806375941968,5.560012415432023,12.073729517033497
E-0022832,2.4787603176173367,148.88907227546076,18.769251878181517,266.15956166070873,8.915299692601213,5.770618389014157,6.756194117050832,5.195867170402634,10.195968032741552
E-0022833,2.4455532226413736,135.97072188910937,18.931265957764197,226.05606550410275,7.250767941605828,9.723184545106012,5.637818975979522,4.868196747226784,9.241299761917862
E-0022834,2.4455532226413736,135.97072188910937,18.931265957764197,226.05606550410275,7.250767941605828,9.723184545106012,5.637818975979522,4.868196747226784,9.241299761917862
E-0022835,1.3338504669963878,277.28622741447344,6.255115434962766,112.3260338021995,20.582877297179266,2.699667955118496,35.69722262429691,16.471429214694634,25.58726822759475
E-0022836,2.288918548476156,224.92676808504424,23.267529200994094,164.31154689525303,16.90787122784589,1.7692218616000983,15.320351092117084,9.177953500960985,13.802646627065592
E-0022837,2.796065019056517,264.44299903334274,60.36871856242604,301.3540222784935,3.4389051075568178,2.2137240987987488,6.544109654322633,2.9640618204768803,4.907637783980176
E-0022838,3.1832067187642665,134.7145797976546,57.02595339005308,376.93240007151985,2.5636447975164227,2.2777081622533117,3.417576092346799,1.8209149910039377,1.3565561151231482
E-0022839,3.1832067187642665,134.7145797976546,57.02595339005308,376.93240007151985,2.5636447975164227,2.2777081622533117,3.417576092346799,1.8209149910039377,1.3565561151231482
E-0022840,2.55068668375778,210.71156170312955,44.80916482468866,270.00081714333373,1.9376217387785537,3.1741844158156143,8.169962283872628,2.302673117297261,3.3169033518317326
E-0022841,3.6213466232667963,128.00000847412076,64.7540390601469,416.6494884187928,1.3718024287349533,3.941503410032417,2.341205412242553,0.6030828088441519,1.519031462764599
E-0022842,2.779188722604398,248.63752572386065,14.180040430615048,284.0871863399103,4.930989224639619,1.7739423857926606,6.86360117934881,1.2934938009123438,4.342848177297749
E-0022843,3.221944381481843,169.90194074550365,26.921731599381406,317.5597718439025,1.0090706700065222,2.9411666122853877,3.3170975120479502,-0.19171766783145527,1.4292053304780368
E-0022844,3.3527468413431154,186.28669460417188,43.56286956971714,756.4503200460456,2.4123141547521474,2.979983356179263,5.3321544685563556,0.43360724540222395,1.7141995798434548
E-0022845,2.9573405108703827,120.32339485533694,14.968544975243239,156.10108358127493,3.7122366267918894,2.7967903250953583,6.252697751726382,3.401190077700647,5.402579758772685
E-0022846,1.4303343341369243,228.0549854661475,9.858144532228557,116.76721670353604,6.512395703069136,9.827939634610354,12.240594177557842,2.509958899646871,5.045137225331566
E-0022847,1.4303343341369243,228.0549854661475,9.858144532228557,116.76721670353604,6.512395703069136,9.827939634610354,12.240594177557842,2.509958899646871,5.045137225331566
E-0022848,2.9202470578193793,95.89634674516778,16.991497496517724,220.24171020902477,3.337699525790987,8.480044837101357,4.531605871137112,3.3974472843199233,4.833688421529125
E-0022849,2.9202470578193793,95.89634674516778,16.991497496517724,220.24171020902477,3.337699525790987,8.480044837101357,4.531605871137112,3.3974472843199233,4.833688421529125
E-0022850,3.0732615478815317,79.22386972352251,25.427240877193697,134.2792946384664,6.987914463663907,2.56671189555224,3.369590841912859,4.8109814121043115,3.2529585984052876
E-0022851,1.741065667281801,208.5180018203462,9.399375070437527,135.00150297942176,6.904467478861536,9.179592379136372,9.292251333061502,1.8654326419625022,3.9528362010686866
E-0022852,1.741065667281801,208.5180018203462,9.399375070437527,135.00150297942176,6.904467478861536,9.179592379136372,9.292251333061502,1.8654326419625022,3.9528362010686866
E-0022854,3.0675969629310083,114.74388076608663,79.29738502014536,687.3759900827916,11.836414805325894,1.8803913837020236,3.9187336271635873,5.508834285300614,8.65924062091294
E-0022855,2.1741350400398596,228.46527911792737,14.751311531071838,124.9347859446927,19.738652989982292,2.6176704501156474,17.937427342136324,6.657188376397861,12.480530238184723
E-0022856,1.6404434503172458,258.516239270192,4.386372979555234,128.46704971531125,15.519337508213516,2.012129625109158,26.536531536307734,9.622894382649527,14.869663338586522
E-0022857,2.058482091783634,266.64802827352696,5.811880590010698,166.07577785274756,20.644414216592466,1.065740431998928,17.18881879369624,6.55363579724431,8.575645675425013
E-0022858,2.545049206501923,244.08737087734355,63.358675596363284,182.76778253918278,2.9892678220054325,2.8625625430258466,8.56912074267058,3.2813766951040755,5.933190114090044
E-0022859,2.1122103684723266,274.9289992295953,33.51540356449685,289.26162183661387,3.7469535743157114,2.2224287110797025,20.482062907831533,8.436787938508644,6.453216703900563
E-0022860,3.6462775054847736,142.54943746132705,28.561523189771822,250.54403357514124,0.44034865547514185,1.9791380309824664,3.0281309674559695,0.8651488881332162,1.775846162081169
E-0022861,3.4765549405978082,136.80568267220235,32.863740896920305,342.5174006080097,5.1056975495623504,1.9425101960062123,2.652868632390912,0.24010507408564824,1.060873688506012
E-0022867,3.13249746525159,75.81467432977402,20.71381618454683,199.50448117447107,4.996964294989961,1.7048572071713086,2.688047267516914,2.737612797797816,4.406356001578513
E-0022868,3.13249746525159,75.81467432977402,20.71381618454683,199.50448117447107,4.996964294989961,1.7048572071713086,2.688047267516914,2.737612797797816,4.406356001578513
E-0022869,3.218344041798958,87.08670077372736,17.938735195068105,176.9746276887561,4.919161825914186,0.8358182504379117,5.48508396986451,3.034528997137821,5.727317675392509
E-0022870,0.2656872298267049,254.82363445567938,2.8126414217336624,18.181038418646455,5.463019609239579,8.32479422341172,30.93266532734901,11.50744022451117,18.619851666886603
E-0022871,1.8907182241243028,214.66597344528006,5.1400301008540605,53.41449275976177,11.794917570058743,4.856940234197521,19.490122498845736,9.438238051155672,13.640337709047134
E-0022872,1.6017977918967632,223.11007636471476,10.031274932703738,75.80255022348652,7.723883577483598,9.011909474553308,12.813460859314915,2.6945565157844475,4.177175124817619
E-0022873,1.6017977918967632,223.11007636471476,10.031274932703738,75.80255022348652,7.723883577483598,9.011909474553308,12.813460859314915,2.6945565157844475,4.177175124817619
E-0022874,2.4366686345229818,148.02632979351185,11.298954205279209,73.10160096713358,1.7951006705123838,8.385405602902106,4.731974488328921,0.8248842740957464,1.371666819655299
E-0022875,2.4366686345229818,148.02632979351185,11.298954205279209,73.10160096713358,1.7951006705123838,8.385405602902106,4.731974488328921,0.8248842740957464,1.371666819655299
E-0022876,2.9094379174105476,140.01672517729907,21.98696855971609,205.27153928834468,3.197850387492599,3.3897277550663927,4.530781574708561,2.2342306921181074,3.6020204297037
E-0022877,2.9094379174105476,140.01672517729907,21.98696855971609,205.27153928834468,3.197850387492599,3.3897277550663927,4.530781574708561,2.2342306921181074,3.6020204297037
E-0022878,3.110411434981447,71.19280985985051,21.05537758744711,133.06136575219034,4.721049912691156,3.094126351289069,0.7264934643207543,3.826586843299226,4.8586090180621015
E-0022879,2.2262781411156687,144.4163863086882,12.21044703732864,140.7409764729937,9.66780236332091,11.49826647808342,8.581906120277598,7.427210089873979,9.509441733182951
E-0022880,0.7525353192636433,236.27374662020648,5.34610574482481,59.26722012652048,8.341980208983347,12.460479372914858,17.939474251043933,5.41109577744864,7.963132312409384
E-0022881,0.7525353192636433,236.27374662020648,5.34610574482481,59.26722012652048,8.341980208983347,12.460479372914858,17.939474251043933,5.41109577744864,7.963132312409384
E-0022882,2.2262781411156687,144.4163863086882,12.21044703732864,140.7409764729937,9.66780236332091,11.49826647808342,8.581906120277598,7.427210089873979,9.509441733182951
E-0022883,2.793665552182414,83.43638335334292,16.530948506921717,150.92821066138052,6.032671404717756,2.8248584789659605,3.2929088283888825,5.754758035930844,7.883130865710466
E-0022884,2.793665552182414,83.43638335334292,16.530948506921717,150.92821066138052,6.032671404717756,2.8248584789659605,3.2929088283888825,5.754758035930844,7.883130865710466
E-0022885,3.272111755295884,86.87690874518582,25.645018733023914,155.76555557307134,4.162283964578019,4.857412725425598,0.8392343301120437,4.484069946284512,1.9190105589642328
E-0022886,2.070687386390805,159.37780193890947,11.386497707133842,144.0414130903624,14.611141332234274,6.065016186382778,13.024126406520319,5.177400076693662,9.591415523796613
E-0022887,2.5377308675494574,121.37387988397424,17.23161259682275,147.79430720226588,9.82687295010302,3.1293912489006024,4.592770025184667,4.8835693441197865,10.060891881893586
E-0022888,2.070687386390805,159.37780193890947,11.386497707133842,144.0414130903624,14.611141332234274,6.065016186382778,13.024126406520319,5.177400076693662,9.591415523796613
E-0022889,2.5377308675494574,121.37387988397424,17.23161259682275,147.79430720226588,9.82687295010302,3.1293912489006024,4.592770025184667,4.8835693441197865,10.060891881893586
E-0022890,3.442351528089434,70.16447740277772,15.676481621770016,138.57659096648075,3.2955081341408548,3.5701355385105296,3.9714758588150545,3.36568406533436,2.558589720725358
E-0022891,1.908049201549403,180.05993045496248,4.730552959025768,69.66982709688051,1.3349815708279764,8.57443044325687,10.86363584235809,-0.4256592342551919,1.7148100608660926
E-0022892,1.8364960157009014,205.60866358732437,9.807292771323679,89.60485556951367,6.748276452889355,8.272537298885617,9.340251005904769,1.8754898962324527,4.246398957253286
E-0022893,1.8364960157009014,205.60866358732437,9.807292771323679,89.60485556951367,6.748276452889355,8.272537298885617,9.340251005904769,1.8754898962324527,4.246398957253286
E-0022894,1.3417941183833677,172.68628071582316,6.645079717190618,64.40921318092579,5.438754798277108,8.142991732795462,8.555971216637431,0.8918689328870187,2.809507274475855
E-0022895,2.213919794121681,157.50648590116816,9.261002376767802,141.38933896640515,15.177753419379636,3.4128756548310326,12.83765081995602,8.360483799071758,9.401823766613187
E-0022896,0.6188804842011278,225.17566330782805,4.684693416177578,70.4904926458799,3.428372456626774,9.208249563755533,26.481678955959186,5.2204024060196215,6.761066218532136
E-0022897,2.2337992492139334,155.69021034352173,10.093591980089935,153.86336460494167,8.02582332657847,3.867758592628294,12.509080557216945,6.091390469838309,8.272065272789911
E-0022898,0.6891110778582972,221.18918706899163,3.2395889529437323,59.28176455204299,3.0583385968703136,15.343419163733898,24.514656675268196,4.029976763714153,5.3812441717081985
E-0022899,1.4518850955028486,240.47910621435258,6.067053176139852,43.539300080747154,12.887594780938443,4.098101803066874,30.319028866144244,11.067588255571312,14.215448159624538
E-0022900,3.114088301966651,132.7467077616427,17.111465800215583,103.11341545720141,4.892086058344626,4.115526166087762,4.324230052226876,3.941628101426959,3.831035065956776
E-0022901,1.3255707183397827,182.5042304910845,6.985577658208679,51.89468574363734,2.751881972640067,9.299674633862956,5.296055985154318,1.6801493564934233,2.3427587440365345
E-0022902,2.8674853352343375,107.48265332926167,20.708298268157016,159.95631337514402,2.654016006283672,6.701327994324826,2.64146544970167,3.8582183676938966,3.9675963434495625
E-0022903,2.8687874506368125,107.09418214729878,13.802599240946211,204.32772025969444,3.793121563924392,4.201789829992436,4.7748754816820815,3.378174735755909,5.038981150708178
E-0022904,2.7089637869813803,120.70970449936007,17.448321114056768,190.55440616501883,7.4127050038115065,4.635511379055922,7.356147704223115,3.256860178065708,5.429213769731536
E-0022905,3.340940217552032,161.9319127068997,74.82813763109763,547.1206551734393,3.3210005972455066,1.9586943075231347,3.9642838420229753,2.0862898233799445,2.423154242834691
E-0022906,3.0762721090638196,214.47982040364127,54.32497127986229,351.5739469900816,1.662065747823305,2.7287692393150884,5.7122758355813374,2.8340606552014114,3.698340560684676
E-0022907,3.0762721090638196,214.47982040364127,54.32497127986229,351.5739469900816,1.662065747823305,2.7287692393150884,5.7122758355813374,2.8340606552014114,3.698340560684676
E-0022908,3.0471134891586935,213.67078843603744,36.0381739065625,266.7155610822826,2.067464973385298,2.2973031053726567,6.44832935709864,4.082247505141128,4.4133685289009
E-0022909,2.9194989605696495,257.2412940094061,38.4817637171462,304.369935613791,1.9668431718931358,2.1428464607991047,4.447034102682042,-0.04202115709847121,2.002256884758847
E-0022910,2.2389864273836277,247.92738458811345,32.96125702998057,501.4690774197573,1.9055849067993058,3.2195837766290416,11.984152271101358,2.8554604269157755,5.1110942645970745
E-0022911,3.1311236299259395,155.82617195145457,26.584338717227638,264.7156328689055,3.0602690042109915,1.4367804800193305,4.9720685503320174,3.7958295447042976,4.4821698766819855
E-0022912,3.2480168357779804,116.84892868287538,41.45601048174011,228.05327701017828,0.5896532348752694,2.1675671326300017,5.450774929174155,2.044719623042882,3.82566346782735
E-0022913,3.396708134562649,120.205874570981,44.144316211182215,292.4391325956202,2.494263255531149,2.151645371026565,1.0337914601556057,0.8371742347669975,2.3669696899309103
E-0022914,2.948027338478447,235.12757283992488,42.30636464475706,287.76163512431793,5.108240274827988,2.0194228657530497,4.822091068819735,1.211024068790009,4.8247704338638115
E-0022923,3.218344041798958,87.08670077372736,17.938735195068105,176.9746276887561,4.919161825914186,0.8358182504379117,5.48508396986451,3.034528997137821,5.727317675392509
E-0022924,3.218344041798958,87.08670077372736,17.938735195068105,176.9746276887561,4.919161825914186,0.8358182504379117,5.48508396986451,3.034528997137821,5.727317675392509
E-0022925,1.8907182241243028,214.66597344528006,5.1400301008540605,53.41449275976177,11.794917570058743,4.856940234197521,19.490122498845736,9.438238051155672,13.640337709047134
E-0022926,0.2656872298267049,254.82363445567938,2.8126414217336624,18.181038418646455,5.463019609239579,8.32479422341172,30.93266532734901,11.50744022451117,18.619851666886603
E-0022927,2.5409199357404697,114.0063676295295,16.134381084036818,286.58215422020373,4.9179795173891705,10.208931262056325,4.445851022374418,3.3936889895968214,4.065073157184126
E-0022928,2.5409199357404697,114.0063676295295,16.134381084036818,286.58215422020373,4.9179795173891705,10.208931262056325,4.445851022374418,3.3936889895968214,4.065073157184126
E-0022929,2.9506756743532963,100.18801842274783,17.316972101506344,245.08056245599096,3.460867999886133,3.5057730254488413,1.0755945271412624,3.420607866425568,4.21043879774242
E-0022930,2.9506756743532963,100.18801842274783,17.316972101506344,245.08056245599096,3.460867999886133,3.5057730254488413,1.0755945271412624,3.420607866425568,4.21043879774242
E-0022931,3.388813732975822,67.47364042307981,23.35755899508347,193.72788748930745,4.866474037154045,2.599927463359669,0.33034930278813524,2.9801438295040428,3.189317962805862
E-0022932,3.388813732975822,67.47364042307981,23.35755899508347,193.72788748930745,4.866474037154045,2.599927463359669,0.33034930278813524,2.9801438295040428,3.189317962805862
E-0022933,3.021496407871606,63.30129525072258,30.84792634981444,237.00518516050474,7.560205359476992,2.673697833503307,1.5911705970883614,3.202976446198859,3.5029339068423084
E-0022934,3.021496407871606,63.30129525072258,30.84792634981444,237.00518516050474,7.560205359476992,2.673697833503307,1.5911705970883614,3.202976446198859,3.5029339068423084
E-0022935,3.216469969430962,74.03183719406051,21.959484195369317,180.20086904432185,2.645028882691573,1.0805883864972068,0.6534959534321636,1.5925411512207566,2.1646117306105808
E-0022936,1.4962259029153675,193.81882147077465,8.96069637159594,100.58787257215874,5.00183647269927,8.228714362389239,6.562405474703562,0.3648852271447509,0.947200127230237
E-0022937,1.4962259029153675,193.81882147077465,8.96069637159594,100.58787257215874,5.00183647269927,8.228714362389239,6.562405474703562,0.3648852271447509,0.947200127230237
E-0022938,3.216469969430962,74.03183719406051,21.959484195369317,180.20086904432185,2.645028882691573,1.0805883864972068,0.6534959534321636,1.5925411512207566,2.1646117306105808
E-0022939,1.9544664910161056,176.03346751696927,30.161146756757866,122.15892621357352,10.572362752102581,4.869105373434555,13.864821303342831,4.638788113481985,7.653646360713626
E-0022940,1.117558212174937,228.29070833654885,8.339000878222054,113.11102033561927,3.7899525117988095,10.87086842480397,8.000080833815161,2.8405822145942747,3.3420763344388598
E-0022941,1.117558212174937,228.29070833654885,8.339000878222054,113.11102033561927,3.7899525117988095,10.87086842480397,8.000080833815161,2.8405822145942747,3.3420763344388598
E-0022942,1.4518850955028486,240.47910621435258,6.067053176139852,43.539300080747154,12.887594780938443,4.098101803066874,30.319028866144244,11.067588255571312,14.215448159624538
E-0022943,1.391427204584705,198.6166620852183,9.510343964832057,54.895310358953274,8.621876982213688,7.936307794199046,6.84161564657264,3.1197988659243654,3.995206408103483
E-0022944,1.391427204584705,198.6166620852183,9.510343964832057,54.895310358953274,8.621876982213688,7.936307794199046,6.84161564657264,3.1197988659243654,3.995206408103483
E-0022945,2.7195722909360356,106.46144429774965,19.904908398334797,156.04367241791886,4.254464620297766,8.928327380291332,3.001898810773491,4.532843744868836,5.257189329638377
E-0022946,1.2403828902265153,232.93182652101964,13.913717161150048,81.82703419556064,8.18362797102715,16.18154441962345,6.427262281843326,3.3979374211730304,4.2837920286593185
E-0022947,2.7089637869813803,120.70970449936007,17.448321114056768,190.55440616501883,7.4127050038115065,4.635511379055922,7.356147704223115,3.256860178065708,5.429213769731536
E-0022948,3.318891863402268,50.563925091416394,20.08465472200871,233.7746640455222,8.079813715649614,2.3293327517012123,2.4485673362652793,3.299602923839199,5.265146147166971
E-0022949,3.257881602659829,42.776059953006865,22.192705741479966,239.66794935396223,15.870428259055677,2.8033681051312165,1.5222169297339314,3.8085436323927917,5.047709939912338
E-0022950,2.7432305866123086,125.69226411512741,20.55971411194474,205.6509380286633,5.660469560973199,4.679339565316886,5.105296688666498,3.9684348808554875,5.900962952821674
E-0022951,2.464796570848822,139.93168038990086,19.23582211062383,217.1308133436139,8.325629369619378,1.7628273111534727,8.711127146033375,3.941458239474359,8.309310113340391
E-0022952,1.585246638337219,191.19155106466684,10.435493748554904,63.34120843753635,10.783920575342723,7.478181675080439,6.966431645262503,2.3968049499591157,4.509496313290664
E-0022953,1.128956594164385,205.12981431993077,6.203285732523501,89.44860493811261,10.257425787837194,11.914588796616611,17.504809578142783,5.364703671319293,8.713133846796008
E-0022954,1.3533136718310712,229.5469051540636,1.353720449364217,83.84519213753272,17.075131274353772,2.3729487746422318,35.03814010424007,12.92180649714806,16.418509833800837
E-0022955,3.351380450590651,125.07751189113304,31.7947253778283,282.34212941990023,2.387726510405533,1.7997042931679081,3.5867135960570335,1.190363508922813,1.6842281990029533
E-0022956,3.49423509522918,149.53476618465788,24.96095531811601,261.2893164677756,5.196856506137429,2.034517591374055,2.274949524000932,0.6672384206577109,1.3137748472437583
E-0022957,3.5980078030939557,140.63178841332473,51.72617212793196,351.3540197707888,6.485143306617438,1.7064529303312819,3.0454465867553937,0.5920238825229024,1.3244162371665675
E-0022958,3.396708134562649,120.205874570981,44.144316211182215,292.4391325956202,2.494263255531149,2.151645371026565,1.0337914601556057,0.8371742347669975,2.3669696899309103
E-0022959,2.948027338478447,235.12757283992488,42.30636464475706,287.76163512431793,5.108240274827988,2.0194228657530497,4.822091068819735,1.211024068790009,4.8247704338638115
E-0022960,2.3540471286622173,228.50903581903833,46.74744548475748,373.2783228840833,3.7778220073342244,2.8441586759491324,10.412410877867053,5.8159125095722395,7.6389562239174165
E-0022961,2.1726315430954233,252.64228878523275,43.69650022956067,367.6962282424493,8.872102578712418,1.51626643054396,15.014198726356492,3.1910191637105445,5.787823169924984
E-0022962,1.6967477088200917,244.02913944722425,19.777297875295613,320.3262024543305,12.137475960552166,2.1325238216566746,31.388766396913525,9.530565921822749,13.154986037043756
E-0022963,2.3504146497356215,268.14025534217103,15.630428632072544,313.3353299000697,4.297696595367784,1.8211480118142025,15.11472834084408,3.0271367351575273,3.9144784158126233
E-0022964,2.7491864960558696,195.51135379502665,54.03638434062881,238.01564396722657,3.606334119448877,2.6964979947882015,6.214063226727369,1.9938415536893905,1.8272865182760731
E-0022965,2.7491864960558696,195.51135379502665,54.03638434062881,238.01564396722657,3.606334119448877,2.6964979947882015,6.214063226727369,1.9938415536893905,1.8272865182760731
E-0022966,3.0129678759165657,199.91360356222955,23.277487746442944,205.74615833943352,1.4926216800748957,4.281910996596911,6.852676770665927,4.933100554668274,4.506760288775366
E-0022967,2.194051604528499,259.6932627693544,53.029007182267094,331.32104850520295,3.442251865784745,3.699937363919449,15.934548147782795,3.4110353702796083,5.365205193308764
E-0022968,2.194051604528499,259.6932627693544,53.029007182267094,331.32104850520295,3.442251865784745,3.699937363919449,15.934548147782795,3.4110353702796083,5.365205193308764
E-0022969,1.965544030143635,222.53170783675964,15.924447423238647,226.19341117168008,5.9689673515848956,1.932357680705871,27.155031278131954,4.941970091611051,6.171383171034428
E-0022970,1.6286114695757645,227.7808015207086,8.834347129475187,287.68541366542763,8.676379414688874,1.7302292646911734,30.29221463708457,7.44963187724198,10.95378191052766
E-0022971,1.8413392976292036,239.66848168037782,21.040522075858156,220.2391561781553,4.919602822784711,1.9178527827362182,26.087104386122082,5.914174440379556,9.533709144453171
E-0023632,2.7195722909360356,106.46144429774965,19.904908398334797,156.04367241791886,4.254464620297766,8.928327380291332,3.001898810773491,4.532843744868836,5.257189329638377
E-0023633,2.095805915603853,157.75968526574263,33.189257556322715,169.2317798283287,3.776991907070093,8.509219389938366,9.499271409724336,4.328690303291998,5.985920590766131
E-0023634,1.1698413973462976,245.69497629268608,7.40683707597281,127.62535733589644,13.194034162857726,5.502003087361425,42.2025309375728,10.889863995646044,9.372182686812984
E-0023635,2.9823838808750285,43.687871306559146,37.9809660090982,482.0073798718283,11.049790364714262,2.2921003735817425,2.9714881774662434,7.257507985300151,16.21986292736066
E-0023636,0.7051863075341451,232.11954134720864,3.291840522836532,42.66091661027897,6.640437920419757,15.711295308282303,25.536381512908008,8.935956177954541,8.509631602783807
E-0023637,3.01597008515102,66.52451781402192,20.029445269645183,250.73410536033683,10.933053579563506,2.099121831011498,2.701425854720173,4.21848320853354,7.465976224000988
E-0023638,3.01597008515102,66.52451781402192,20.029445269645183,250.73410536033683,10.933053579563506,2.099121831011498,2.701425854720173,4.21848320853354,7.465976224000988
E-0023639,2.561952995898597,76.96068692547348,18.54191687004686,124.17220165504733,10.273001080285102,5.602417327271677,9.30890739011582,13.325219183076136,16.71684028107436
E-0023640,1.9390590127832166,178.47149687904897,9.895095630553886,97.89987087000297,14.724616984889044,2.345027353149221,23.361878874009868,20.681924802358143,22.36012929341381
E-0023641,2.3708861646636743,155.05600435268678,12.308554637544482,187.21603455407586,11.015870553789092,4.031933714555633,9.266956327265824,6.499555806761276,10.205486036557964
E-0023642,1.1152783128866475,174.35041554453915,5.680026646105724,76.96164656066665,4.271522910083361,9.502456457377194,10.685463400450956,0.2293038677472774,1.6099294781241145
E-0023643,0.6854417382339795,253.37642635480063,3.951144410212722,30.50679424428127,5.952516440130757,8.520850215415262,23.02787215900628,3.560586845094094,6.481499181796891
E-0023644,1.4370501910721778,215.77797096917553,4.750634764040344,49.08017505512,18.992479005386784,1.514382910374726,19.652417483849923,21.680713322450252,47.13158333522025
E-0023645,0.11586401825843853,240.2462577626876,2.5111019266044177,24.610686659090646,3.7995935015383004,7.161085392314506,38.70860554454691,16.965610337436807,30.332356632979227
E-0023646,1.186479030249517,209.9566147319888,4.157426179873969,48.37302614368276,21.759200648285805,0.3859324587392402,23.738326687948906,18.64515230026199,41.36653090091684
E-0023647,0.6090181200663042,229.37479284435003,2.9471074256866028,34.59534048400782,6.970633701995901,6.578925382060122,41.465579706677985,11.869580263088594,27.804275995139896
E-0023648,0.1485755953106396,297.1212514741578,2.90200961464944,119.93075915258845,15.965393494238281,5.11269591307295,49.77527074579849,29.351342528237208,42.65304502389511
E-0023649,0.2838268851660555,252.28416245817522,2.0269924024284323,34.31230398480997,8.086899855746331,8.609004745969997,24.21582497833206,11.508284782295275,25.555459444673897
E-0023650,0.6867230981628565,235.15289909347945,2.0305831228551283,204.51439420332596,7.284046854929981,13.618382652646098,26.904737862874416,6.8895927437623765,8.786369847042234
E-0023651,0.4818999950567624,229.94424985071038,2.917497950209444,47.647171181545424,7.124160005731429,10.86404166784703,25.405784796294693,11.271878576288664,26.53614435011893
E-0023652,0.884002842725008,176.24653213867754,4.584467645186791,48.893122676608016,4.309356240464437,20.105267412819256,25.73913717040663,5.048845536859956,7.735079093641493
E-0023653,1.096749353915941,158.05024296721277,7.3572906143715215,131.06233956963368,1.2580827064035343,8.563074394196658,18.76356694325402,1.443636571108581,3.7427808242242793
E-0023654,1.4874859415746835,212.61791145364646,15.688597618523506,123.6909415669328,5.359300873088674,5.7012047613916765,16.387964425785903,-0.47034200651586855,1.8038491210348355
E-0023655,1.0256133652602897,222.76347583101142,8.815205549669002,134.60029482248413,7.369780230446515,6.854223805726556,17.220202363408383,1.4436610138196149,4.232229278568535
E-0023656,1.9070912816640644,219.22910265911918,9.290973484489594,178.8872470918398,9.358441121658494,4.427278049366752,12.537511138827346,-0.9938488002268502,1.7450357639680472
E-0023697,1.3100578682234063,248.72571013853718,22.759601404616056,138.7705690146777,1.2900302862612265,4.875568454457463,6.7827432999373904,0.6541640100496031,2.292151766549952
E-0023698,2.064430326619657,240.46242949877717,4.617178210471491,91.74540430825215,7.918383407357123,2.6311608714724177,16.733859157452933,3.4437078283985256,4.939243658581324
E-0023699,3.351380450590651,125.07751189113304,31.7947253778283,282.34212941990023,2.387726510405533,1.7997042931679081,3.5867135960570335,1.190363508922813,1.6842281990029533
E-0023700,2.406454096568101,147.4693502591611,35.87083998261852,292.68677034146975,7.982468175139879,2.552455523330199,13.227247247064334,2.8035433329774606,5.827704473351464
E-0023701,2.143325818069422,183.1856115604065,28.646342950581708,333.0137730865868,10.890016021592611,2.9437819152222544,20.262576406584955,4.938201633558155,7.133366431803946
E-0023702,1.6600680032131852,250.0594256576341,12.444079783192239,225.6027974479738,8.090876885898231,2.1211334272600397,30.526225944374104,8.08475851584671,11.764908308509277
E-0023703,2.340544938726664,153.17126001743182,31.243639024760462,185.43464557500445,6.2670662580919565,2.37629617597099,13.594477408310826,6.47976124584388,10.314888929678734
E-0023704,2.0638708582748673,195.71134348820942,22.833362699187923,188.5921001568261,9.39381822192864,2.6151070606615954,22.065333351894616,7.394589330976585,10.608225375626022
E-0023705,2.998290769901549,81.1029226851891,30.205579380876177,206.32473610236622,7.955459503521936,3.4556311201179257,0.7805731962505194,5.280973009085427,7.092995957724632
E-0023706,2.998290769901549,81.1029226851891,30.205579380876177,206.32473610236622,7.955459503521936,3.4556311201179257,0.7805731962505194,5.280973009085427,7.092995957724632
E-0023707,1.2561209866975322,224.35290810384063,10.146870126780795,146.863344708593,13.4284912806895,5.790765837322676,41.38070248844768,11.284541818930917,12.3253808722532
E-0023708,1.3162207726783,257.8481945270935,5.57258950506311,156.3217699222565,13.057134956086783,2.8780228333744566,41.07257293287816,24.340100466179525,35.813199005938515
E-0023709,1.1620530729854628,277.0353539122017,4.001244377269901,120.617046992672,12.899194568360953,2.8780228333744566,45.02437611824833,23.83773726122347,35.803046189166054
E-0023710,-0.5611131671436069,277.89360803126743,3.604611106641599,30.05967355405153,2.5713041857595256,8.781453820117646,53.58556829442714,11.540032874113962,21.7047569314322
E-0023711,1.3017575686283285,222.00325510470032,5.063426369613007,115.7560366821876,21.2863776088437,0.9244827162489211,22.711366447727485,19.473350290645982,38.019920184066194
E-0023712,1.8222217608469862,150.47743369417216,10.513689174970278,71.40234055011909,16.359685796902674,1.5287725817676043,12.475479352180438,15.39824620310284,28.136735998354567
E-0023713,0.9313498305199212,226.13653809996472,2.2356600319536075,21.25533700210886,9.979278498311547,3.8277379500020237,30.269966177679485,20.8752667583582,40.13663554672164
E-0023714,0.9313498305199212,226.13653809996472,2.2356600319536075,21.25533700210886,9.979278498311547,3.8277379500020237,30.269966177679485,20.8752667583582,40.13663554672164
E-0023715,0.8775695356194122,230.534664073581,4.226415315408595,54.785155090605826,19.56647144727829,1.2399038945214458,33.49349603389706,18.813347643068767,36.51568134239334
E-0023716,1.086462636733074,230.53239885664107,5.563576280872347,59.86971226980607,17.465760133785064,1.930903708247208,29.493990671478638,14.990595204232012,26.254754066829044
E-0023717,1.4910198309388347,213.97225718210242,12.220559571849797,59.3254764231402,16.968428559733326,0.7405942684039759,17.90346891882954,20.386078782060018,34.86162327298563
E-0023718,1.4463677312650018,202.67652135873834,5.617566118031826,48.290807075356135,14.654976682876635,2.4904608078703925,22.32439627038676,15.750394924284517,24.715341239302028
E-0023719,1.6925096373783868,222.20331847194313,3.4260209585932664,71.26142237263157,23.53295340530972,2.4196685963459883,16.317420689428822,12.477727494671637,23.851641286684753
E-0023720,1.9334928542787453,167.04880772622585,4.917040421214185,279.26655927001235,20.40080587829744,3.107147628335304,12.10710063717042,7.146356373915721,4.84467660746766
E-0023721,1.3998411106919433,227.6350436804035,6.906883628136375,93.93089341616815,13.493521071206217,3.890626879250685,18.461169552117326,13.577220044233114,20.357728209036768
E-0023722,0.06435126159008325,197.76453537965273,4.798109249435918,29.852419924794535,4.304017942476021,6.249729628453123,15.549984335368812,6.3138704248490365,9.823824739222177
E-0023723,2.803525309683091,86.63974210249243,13.984217133525068,191.75179814548036,3.068908564398034,4.941359893576955,3.0981902512499255,2.3384503598076365,4.12355444701138
E-0023724,1.440311867907437,199.25613784447185,6.015098362242716,90.0506227566005,17.06031887053713,1.558777040483923,18.77873627801813,12.712600027140706,17.526351124209892
E-0023725,2.514011364514036,76.2191996502564,12.2822088744472,320.4400711588172,18.12520200548999,1.4989613015366392,2.9944020497442985,1.2178517599060008,3.9623332406920886
E-0023726,1.8797990811008152,163.07857882023438,6.88102377934944,249.23505469648566,20.792720979034982,1.0357603609182737,17.895747366858206,8.561023748405715,5.416606244886456
E-0023795,2.838273999906825,264.40797032858615,49.25696486129562,355.1230495355681,1.2137917724472398,2.6344995526529456,8.345746923069385,2.951210886556897,3.8416790531099028
E-0023796,2.332448334113639,260.7775093458842,31.783840868412348,231.75111550791317,6.027339860290587,2.305873938849348,12.348229804859173,5.410992596927672,6.409338336538319
E-0023797,3.2480168357779804,116.84892868287538,41.45601048174011,228.05327701017828,0.5896532348752694,2.1675671326300017,5.450774929174155,2.044719623042882,3.82566346782735
E-0023798,2.814290227666637,191.16598968706273,30.59109912667502,350.9215318417711,1.7822424182300347,2.410319906542788,4.5888242053502974,1.2899604856805749,3.909933550705103
E-0023799,2.9886388900474383,191.9752504289681,17.150234395919654,148.76993323239682,4.955327436838747,2.697844730874288,5.755616549280688,2.890979321250117,4.445566780117553
E-0023800,2.201422981150923,201.87490267078113,20.03965038443782,344.28137133976765,5.985698304986581,1.138591857559814,20.55911563106297,3.8463608133494778,4.674370307738336
E-0023801,2.0960470910854374,229.34742333257233,19.042836626771052,343.54250680395586,6.046224741343731,1.1041079774282403,24.98128713948156,6.020088398639054,6.590370485678543
E-0023802,2.07975811738691,288.4389792012354,14.276903627041904,524.5263348269651,12.24740836137695,1.4571501794387105,17.41381399353198,7.617934053830613,8.629918329564541
E-0023803,2.7309784320819777,74.799944673704,13.496670491341686,167.6411345488907,13.645656560993196,0.5650966078636903,3.263177244627761,1.4222231746823442,3.445232599724049
E-0023804,0.7011267799097198,278.8218783007515,5.472940167255572,60.227066722523666,18.85250777166538,1.8390334391569354,46.035515481413434,15.979427709545142,29.360486875531592
E-0023805,0.7882284245024112,223.68056772416082,3.287870985175098,57.99246941478278,14.978878422128512,1.4353667594602948,20.82749808087145,15.644579634216955,42.69485336227548
E-0023806,0.696024552450728,236.6452294167398,1.6142938961542028,18.62045468933332,5.363880329432591,4.698014422470409,39.61283495448382,28.92270759921616,40.540503084561436
E-0023807,0.696024552450728,236.6452294167398,1.6142938961542028,18.62045468933332,5.363880329432591,4.698014422470409,39.61283495448382,28.92270759921616,40.540503084561436
E-0023808,1.470383610236823,216.47157524882903,4.837740280596877,63.50203414885914,16.56910239281692,2.0505015302611165,23.159289047416518,14.867216699647205,31.589626123075995
E-0023809,1.086462636733074,230.53239885664107,5.563576280872347,59.86971226980607,17.465760133785064,1.930903708247208,29.493990671478638,14.990595204232012,26.254754066829044
E-0023810,1.9550582052828989,92.28095314915724,8.576661896465726,277.337241127266,12.92696913252909,3.3601034542710164,9.860690001073266,5.8010049737259735,9.623447570348103
E-0023811,0.47075899395478193,196.89045135401778,4.221866470024896,134.76523304966454,2.389414822024747,10.555823918698856,19.449512661039876,2.8716980037645707,4.505437344775516
E-0023812,-0.22742596224573985,267.16170658683035,4.12377470867209,127.02363954948154,1.5855768975407827,11.041476671971214,50.99631246414549,6.47286679457901,9.101905775159205
E-0023813,1.1385969661144095,264.6517211467401,5.363155122771898,252.71772523847474,18.900834170202643,2.1547340931661894,42.72303389844332,9.204049424742992,14.500440490818292
E-0023814,1.8061149846305788,138.06692838659237,5.836556102440798,294.05033175720337,19.86617282166231,2.2891977112065165,20.102153435088795,8.724965783150198,13.955596635150721
E-0023815,2.0075164029948063,173.47614458910851,12.60748741403758,281.11106988681956,17.448759180893305,1.2784427281188608,10.1768561175676,4.26920398104201,4.593624157082483
E-0023816,-0.17777992718978122,242.6991821056175,3.8056980379559198,24.85252662782936,4.482850215089229,5.35462673220161,31.694802752879646,6.778983092008978,12.613708311980723
E-0023817,1.3107040407466066,221.12274706404364,4.341839325130627,74.79528569765728,19.208268534346562,0.7895819246766707,24.839713582224668,13.095279752778659,23.254440291623357
E-0023818,0.4788298595209548,247.92259085510298,8.051592292240665,51.40083184703167,14.852321479542836,0.8310044377619196,16.89989826821798,13.53713489958035,39.56586110159095
E-0023819,1.2176560887937458,239.49860125261765,3.844350969555757,93.07907822683207,22.443740779343084,1.1644388957554102,21.869777540507947,24.816077309838356,49.771306802702874
E-0023820,0.0671774722927192,246.99702434046998,10.11372108715808,52.12295398739769,9.089620808516194,3.1158337962859566,20.757127158348133,22.478198214408387,51.68198587801877
E-0023821,1.4668366675445994,230.58129438294327,5.176592125988641,69.87961938946314,21.80463340129735,1.3890565556175556,21.571076690243746,15.506412532597725,29.94688848369762
E-0023822,0.6612935911456157,241.66093651065108,5.849340133736945,84.27553263514639,16.611995756358215,11.939588383665804,18.203740772527745,18.23831479948569,31.391128823859134
E-0023823,0.09422831911220667,248.58464622634781,9.819339838107831,36.842244806554426,12.209705907297515,13.208872864989003,28.140855488692445,26.563062958434596,51.72336422276028
E-0023824,-0.1607948169327008,244.74858358461972,2.177863042347544,136.21205466232593,-0.3497080989746646,8.767699945231204,23.78996104740546,2.797237765424404,6.491771349522291
E-0023825,1.17787232933634,241.86594639741313,10.6663715357779,167.34664165981732,22.236011354223947,7.246549314954717,45.81616241843824,22.918761661368872,37.39517186613075
E-0023826,0.8785141701453103,211.77288412389416,4.7850309691467325,163.67237854676245,6.273516701223347,9.608948268087909,26.961059758779346,3.6404434524154454,4.663104373561039
E-0023827,2.254431895714407,154.35260526937586,7.864444644791998,310.87084750129037,19.344431164268784,2.541417347965395,7.503209379880063,2.1982835847104485,3.3491768924527245
E-0023828,1.3911983766939289,196.08406225356603,5.2369704177703635,247.55749522603097,5.025812127972948,8.893763178942443,23.554498120344885,0.6316985907355285,4.034839987115708
E-0023838,1.875741863076471,235.73784215417191,58.1741325714705,176.78599747102723,1.7253056951805341,5.197496224685368,12.536265107898014,1.2664929540434335,2.151628327870216
E-0023839,1.875741863076471,235.73784215417191,58.1741325714705,176.78599747102723,1.7253056951805341,5.197496224685368,12.536265107898014,1.2664929540434335,2.151628327870216
E-0023840,1.9348373936280914,254.06666883018687,6.131846842328916,114.63808305263001,6.159845414254228,6.87545149820911,21.56492547810275,10.80464561925343,14.530547144833728
E-0023841,2.103824462637246,269.7245515604146,13.89535114135308,226.02563881660828,6.7435114344833025,2.330900197866799,18.083922463553307,7.760484192521198,11.043222829820015
E-0023842,2.5033486637872215,143.0458764385888,45.46367551473631,326.74705439639956,9.667594207388975,1.1032878249957652,14.22728928507726,2.962883137576476,4.892497672669196
E-0023843,2.4719054557568154,170.04785372696645,41.2976359805818,323.3526295728075,9.0224842665046,1.3508958810635352,13.654578820919026,5.0070781305534116,7.007389240370559
E-0023844,3.0152639693991325,235.4873312406275,37.62089953523315,172.0605688321399,6.96274737342513,2.714670101017285,5.515394631770439,4.385551277397183,5.368686706224198
E-0023845,1.8952162167393225,303.66723280309475,14.444742006280574,468.2174933528645,9.472127710226342,1.8233628350198643,24.659497084740675,6.775790654030176,9.30300573717697
E-0023846,0.19209460235429296,234.68541039947849,7.013121786989942,56.656217807104774,9.580479905460855,14.261758561287381,45.25571232121356,31.23859274570927,43.388286591448754
E-0023847,1.2798904329323144,216.5099360061086,10.86072260764936,154.43239000651852,18.22294401091773,13.29523988434227,32.878082687483165,14.763797534837465,23.08425582754708
E-0023848,1.711072535992952,211.38572419922363,10.41288428136392,53.88684617404189,20.482495618210685,1.909436304993666,6.615225297817898,10.069422175602678,17.436542780535735
E-0023849,-0.24389806184973026,237.508514528714,1.2868432723766552,11.677251488253834,-1.1025851145699483,7.530028065108427,38.67999188721548,17.785806944906437,37.25466655985263
E-0023850,-0.1794884097475677,243.9556527819244,3.708273491520858,13.098326632285183,-1.2005456342121352,8.00920556204898,26.228632948363256,7.672621777000425,13.838392448997269
E-0023851,0.2920889428940707,225.352297036746,1.994673845781863,17.959627310857158,7.775542279746881,6.89241816859641,32.83750170905394,8.404608559844824,22.095208176465594
E-0023852,1.470383610236823,216.47157524882903,4.837740280596877,63.50203414885914,16.56910239281692,2.0505015302611165,23.159289047416518,14.867216699647205,31.589626123075995
E-0023853,1.1437654393126384,210.4996002895577,3.60616163782763,181.04845780789321,9.018251698825775,9.494216145886874,36.311214446889224,5.622454269252366,9.384463140227034
E-0023854,1.3976947323443745,240.14425342010412,5.1016176252624605,83.9679702275373,16.451366370789003,1.75318902635486,23.431703293265414,17.80293558986109,33.518796223015315
E-0023855,1.3976947323443745,240.14425342010412,5.1016176252624605,83.9679702275373,16.451366370789003,1.75318902635486,23.431703293265414,17.80293558986109,33.518796223015315
E-0023856,1.8366084746480191,196.42828090961228,12.844922375397557,60.24664163487406,11.333748280986214,2.576755237120389,12.274035645574653,6.623124960218401,10.98438659067717
E-0023857,1.3744604184448113,230.9279042468007,10.688881280381269,231.5912913088164,16.015567980656876,3.085719426544596,24.283229039471216,9.397746894871448,21.89259088096852
E-0023858,1.619905803635885,229.7144201897841,6.1165866194110485,366.2776310194421,22.08715030133307,1.6502354098763237,26.059278983681573,11.92573924761069,17.355576069245018
E-0023859,2.5350675784559566,72.21994287826286,15.60259617070783,306.2667572120991,14.550756040238841,3.3197095489364568,5.151275529710679,6.554834788264893,9.815525166071652
E-0023860,0.9591776124636308,230.7360664831086,4.8119558368769715,92.13776730729522,18.90113011869841,1.3543738040057822,18.24357091278929,30.676941807289815,50.06036929582046
E-0023861,1.3361910784121236,209.94857481548027,6.673925488328347,59.64668697997714,14.79051777280536,1.0698972103096507,13.770550104728967,20.899860488094856,32.05600418279349
E-0023862,2.3775566061836724,71.05885356568294,15.291150371520782,153.52694118506153,11.440557320699549,1.7918307944972933,2.051560435028974,3.8175125393604814,4.8232321088424435
E-0023863,2.0116513304752113,125.95396636495785,9.136010943016633,240.25361169600512,15.570324764785203,1.0004855554035987,11.8312498111769,4.8557660885700775,7.684346535229484
E-0023864,0.662401428672238,194.46609940861168,3.443742067087036,108.20659338640819,3.2380566579408843,9.246631091239912,34.238886696562226,6.433166916629616,12.573050695097509
E-0023865,2.3713578327118947,119.13689640226305,13.44450862409187,315.5290770078663,10.05185424707644,2.6678641875210616,8.7294418614023,2.4621879855757696,4.491214794315421
E-0023866,0.9323362537588568,241.8454084420248,4.926410359777808,83.25841495363646,21.80638769968322,1.145413340353472,35.243701795940545,30.302153505663483,46.64054362696821
E-0023867,0.8809658840717911,230.26406998845442,2.096394121944755,27.34125191625419,14.197423235767532,1.7377149216521688,35.78966666720959,23.41434970284994,45.143964121848526
E-0023962,2.2370096059807283,126.20147984525113,17.769792837734897,154.23434024089104,7.066755535496568,11.212459063593302,8.823696639673763,5.674394895944117,7.832754212398814
E-0023963,2.982971682685265,99.01816336085155,26.26970036933994,125.67715926812689,2.6540859339565506,4.198727880004966,2.8895825839002764,2.9319015030657543,3.4845099750586543
E-0023964,1.6695335402883036,214.65609174575724,6.029306814227255,47.14949873253005,16.987071063434804,1.587019625665362,11.140258974356431,14.889178992702622,20.159838080638835
E-0023965,0.9454531430601123,173.2766524239027,7.93812843944132,85.67550087987155,6.582488892943852,9.513289081430148,14.698093696784587,5.189214660995379,9.389275243944299
E-0023966,2.8365438549441286,37.49015918310499,32.756392491022396,227.2099972342272,8.02302882230773,4.654240532738051,2.6807817877118536,6.570041500670033,9.85945375552357
E-0023967,0.29743801968246975,278.6065139216096,3.874637634792764,140.93001202052838,16.123336266149902,5.11269591307295,48.764878309324544,29.853705733193262,42.95819410226425
E-0023968,0.11602795467520176,230.8780026984725,3.2784692148154777,47.545015940223045,10.35347844804885,3.0396505655195645,21.685512726635768,16.159198998733284,41.55249763640597
E-0023969,0.6073452144676,232.07653284005437,3.2342617370418285,282.2274104101734,10.290606539550765,5.4684828065153965,30.853596913813345,6.591662840518339,13.292148140981848
E-0023970,1.4717522763755655,236.1810216178238,3.550923151560279,67.4911829940288,13.831185931335014,1.8139358466235593,22.41777907537879,14.27522393750507,26.195212083685515
E-0023971,1.4717522763755655,236.1810216178238,3.550923151560279,67.4911829940288,13.831185931335014,1.8139358466235593,22.41777907537879,14.27522393750507,26.195212083685515
E-0023972,2.2248753400028893,146.9982856623521,15.258456303795107,216.92326943739877,10.479750238339907,3.036833251433012,8.434275006419627,3.4876303657128065,4.163058676542648
E-0023973,0.5415661749776531,217.16998771039255,2.5406050379899376,134.15496923395884,5.304115678577826,14.465531748428699,32.83681997853455,5.681234093690859,12.151590897912918
E-0023974,0.3924820049436115,212.48476079995024,3.7343417418747826,102.8875520681135,2.5656700621864457,8.653264028725193,30.78762095488794,3.002883718568845,4.928873153013497
E-0023975,2.149113311543081,136.84674823542363,14.023517733657785,407.0819612320293,14.011649779950835,3.0756584828699474,8.250151736930935,5.783525159859126,9.91711878130074
E-0023976,2.0507383740527376,141.80052702970642,14.404257773987943,479.7183472307902,16.625865031308685,1.802587941021626,11.926299603039448,10.054186250500326,13.463012396880146
E-0023977,1.5359891327156951,200.98802114825122,7.388279014382157,440.7027489659296,14.739099786584656,2.764891801378468,23.497271640283635,7.429351073654716,13.575287551981335
E-0023978,1.5359891327156951,200.98802114825122,7.388279014382157,440.7027489659296,14.739099786584656,2.764891801378468,23.497271640283635,7.429351073654716,13.575287551981335
E-0023979,0.6970105311109319,236.09527963985266,3.3517679737490687,29.814527806515397,13.968981023508045,4.291989827646963,32.89584256628366,20.395595438104127,32.17561575155539
E-0023980,1.2953452019163105,224.44399337963569,4.708946714264486,30.33628421324887,14.941689533586468,1.995939973463263,17.937487163326466,9.875495173831213,18.257227519590398
E-0023981,0.6513924235945364,240.66240461098855,2.6058460236045238,10.317882897678409,6.389734171993436,8.49158947428542,13.421374804331743,19.468555221583777,33.245352868449395
E-0023982,1.2475146658715612,224.9863745587411,4.288147114500955,24.097986597144292,17.727720625123577,2.563293986990392,8.465859705385949,13.24069442739022,21.357888336824484
E-0023983,1.3305502653264005,207.64987218070573,4.525994667713483,37.1011373914784,17.046312871557525,1.1748747923011942,9.00311541911239,14.381301920376252,22.38392722417082
E-0023984,1.5646839490313418,182.51944576524824,6.590041497098597,43.028155278151964,17.21938570435327,4.083733391515316,10.620947883316182,14.876516567024828,30.392941293602515
E-0023985,1.5646839490313418,182.51944576524824,6.590041497098597,43.028155278151964,17.21938570435327,4.083733391515316,10.620947883316182,14.876516567024828,30.392941293602515
E-0023986,0.9942870315792717,202.0309044923119,2.709264436429675,30.054568918407462,16.625155885640844,1.1630936774972964,21.38467703949096,19.465525413957817,34.885994678047275
E-0023987,1.2462115244035232,198.50676007661247,3.260693802435264,45.95660710631859,18.342504440859205,0.9312786318573786,14.233413341929333,16.14926416407901,25.12308712384371
E-0023988,0.8984445561353647,217.9807698465594,2.1105727125550264,40.504178029855936,8.168411965300042,5.234202978081031,42.63192516088384,18.651532433345242,31.49767074920973
E-0023989,1.6306546850643184,204.68345788555425,5.889830708971837,54.53342346714527,14.687773920557769,3.126313697567793,20.651870797512533,7.231470320335669,8.507137292758356
E-0023990,1.0335519471493073,232.7356997572418,4.473916585412358,34.06899515636419,17.5261039513144,8.148487988741138,7.239626161371554,18.781457099230305,42.86482149944996
E-0023991,1.0335519471493073,232.7356997572418,4.473916585412358,34.06899515636419,17.5261039513144,8.148487988741138,7.239626161371554,18.781457099230305,42.86482149944996
E-0024192,1.8562420583014463,272.36860080236255,8.995055934970594,304.80104960927775,10.717524481176682,0.3026130519182079,28.531808912231465,12.43188338417296,20.184604216678224
E-0024193,1.9260113240992809,272.8256740391497,6.810469858707996,153.15456152244153,17.54582696678824,0.6719243588958042,21.939857608521677,9.362866145038097,15.814405749058283
E-0024194,2.185361711637749,251.73248036226803,11.845285182201986,249.42399571226292,8.838553223006512,1.0686464292348643,13.79602777138345,3.618311072130487,6.963522432578801
E-0024195,2.488562976914351,169.65269167983456,21.330007239770698,314.8681469005149,7.815083915973121,1.2306908399455103,7.659540369883573,6.489096515104364,11.2662509962985
E-0024196,1.7229652555434396,234.88977203738514,3.1322162845476287,99.0232106957947,18.996738232931843,2.261379937355167,24.581928723264266,9.902073859710132,15.782352310797645
E-0024254,1.637307130973471,282.35164464112376,4.5406533746202635,125.15604344920132,15.956565283070729,3.593665277526362,23.693298054622076,6.288672524971752,6.522567338926958
E-0024255,2.3738062654614085,198.3499929168064,14.99958727609032,201.39613171151024,6.872980090458271,1.1287489778030273,9.762461315885885,6.851516657727959,11.443334569101792
E-0024256,2.75858024420625,221.65914540687447,12.350492255472497,375.55027641719823,5.869335843461126,1.8348495378356935,6.50656399686093,2.5400823875053042,4.555146778315825
E-0024257,2.743122177392294,210.9861705011484,10.386841166394142,356.7314640010767,7.4991774245198215,1.450763215143095,9.133787404611958,5.861979437365006,4.654074016268279
E-0024258,1.7229652555434396,244.53804301282398,3.1322162845476287,99.0232106957947,18.95755747731661,2.261379937355167,24.715511792111922,9.902073859710132,15.782352310797645
E-0024259,2.3466919827152246,169.70176337826595,14.496527330429643,168.96606848878127,12.130705694785762,1.141204277968828,6.770493526483167,7.043430526902993,8.520425853002052
E-0024260,1.56588676081506,210.0686045686289,12.727218957129754,470.42169155226503,21.97692533534712,2.0509617432909955,23.851338253273816,8.288850505046854,14.66803610369105
E-0024261,1.5314102997978116,211.22041339793495,4.302487254388352,278.0198925777362,12.950611984973893,2.9578517951753995,19.35649965875936,6.073914131663453,7.814081715542977
E-0024262,1.5314102997978116,211.22041339793495,4.302487254388352,278.0198925777362,12.950611984973893,2.9578517951753995,19.35649965875936,6.073914131663453,7.814081715542977
E-0024263,1.5755928338962668,210.16023595989145,6.0078156874134,116.37936233776546,8.517782477249924,4.283644875025091,21.24987839541685,12.642220857924983,14.098328836038998
E-0024264,1.6321224599404955,206.10487627380743,7.052063152172458,107.13107711964307,15.218923345931271,1.5220230165024127,17.65415560405325,18.237151637178428,38.624820215480554
E-0024265,1.6321224599404955,206.10487627380743,7.052063152172458,107.13107711964307,15.218923345931271,1.5220230165024127,17.65415560405325,18.237151637178428,38.624820215480554
E-0024266,2.9182686876405555,54.55743807139375,19.769155713210303,153.2129421010246,8.101912016883833,2.548423245010696,4.5244940405339085,1.6852591195536402,2.298107614641017
E-0024267,2.4388933998904276,85.36395084214945,15.900246591345827,266.2085365397789,12.044450459033587,2.148141620051443,7.482263326978669,2.1073674934932605,3.8469612914583644
E-0024268,1.545636450934535,171.26810320564698,5.921336016165591,156.5795778696243,7.4347060269294465,6.8108646674304945,21.20340694719374,2.261250408627672,4.076760124304143
E-0024269,2.1196166512804755,150.2977637514644,16.118811840209126,267.39348501325924,12.138623155212976,2.7588325223876042,8.198184482967598,3.8132355733112844,4.295220729336071
E-0024270,2.1196166512804755,150.2977637514644,16.118811840209126,267.39348501325924,12.138623155212976,2.7588325223876042,8.198184482967598,3.8132355733112844,4.295220729336071
E-0024271,1.3826324849505305,216.8957342575696,5.011345751398292,39.131926448597795,18.524361797193382,2.1059627950599187,11.43681347656312,17.111987459085363,25.84464838775899
E-0024272,0.9572736044139426,224.061098501308,3.2636367295929514,48.08088066990997,16.56574669796998,1.5241252723542154,16.516940735720297,19.278280236509445,35.4038979936397
E-0024273,1.3197584221680878,219.16193254880824,4.295319213074563,57.40627119423361,20.47564929646014,1.4581021456751513,13.316102018339823,17.565772709244538,29.362887964129854
E-0024274,1.3197584221680878,219.16193254880824,4.295319213074563,57.40627119423361,20.47564929646014,1.4581021456751513,13.316102018339823,17.565772709244538,29.362887964129854
E-0024275,1.3305502653264005,207.64987218070573,4.525994667713483,37.1011373914784,17.046312871557525,1.1748747923011942,9.00311541911239,14.381301920376252,22.38392722417082
E-0024276,1.371746435710881,210.72336559077294,5.48003020403974,39.01202242696436,18.607930237119554,1.1119479534610293,12.336067003042146,15.010126707753642,22.83968601087368
E-0024277,1.371746435710881,210.72336559077294,5.48003020403974,39.01202242696436,18.607930237119554,1.1119479534610293,12.336067003042146,15.010126707753642,22.83968601087368
E-0024278,1.433867924908924,176.8689275934165,6.17712512728362,46.7233566083113,16.0854104631505,1.8546723605296107,11.74574200143105,20.507254033196773,33.23905165284871
E-0024279,3.2666193018551626,42.3812350551934,20.487266529128817,249.12239885439894,4.623818729122252,3.411943356040308,1.0684517697793248,1.5997274457465733,2.753719940560562
E-0024280,1.052826283799429,217.56733322678645,3.8875251624191955,108.36086034569753,13.752368578319253,3.672072017419366,38.78349817293293,13.149305661403131,20.728462795817922
E-0024281,1.2694822615925254,202.20253899275602,8.192155104661495,87.42447507582142,13.45255027319775,3.29143118948389,8.055798126403825,16.87044610027887,33.57349693742286
E-0024282,1.144783378082043,231.13028420047797,4.25543977831128,31.128502555086378,17.72428629088165,1.8654094352230748,9.032108954767489,17.94126700240552,36.25973416347267
E-0024283,1.4277198462915661,219.7010809085764,6.685639441806832,34.016029527009664,15.712374326864435,2.082533407663714,7.348230795560523,17.28938613776314,40.99311805545174
E-0024284,1.4277198462915661,219.7010809085764,6.685639441806832,34.016029527009664,15.712374326864435,2.082533407663714,7.348230795560523,17.28938613776314,40.99311805545174
E-0024286,2.351913335009841,188.98082740759907,12.803682386077938,24.876526328713787,5.045307994619739,6.357964130984712,8.003865508702244,-0.6613467148770766,1.1256839141502226
E-0024287,1.7707331969073214,197.04209400401214,5.360345629155718,8.817486299576187,6.168064465556148,12.521844485183776,15.151292119001807,1.5730048593037365,4.968061882459788
E-0024288,1.8110815181425246,172.21553450986937,6.723600754718802,8.090480159767628,6.339178919335348,10.47431545250495,15.556727174955833,1.3042050134845622,4.569814220602143
E-0024289,2.524646002658178,100.23819711651083,6.856203472605068,28.13098211634468,4.956694123688364,6.501621815310884,7.129690816144297,-0.7131245950012297,1.020838444258025
E-0024290,1.9917763176068006,120.06234150242754,6.239833198078656,10.130515602484605,5.816419253809714,9.325665371754337,13.264118334508352,1.5323329256746447,4.962410885297923
E-0024291,1.6028368002822653,226.79464027298908,4.24665988967547,7.665650980876551,8.193705056920699,16.496856875663337,17.26682853637157,0.15140329464197333,1.1890757206145637
E-0024292,2.098596462608117,164.4187181023781,18.841050954644242,94.06748139420671,9.143800779767464,7.167574659915512,10.151195719262084,2.2435754039552895,4.746229978102421
E-0024293,2.667507033114971,87.42277408355774,14.189087897237139,43.82189133030955,4.3377501160623755,9.711702715768656,4.418356908383899,2.930099888214445,8.209375961218164
E-0024294,2.735017200910109,80.33141166945111,25.723806549680653,128.21795389500915,7.7437768385903905,9.389837834128668,2.7243273181786467,1.4879055237053465,2.3514945220058574
E-0024295,1.8969041916923066,227.71344158624976,3.555964713793302,273.8694251949019,15.747774531293773,2.8152340042059727,13.494718114877568,7.5244960619484855,11.671413114890974
E-0024296,1.8969041916923066,227.71344158624976,3.555964713793302,273.8694251949019,15.747774531293773,2.8152340042059727,13.494718114877568,7.5244960619484855,11.671413114890974
E-0024297,1.2702847648435054,227.32867313809268,6.177687670290181,130.64993026490868,18.440576179046374,5.445911739679797,25.28780286960592,18.395033242717634,22.887015289629957
E-0024298,-0.0900036535635357,308.113822631526,3.5401717022060835,37.33438588813395,13.88087170687445,2.7853823226733994,55.040895693398454,47.58222368033765,49.018746242101244
E-0024299,1.6043308626075086,196.90815891206384,4.974396849111814,89.60675252409516,13.111276419231341,2.147037358780787,17.282718530054208,16.65230560237574,33.837475953878794
E-0024300,1.6043308626075086,196.90815891206384,4.974396849111814,89.60675252409516,13.111276419231341,2.147037358780787,17.282718530054208,16.65230560237574,33.837475953878794
E-0024301,1.3627917185234681,197.1383485510639,5.43241062175011,170.92440732580812,8.53860770002052,5.41753734074562,30.097263581203784,17.043679231637242,25.76387672726995
E-0024302,2.149113311543081,136.84674823542363,14.023517733657785,407.0819612320293,14.011649779950835,3.0756584828699474,8.250151736930935,5.783525159859126,9.91711878130074
E-0024303,2.4388933998904276,85.36395084214945,15.900246591345827,266.2085365397789,12.044450459033587,2.148141620051443,7.482263326978669,2.1073674934932605,3.8469612914583644
E-0024304,3.307509040517651,52.814404098336276,76.74382301326821,335.6968226598345,18.246471354371863,0.6086932635272915,4.325390836797251,5.539486746769318,5.023632013998858
E-0024305,2.503064746404103,56.886129339007134,15.61740764940171,239.72569547899127,10.25342695106618,2.6963701838923733,5.219664163324302,2.4429654578050157,2.880137876247542
E-0024306,1.3535293999554492,220.02065025776398,7.898016824156178,58.0383361045493,20.49670054935171,1.906589474328848,9.289112564713717,15.270960714778214,23.489887100271396
E-0024307,1.3535293999554492,220.02065025776398,7.898016824156178,58.0383361045493,20.49670054935171,1.906589474328848,9.289112564713717,15.270960714778214,23.489887100271396
E-0024308,1.3210476769588548,232.65306257223367,3.1711385698349277,20.602983642776177,19.951592566965207,1.8048325572730506,12.347960640640387,23.432665752231387,53.906959232978075
E-0024309,1.4992795491000308,214.61024885883248,5.451666004454837,57.767881257089186,19.015737754021025,1.046173918009573,10.00059634137514,13.763820067009494,21.45084985263505
E-0024310,1.6408320943190322,189.67522282807977,5.8712268345114875,60.086087667716086,17.34858752408007,1.7575794367674242,8.786014881502162,15.062797919769544,24.39777242270973
E-0024311,1.6718614463010844,179.14028722522644,5.012067087241055,94.90536538958126,12.913770445201507,0.7448720420385553,10.54753938173096,7.7507634903645215,11.443119001693425
E-0024312,2.4444385181406725,155.0230932020551,15.317549238625212,110.21578840582482,11.015473016420295,3.225483778839023,7.687276033394849,4.642425466801715,5.221772218526901
E-0024313,1.50496487609055,213.06188688386965,5.466561980125101,34.26985482454416,17.41877376667299,1.4309410374221896,14.820490469149227,23.549447610491416,41.56800144585133
E-0024314,1.50496487609055,213.06188688386965,5.466561980125101,34.26985482454416,17.41877376667299,1.4309410374221896,14.820490469149227,23.549447610491416,41.56800144585133
E-0024315,1.3990564753852177,219.53166402118893,6.388680027085523,20.109769164609137,17.792139505385656,1.945189781531895,10.832631805225692,17.231802754895053,45.56790542853608
E-0024316,1.4965899860658514,231.69980543793207,3.621479654263891,23.645412105205164,17.046708641533844,2.0245408549201387,13.914888625779327,21.706366716860472,49.78391564467692
E-0024317,2.6582891893175216,63.577241929687986,5.226712275032283,8.492387243157067,2.8435589283592475,20.719962167920343,5.068134558245466,0.01604393843498564,0.2842523658076136
E-0024318,2.7613961261467876,63.742276147448536,9.78151293564402,13.460012898775846,2.2590500249709375,20.384385156811945,4.753716243627373,0.06195164105835127,0.5413457869943078
E-0024319,2.8071641053623755,29.828455913067714,12.338590924905368,13.022856106421285,2.320322884173885,19.25724768373395,4.940134586589561,-0.19080770518606283,0.1363193296978166
E-0024320,1.576732040333839,203.04840213761645,9.006090729137872,72.8214172371169,17.13577218849776,1.203974898163493,8.206270590503717,10.477238439926062,13.645258777767072
E-0024321,1.576732040333839,203.04840213761645,9.006090729137872,72.8214172371169,17.13577218849776,1.203974898163493,8.206270590503717,10.477238439926062,13.645258777767072
E-0024322,1.5516216740400015,209.50641013627816,5.553045212460832,56.43627336163631,14.668985391687835,1.5705660850282395,11.032438394784144,9.262465259583312,14.708791217785578
E-0024323,1.8254197463218544,203.41753558783284,6.929396117542836,73.66784088378205,17.047219756907523,1.279284758830375,6.206449632766868,9.224643961843084,14.108564487889089
E-0024324,1.8254197463218544,203.41753558783284,6.929396117542836,73.66784088378205,17.047219756907523,1.279284758830375,6.206449632766868,9.224643961843084,14.108564487889089
E-0024325,1.9305499081954158,172.440021950424,8.173410889486592,68.49390126904255,17.58708684495697,1.194545693264497,6.2367451552563535,11.65083699406684,13.788140363453213
E-0024326,1.9305499081954158,172.440021950424,8.173410889486592,68.49390126904255,17.58708684495697,1.194545693264497,6.2367451552563535,11.65083699406684,13.788140363453213
E-0024327,0.8302746032315618,227.97208723943172,3.1209100405220456,55.91831717674584,14.946004247702163,6.244952762306564,31.784895690354062,17.088226705555968,22.8587994356298
E-0024328,2.1727914185175816,269.80755628077327,21.937396784211945,377.4099800686783,15.05218971516322,1.342052945370138,13.249964166609349,4.019500317903345,12.31272931282555
E-0024329,2.197161897941876,280.0921356205024,7.083739059248973,120.69638451418203,9.80508470959396,1.7604239668798913,17.62580766603636,4.547884623526145,6.036412028445039
E-0024330,2.692109367774451,204.99542465660403,11.039731613656526,231.8991914733617,4.8890731203766755,3.3041025389835177,7.151420014016088,3.3028141246377025,5.4477667442954605
E-0024331,2.7755655264124517,178.97737153339312,13.02985350238588,288.42859708170755,7.509571880714836,1.2511134638949397,3.0682010699497866,0.497665816337023,3.5881203459091076
E-0024332,2.686929351104923,205.9033279710477,17.33219678220982,321.39862442025947,4.1760562364798055,1.7315756993752105,10.644580104422527,3.108389144207871,4.59180848072417
E-0024333,1.6247587366549072,246.22138331903457,4.360594760050379,108.5132137692747,12.512025695628877,2.1288268855739036,24.46155776768569,8.50336869998225,12.11666825447717
E-0024347,0.5026654930766303,285.7382103816122,2.485054563278989,12.855052804863776,12.236653862150725,6.860367385870059,50.49676356157309,16.469117012921913,16.685258658929847
E-0024348,2.651582284930691,103.00874108957403,12.091716404962966,321.2892932869593,12.86871640435793,4.131564856217917,2.5458391430350122,2.71466164969733,4.34606770150007
E-0024349,2.361076511109895,116.80680461464115,18.472386212058332,233.33080285550878,14.10430286953075,0.849332521825886,9.08382795424087,6.439741956115382,9.452626157827078
E-0024350,1.1576218631477877,229.73944614138938,5.729962078634766,33.07403108019547,20.381754715503995,2.8386018093043006,9.05984467226536,15.698591425549852,32.65277765113552
E-0024351,1.1576218631477877,229.73944614138938,5.729962078634766,33.07403108019547,20.381754715503995,2.8386018093043006,9.05984467226536,15.698591425549852,32.65277765113552
E-0024352,1.7851446679461336,186.34880240219968,4.857352229018675,75.06063841316053,13.827337921578659,3.2631874942275685,20.514857476838337,10.445210754983176,13.409860227736596
E-0024353,1.5486453779209282,218.96423390883265,7.220876881331609,30.174714078548124,19.191699177605877,1.493216942629548,9.421979096109851,20.178003608579402,32.36282986076832
E-0024354,1.5486453779209282,218.96423390883265,7.220876881331609,30.174714078548124,19.191699177605877,1.493216942629548,9.421979096109851,20.178003608579402,32.36282986076832
E-0024355,1.7673605024644818,175.60401449840134,5.232189660748545,48.21270969262515,15.192219013222408,2.2999702389298657,14.130981243485127,5.735496478146486,10.21649083972895
E-0024356,1.0354614472301966,195.72713237170763,4.083014143098444,198.47862778788868,20.458208923030696,2.7229993095993064,27.2731798503255,13.6623067335377,20.010445264885767
E-0024357,2.6842449565369018,71.88038572608153,20.286026281189837,328.3655579442438,18.024101885392366,3.992762162561607,3.3963725357175925,9.05219202089754,13.118106701898105
E-0024358,0.6879175446115042,242.75346434850897,2.2042408484123217,25.095982368579218,10.649679356208232,10.017824766262517,36.2934331110343,26.958303993738895,41.10890899810902
E-0024359,0.2750215795564822,245.27855384562733,2.3882562129760934,31.167684725272203,5.642747994712192,8.48417187996635,26.915466207629635,22.410877600387586,32.3833929315261
E-0024360,0.7434701704752134,248.1359034995477,1.2599066037571447,20.323241153400627,9.287528334696127,10.733937719667075,28.77801147086862,19.204167763042573,32.64225089227638
E-0024361,2.5594905609369905,85.64782994137158,12.019726332700989,344.6227131919914,8.422518101251832,2.958309566094436,3.3447209338123383,2.9286780425635026,3.8491417648901116
E-0024362,3.2342731283171897,64.72639030156586,15.171708479735607,225.8894654545469,3.3738833698265833,4.236042856542894,1.1591742434559829,3.563705926147934,4.599341136788422
E-0024363,2.056600537415084,132.23803205174886,7.653928890144501,400.23101245324955,16.942323752431395,2.021185714400708,11.798205314204486,5.679754935131799,5.094489286634474
E-0024364,2.75319587007471,59.26106308278202,15.755654135264002,277.977572539066,8.591442515086172,4.426186119900738,1.792221211974673,3.8987814144765167,4.023646336270833
E-0024365,2.1751205706644647,76.63916304128044,9.530253977879811,255.56065426748734,14.726599376757573,3.439159904556876,8.225688806546632,6.87821128294391,10.360906750113662
E-0024366,1.633971444975881,229.34093155325513,9.360115845420646,92.93552467327144,16.560155036389872,1.234224587943891,4.423905154363494,10.17838927787174,14.604707407134125
E-0024367,1.2336135162360193,247.12354516529106,20.447551853076188,298.432722332539,13.351828346911331,2.738062628359263,16.07837767874842,5.554245302431375,4.658224964425536
E-0024368,2.091680503839168,175.84059088244322,13.907545295153922,481.2869673502944,18.327902760389946,1.5216317191970306,7.2982183388878425,3.4084687934718607,4.259921814505558
E-0024369,0.8697560476515458,254.59860964722597,4.173850936999442,45.9315356738164,13.593056950431196,3.073518511009771,32.86638317441594,24.181555669535967,48.259429322816054
E-0024370,0.9057795330790802,242.87027003263418,3.6125150335994176,32.951301172880385,6.950682338863555,3.18243316809338,22.23843153892468,33.608050730738775,40.71512875119247
E-0024371,1.875437084896254,246.90294852891648,15.181117590926092,221.78355564058853,3.757749229793533,4.766159855828678,28.405932008698162,6.304755190459815,11.506901145899791
E-0024372,1.7352675300701716,269.3224997896593,6.033660957008436,273.21151919159354,10.946671090863877,4.325548951239801,27.019324619738533,7.227280128136021,12.100177849478442
E-0024373,2.583416284354861,247.565367377086,61.86516301730096,457.03101690845784,1.8206497480560928,1.7955508196887253,11.857218843154934,2.6480356243460825,4.2162261339787825
E-0024374,2.291453883798921,238.6106960768818,62.320217837879284,544.7295525241301,14.506847348586186,1.7442197997602742,15.393066843702206,7.7364246149002245,8.163309145907853
E-0024375,2.656887372345576,193.62348493759137,8.928557639834718,390.7742171505603,3.141047205694764,1.2144929725633986,6.2466623465686055,3.8460926712790635,6.523005785356869
E-0025768,1.845096032802548,280.4123004028476,3.2136509841522027,251.0507182666717,17.039989319569592,4.475464014705741,23.712966702132327,3.0302502443658357,5.943705143726271
E-0025769,3.2397945415690965,180.86306776513334,11.442975718309318,290.2907062333,2.5015705028817345,2.0329525275125016,3.666033571483531,-1.0359443263547485,1.8742552729716464
E-0025770,2.5442589044096278,261.97887146657195,45.08717300882374,292.01287650124067,-0.1911302206348658,2.983688978886273,9.256856970425371,2.324999277867043,4.113370124852045
E-0025771,2.8418112700617106,160.67073674556693,12.15407204553085,383.3958483716745,6.574445255602668,0.6316445039544268,2.679511977178759,2.3207803211319984,5.497449297903531
E-0025772,2.3130196306976867,178.84249109366533,36.57351506747532,547.7468758197,13.314950329264216,1.361789498761557,11.915849833016715,4.725850818366642,5.898041300765352
E-0025773,2.2589789200448536,145.18170877664784,66.15768781111554,484.52857410309684,5.752263991202245,2.8887591728550923,12.951660634700055,6.019916136515194,6.8047172553786455
E-0025774,2.651582284930691,103.00874108957403,12.091716404962966,321.2892932869593,12.86871640435793,4.131564856217917,2.5458391430350122,2.71466164969733,4.34606770150007
E-0025775,1.3049017011166844,230.60331450943025,5.186802256931897,24.73130462269529,17.76616928954862,2.3968040207707833,8.15402888437802,13.441008037125627,23.076235105985155
E-0025776,1.4313769925703885,208.8638590599961,3.245136145768142,49.92339374335127,16.55143677105106,3.2304029144243156,18.36145955806152,10.17719318102867,17.4405064158897
E-0025777,0.930368482950149,244.48231480921535,3.3435963589139135,8.857487813592865,19.029153302586494,1.8439933182083739,20.735805365917884,26.129928573705705,55.04381662021647
E-0025778,1.1222646480942613,198.55389618187894,3.5217964675797786,3.52813799098943,4.236769927870435,15.471338243640643,39.76917346478676,9.307192193272186,12.767909567342478
E-0025779,1.7361801599721063,127.35730024588935,4.653114132485228,0.5537606231764332,5.990477735549253,19.81782082260744,17.757309826937497,6.967815699440838,9.866944806877754
E-0025780,0.39563095051200325,198.13925810789806,4.313746621730804,37.96584772222674,8.738433868574969,13.026647547018351,29.047316884163166,16.162844559564885,37.0513951033862
E-0025781,2.04389687022256,162.4222199553309,11.783531018612695,279.639955054391,19.469020451309298,3.8090769117660708,7.09709671099993,4.916620026017205,4.960090021289934
E-0025782,1.7680787190192861,143.074007166603,5.786794990683642,176.64751255684286,17.037594583447845,3.2375196578987104,15.955620106934184,10.214997287522271,14.148614403324734
E-0025783,1.7680787190192861,143.074007166603,5.786794990683642,176.64751255684286,17.037594583447845,3.2375196578987104,15.955620106934184,10.214997287522271,14.148614403324734
E-0025784,0.45976540776945996,248.58766407238917,1.6267396405452557,15.897573508672995,5.990046372744602,10.226753339397447,29.022132130092608,21.943704350654897,36.64285756241852
E-0025785,1.0308847135971013,245.61229826529268,5.280416799135979,30.624491787095888,15.891226807471986,5.19556209665415,23.347652463534782,21.684976060812307,35.88039105108198
E-0025786,0.6570851676789352,238.49808844618366,3.9094136632809917,49.55433211719587,4.951637185686252,5.875566061138528,23.492032770970724,19.528821488707703,31.2898984344232
E-0025787,0.7506552626765992,226.06117085472408,3.6662322412000625,30.720309307644992,5.592792603477079,2.824107000255069,24.337521943985447,32.22176820293501,38.89747559700242
E-0025788,0.5507172446227866,208.13951801394944,5.874388383942341,32.078884814097385,8.747990127267386,13.177352360485797,16.24338561242586,16.8559839287069,28.087082961849006
E-0025789,0.5507172446227866,208.13951801394944,5.874388383942341,32.078884814097385,8.747990127267386,13.177352360485797,16.24338561242586,16.8559839287069,28.087082961849006
E-0025790,-0.2428573968824827,220.2442007911158,4.101517826841196,48.06445654064807,4.421860139692572,16.626401023786087,25.18449395425635,30.25936353946385,45.74948500116909
E-0025791,2.3889409973795646,121.55294369253352,12.46037160737468,208.52793808003895,10.047490957599425,1.600301925188329,3.012517170844773,1.941964233957965,3.125014684944979
E-0025792,1.6864356162391534,179.55099913341292,5.689914440678006,104.17820371511344,9.390846665409175,2.3708390920036893,11.490715426806062,6.389678983606045,9.019192489696144
E-0025793,1.6987547182576712,160.55735615112042,6.883206738707564,57.37309024010441,11.695288109865595,1.9852166738006163,8.48663274006686,6.390544964719931,10.91388373549876
E-0025794,1.8833865526382367,153.66484391924723,5.6088677757807535,149.09372473496302,8.147463210391509,3.989205671299049,5.9472461584157355,1.781381533360641,2.899416142256352
E-0025795,0.8101051488739588,240.19140544229919,3.567408703563822,99.5415440359256,6.19530224297191,9.642842285994636,24.41480072758917,8.5240980054579,8.839748444405727
E-0025796,1.7169233134639983,175.92884368271385,7.95134398920916,369.56291117721247,19.21217226775685,2.113712009172632,6.051574105983567,6.29340252681551,9.630989106255663
E-0025797,1.7169233134639983,175.92884368271385,7.95134398920916,369.56291117721247,19.21217226775685,2.113712009172632,6.051574105983567,6.29340252681551,9.630989106255663
E-0025798,1.985025713195326,138.22963934117837,8.545155410633908,162.5462171410639,14.705109275723952,2.1630872382106414,8.659067357422794,13.314146075052303,19.976978841000854
E-0025799,1.985025713195326,138.22963934117837,8.545155410633908,162.5462171410639,14.705109275723952,2.1630872382106414,8.659067357422794,13.314146075052303,19.976978841000854
E-0025800,1.8426233895929338,168.43921551933846,7.778430121328649,175.46045786634943,16.691311007945444,1.876597915712628,6.620269470776119,7.632259448614594,9.940122010908354
E-0025801,1.8805533515695176,181.505766886054,4.828343716882535,187.89621816620215,16.575944981642557,1.6903711736309854,9.764570710069016,11.744365126930964,18.83154882279807
E-0025802,2.2992362065561567,107.6367091063906,12.76821799360551,221.69065326892056,14.57656271012641,2.1129516221309212,3.0637858711454093,2.364180092930228,2.9718878058520066
E-0025803,2.5548112433609287,99.88792951766631,10.824675716717955,177.51819990095274,10.64702943985569,2.4413204746056723,1.7049882619940475,1.9523034827127286,3.224375496356856
E-0025804,2.5548112433609287,99.88792951766631,10.824675716717955,177.51819990095274,10.64702943985569,2.4413204746056723,1.7049882619940475,1.9523034827127286,3.224375496356856
E-0025805,2.1063015513973196,179.50843614391965,8.472685927891549,242.28134245065877,15.32450655633064,1.69222704976609,5.23974061656428,2.5401563183332465,3.7478233425307783
E-0026542,1.8423814540022776,148.00729381911918,7.126995191926662,137.32103443768958,9.148350136588618,2.961841674105946,9.606584988337827,2.934123996326387,2.8119639771052416
E-0026543,2.4412864703877166,196.68759791466618,28.427888852644735,372.7349212332549,23.81297654910332,2.122048049415696,12.693361987658513,8.89024093816531,8.732718646274686
E-0026544,0.9783253749643788,218.64358299386956,2.9489663568490365,23.997644883256687,10.572027202238043,3.7271142928469128,28.124712300808525,35.11962061410972,49.35624633729355
E-0026545,1.808726763202667,225.29922202780767,4.726538845206333,440.85460795879953,14.58909976520173,1.8567325358675784,15.867230577819411,7.960207640371856,9.931573347096194
E-0026546,1.808726763202667,225.29922202780767,4.726538845206333,440.85460795879953,14.58909976520173,1.8567325358675784,15.867230577819411,7.960207640371856,9.931573347096194
E-0026547,-0.06664423767208746,278.0829619947658,3.406590590000765,46.59593065689538,12.59103984961515,3.1766628398125016,55.43432830613538,49.99037323568865,49.2053078265739
E-0026548,0.44198022016209537,254.44567643186974,2.880216114549135,113.33334861273053,21.90887407495653,2.2210644496998313,58.601129911672565,36.13954402310787,44.440885348108026
E-0026549,0.8658708439919054,220.5270618103178,4.3011824500943066,161.6559696402117,24.575543746800157,3.0718316464331643,45.70011428592025,23.38766756680444,40.8246836012854
E-0026550,2.5885941681797724,110.06641602428357,12.433295571548008,182.7305788592346,15.51351911389982,4.368355876143443,2.3390080837024274,5.271897187889504,8.80490891214411
E-0026551,2.5484728094541182,66.60897623696668,16.188885111628142,263.1979529420728,12.428541594380278,3.9477936026126605,2.429755901905546,3.2789157263582283,4.843197636136488
E-0026552,0.7517492966502338,263.4633440592217,5.063043858499183,71.50515854037383,16.470225558839648,2.7254868054265917,47.12071509238686,22.255718519884255,47.820929948985366
E-0026553,0.7120446653573155,232.2384990521181,4.382273452965426,33.84906071926017,4.37806500898197,10.058990831655922,29.171714811176102,20.684322341935907,36.814054235062834
E-0026554,0.6131059690858138,258.0383877408038,3.957780325706268,33.9227062478029,5.794280853872426,6.724872828399634,26.765867608298986,14.657208519063825,23.390096650568413
E-0026555,1.1748994282753162,206.8995505629112,3.2251453679476043,160.92203570464045,6.299513429381171,5.612066859069694,19.56389266672206,16.408362952829073,27.468390315469563
E-0026556,1.0853578942911142,202.4446703771182,3.143158556878366,135.91476139074035,4.252371665304336,6.174029591396521,19.456608624560477,14.992657537327212,26.945269971316172
E-0026557,2.032529991567082,133.63646504201523,9.168421922369278,109.93386097564215,8.260805873726373,2.769549120962147,5.096849198216361,6.360628299742389,9.69058588989456
E-0026558,1.2010198771320413,213.64336097522695,3.940410880341866,84.29218665964162,11.463886406957648,3.7433689395398657,15.113273861709043,10.049762487282417,22.561430758111207
E-0026559,1.5508325381367418,201.28360083257041,5.180075795094735,133.70247639824893,8.304245557933601,2.910522005126139,14.569781129686897,4.830392040349066,10.380420004407767
E-0026560,2.3345332559356313,91.43624542231714,14.771316612452237,145.5450447885789,9.610496358421074,1.784855938050614,2.6020647265997754,3.121883114353958,4.692663574175244
E-0026561,2.087335986111121,106.6134082566527,6.3253523319260605,85.5441725043029,10.679884318246355,1.5279004142291417,3.380176232181316,5.267900393553086,6.21540868487959
E-0026562,2.2992362065561567,107.6367091063906,12.76821799360551,221.69065326892056,14.57656271012641,2.1129516221309212,3.0637858711454093,2.364180092930228,2.9718878058520066
E-0026563,2.1063015513973196,179.50843614391965,8.472685927891549,242.28134245065877,15.32450655633064,1.69222704976609,5.23974061656428,2.5401563183332465,3.7478233425307783
E-0026564,0.8548163897562437,224.0608641390776,15.722952547069475,40.91060418121371,4.809713247065758,15.573201587066647,18.217451154747195,19.47500431223665,32.04729078641711
E-0026565,1.866387093337098,254.61142135479466,6.861755530745086,209.49072843564431,12.157413609668275,2.8261535735805667,20.137154937933964,9.65033679393935,15.73442705092081
E-0026566,2.7504794915351116,242.58053399690914,35.946602285859285,331.3071525823927,2.217763859219808,1.8754762578490842,9.947808600206374,2.3271351251764374,4.119105705432524
E-0026567,2.7504794915351116,242.58053399690914,35.946602285859285,331.3071525823927,2.217763859219808,1.8754762578490842,9.947808600206374,2.3271351251764374,4.119105705432524
E-0026568,3.156189967792211,203.60618756732913,36.24090916207483,426.7576503451841,1.430121164030063,2.3597184111932625,5.2154120489202676,0.01572076698569569,2.4932883969467383
E-0026569,2.9832065841561306,173.87030537632046,42.17284133839679,362.2672843417094,1.6523057147236417,4.3098285562258924,4.2858320058041945,2.708011125314643,3.642208063965308
E-0026570,1.8481910934776897,220.59227699351538,24.469599969286822,397.9124221367771,6.477664913084773,3.0861610347503325,20.734175073168192,7.527208715634014,11.657093953399247
E-0026571,2.6401850305063057,170.23057246378144,44.59963223657927,406.3518905883066,11.2970979016496,1.9081838359631715,3.3524139182148898,3.634967545970087,6.501300274652814
E-0026572,1.350946562585769,274.05963434529406,1.7627879446969281,62.68717332260329,19.828752893424955,2.6014367553865205,29.78682641179392,11.387255312242505,15.13729974294582
E-0026573,2.131559912767597,225.60554877032334,11.469015859106632,246.76814072041404,10.449344213036605,2.6950265916347163,11.221140366400686,5.080946044782641,6.524491878079862
E-0026574,2.6891499511019434,256.9135177575346,52.361010982165816,422.1742953245831,3.3672069419076327,2.5285577679369884,11.58404788151228,3.1932298001567707,4.649248612860395
E-0026575,2.9832065841561306,173.87030537632046,42.17284133839679,362.2672843417094,1.6523057147236417,4.3098285562258924,4.2858320058041945,2.708011125314643,3.642208063965308
E-0026576,2.9832065841561306,173.87030537632046,42.17284133839679,362.2672843417094,1.6523057147236417,4.3098285562258924,4.2858320058041945,2.708011125314643,3.642208063965308
E-0026577,2.6312550330308553,245.6178380948656,36.47670605015911,441.32613427067116,4.118315209957601,2.8420235233270876,13.636360916284232,2.8013210758650864,3.7614446615063244
E-0026578,1.6452778285418113,229.73835195433426,23.82679501894575,270.04479182008066,1.4370659192946942,5.814063346485991,22.721002082156655,6.162007230308665,12.832507536198865
E-0026579,2.054944570273562,245.0122031564558,22.651989084294293,284.5116264642725,4.596507282711185,2.7546277527042506,19.946228922672642,5.774428273865021,11.224619007637433
E-0026580,1.8084392771860545,253.49794595044025,27.75847314170101,333.74187197744567,9.168488453536998,4.180517519007339,17.76987258537406,3.60885093184024,5.655885710997221
E-0026581,2.512210046995821,213.5572567381769,37.723807085100155,399.56549929347904,11.175771562619676,1.4652588057646114,6.113168339108617,2.659418801926622,8.753432567932846
E-0026582,2.5375168566333675,255.10723207967243,29.16607780289339,384.53994568404255,3.5015505391343464,2.3416319497345457,14.405327188502406,4.09231172385254,4.84180693095458
E-0026583,2.9105754139671722,62.68815777196757,15.851565867565384,273.3148745183845,8.632065191771137,5.780208045055607,0.6048441809306018,2.516522018854567,3.8281562417711585
E-0026584,0.9623992072181959,226.15356740384416,2.408932004133386,28.839347732830536,10.997833982463156,4.01797458375456,33.00889582809967,23.177256565350106,38.70644307915713
E-0026585,0.35454613132299595,262.5525142673145,2.112218001034671,14.650084939236097,12.048011011953225,5.016719041611371,52.87869106091641,40.2140400798951,46.67514998546065
E-0026586,0.2364739723222963,228.72266240294377,2.15898920975581,22.698163445675114,15.969523725985068,4.57380952707106,48.52855093730219,32.06770355612303,42.87944233401103
E-0026587,0.42046983045750186,215.02721890776382,2.4753742725566448,25.63221904538276,15.461757686480059,2.5833905074466053,51.289323526370225,34.76302500882271,46.06135231092835
E-0026588,2.942108571070302,72.94297346828137,12.216477354040876,258.8212767486143,10.415954961545062,2.8640538632930785,3.3403871204545843,2.8606106076638618,3.8145192586623264
E-0026589,2.2042896139031622,142.66758613729948,10.507821325510195,261.738134254593,12.452209980895939,4.697294379672362,5.510039567807204,4.060059804594195,3.922220265870446
E-0026590,1.5117183242295722,223.79178085708978,7.108486315899716,119.42789670827634,13.158928735870292,1.5564951356804109,17.24154142234871,8.17335416766721,9.906070018369023
E-0026591,1.5117183242295722,223.79178085708978,7.108486315899716,119.42789670827634,13.158928735870292,1.5564951356804109,17.24154142234871,8.17335416766721,9.906070018369023
E-0026592,1.743837699242495,217.90478543311187,9.801179714367473,271.26150632413345,11.778468748701332,2.034625820932315,7.939538489767711,1.9618377672101943,2.1747909376631434
E-0026593,1.1440875402388309,205.8236706391217,5.121345853829632,102.84575991020807,6.421757505890511,6.197858878785628,34.409037159197794,19.910150614550364,30.19612725598993
E-0026594,1.9447960006797815,98.44081872852288,8.168399777875429,236.33632648254857,12.524597093457253,2.9209745807852876,9.438939351486507,10.723620006361731,12.678401856752094
E-0026595,1.5559012608794154,185.97414821692485,4.12773213039173,126.96897142802182,7.976861786795161,4.624471687281533,11.106115149998157,9.373897558411198,13.707816020384763
E-0026596,2.5093994779399953,56.32468486363692,15.223117332247131,417.1595210921222,12.677645779947918,5.117218357309103,2.5068983625577532,3.280526544528106,1.362550021930974
E-0026597,2.0006827411628825,136.69419302744262,10.082516619830404,175.4449102624449,14.140880847388232,2.9437432713997937,5.757097590297546,4.608634060583869,5.637369141103448
E-0026598,1.9393529824329823,154.4666637524189,7.969888396599439,161.83473236282535,15.400842555480054,2.3833942382294944,7.080574168817315,8.755992497439593,13.836965443170916
E-0026599,1.9393529824329823,154.4666637524189,7.969888396599439,161.83473236282535,15.400842555480054,2.3833942382294944,7.080574168817315,8.755992497439593,13.836965443170916
E-0026600,0.8548163897562437,224.0608641390776,15.722952547069475,40.91060418121371,4.809713247065758,15.573201587066647,18.217451154747195,19.47500431223665,32.04729078641711
E-0026601,2.269302261182556,105.28829498320017,14.666365070415718,208.86915004130555,19.158908912038626,7.90038124478424,7.506628127394278,2.9781868761871673,3.787767935618684
E-0026602,2.686765178449428,109.74949628062497,14.171734582226172,147.90033537060225,2.8712401349455323,7.526430907984333,5.584289204479284,1.5210238471851563,1.7314936998001103
E-0026603,3.2941210184846352,124.82497090776835,18.473489547338783,182.83910771119295,3.8878376723647667,11.656534406605498,2.2580142744199234,1.9719207470140945,4.543944045288504
E-0026604,1.5132943095937583,229.38510975409858,8.042853363105985,99.85187233962425,2.548507349557351,10.345481854019786,23.103638195631987,6.738610531646129,8.007499261802302
E-0026605,1.9030090802623838,172.9735547060776,19.108964042799347,222.30707214363446,10.96516295552412,5.389163011986425,15.550009370681945,3.1764669071562874,7.192736404332695
E-0026606,1.9567909472896665,155.13839495394782,24.04753048774738,223.45039076827112,10.907983557046785,5.389163011986425,15.566951516502918,3.1806527852114646,7.187942760381279
E-0026607,3.1577327712301404,37.23904677266239,30.559580146590644,83.13445920272007,-1.243703388646876,19.59946183840298,2.58094154472201,-0.37154350103398626,0.1963778619921131
E-0026608,3.356718330977017,65.03977505148633,24.50341722231389,99.0714592061239,2.39788142433348,12.389168121672414,1.5124033945954305,1.0706366018401967,3.336771757049255
E-0026609,2.22931413994121,104.1937806551822,25.49338656074038,91.17210887719791,4.9264100485299505,19.39835903820423,11.045146883518726,1.7248251420135294,3.7167647895513
E-0026610,2.6193619096118335,83.79399351240268,13.581469624879517,272.7346392473404,13.066808710946528,1.935949633909869,3.075768934345079,2.37010688963299,3.668470598105643
E-0026611,2.1196187099599713,82.07625825103273,6.6336319428079,93.611712317857,12.005519342602927,3.8452984538417345,3.4475113654557177,12.917862493440156,17.490927410817676
E-0026612,2.934228796670113,71.21760822391863,10.862002311316536,264.0159840157811,10.65536991120213,4.953255130143998,0.41889684793761056,1.7741604706798344,3.5292792544050178
E-0026613,2.1698743372661218,200.8578635460108,27.41086596686242,279.8818135983737,5.277924814978039,5.499650121337872,18.557786482980795,5.462933133491076,10.90648499057692
E-0026614,2.6891499511019434,256.9135177575346,52.361010982165816,422.1742953245831,3.3672069419076327,2.5285577679369884,11.58404788151228,3.1932298001567707,4.649248612860395
E-0026615,1.822717763780377,244.249801397951,21.9995084249182,403.6521551581713,13.26735587722148,2.3834321552493742,21.63976453533552,4.929464161537391,5.326264078749947
E-0026616,1.822717763780377,244.249801397951,21.9995084249182,403.6521551581713,13.26735587722148,2.3834321552493742,21.63976453533552,4.929464161537391,5.326264078749947
E-0026617,2.778150400867375,252.1654751943101,52.331182342591134,360.1299016761847,1.5495143590620328,2.969598751253582,10.080335890512188,3.015281257054883,4.2601591454799745
E-0026618,2.778150400867375,252.1654751943101,52.331182342591134,360.1299016761847,1.5495143590620328,2.969598751253582,10.080335890512188,3.015281257054883,4.2601591454799745
E-0026619,1.825837095479291,244.4587983075131,46.3116946273656,293.0322749996207,5.707660015765754,2.3060101335978964,19.6578273328957,3.9517771942430424,4.075165717626241
E-0026620,1.825837095479291,244.4587983075131,46.3116946273656,293.0322749996207,5.707660015765754,2.3060101335978964,19.6578273328957,3.9517771942430424,4.075165717626241
E-0026621,1.825837095479291,244.4587983075131,46.3116946273656,293.0322749996207,5.707660015765754,2.3060101335978964,19.6578273328957,3.9517771942430424,4.075165717626241
E-0026622,2.291840019693952,240.53138348852758,36.22697841635474,333.6649313037362,5.0188374718193725,2.484382906619147,13.41664063734561,3.7289652918445286,3.473353252950558
E-0026623,1.8112801710691504,236.23906512722237,32.345976970631405,280.1672469809079,2.771155474564994,5.805139473118733,14.547331368762265,3.617322575566263,5.135184819165642
E-0026624,1.7146651368028327,260.7624175865312,23.435007624574432,300.4822888571093,8.513327222876065,7.249593366186591,14.887288361446602,3.2539708838377317,4.695465850461683
E-0026625,2.098386708455692,184.64066794968875,28.149399450918253,316.8348623702868,4.579549310054748,4.005692554337945,15.088911654626715,5.41234452706858,11.888472206004735
E-0026626,2.5156457702914032,228.00935085575532,24.066663539566242,377.25002426094653,10.82840825325433,1.714286172798127,5.936751822497549,2.4933010461500253,5.672564711003982
E-0026627,2.72016884005323,260.834765883891,40.32892126411227,305.4228032057774,2.3793455834396147,2.6558919060230215,12.089663235864752,3.224085624633088,4.510576607123716
E-0026628,2.72016884005323,260.834765883891,40.32892126411227,305.4228032057774,2.3793455834396147,2.6558919060230215,12.089663235864752,3.224085624633088,4.510576607123716
E-0026629,2.759215205406676,85.60945466969017,21.474896638353258,283.26799747757207,8.25823115654191,5.0662373029612136,5.461405541995335,2.1561633486975333,3.586157362221087
E-0026630,1.346379459844688,188.527405807214,4.441380874527816,123.50062866323844,20.95819607058651,1.6447953654740572,28.790484244809537,11.018183683824557,18.01759428287708
E-0026631,0.2039716584118628,263.37978513384564,3.090283821865123,37.268569443690936,9.868647885298152,3.420272207113968,60.32950465086566,46.1338352101197,48.51841294639291
E-0026633,3.2152297146261697,43.147961173581166,15.5815278639365,126.43409559871398,6.617939204148579,3.987788779273217,-0.356644842151646,-0.4856159099826786,1.1897633141756787
E-0026634,1.8909374252394693,161.35725920838422,11.387866879473776,210.2445717838092,17.42014125912111,3.1399668475564417,5.327226119069948,7.10942266926875,10.962045220141718
E-0026635,1.8909374252394693,161.35725920838422,11.387866879473776,210.2445717838092,17.42014125912111,3.1399668475564417,5.327226119069948,7.10942266926875,10.962045220141718
E-0026636,0.8548163897562437,224.0608641390776,15.722952547069475,40.91060418121371,4.809713247065758,15.573201587066647,18.217451154747195,19.47500431223665,32.04729078641711
E-0026637,0.8548163897562437,224.0608641390776,15.722952547069475,40.91060418121371,4.809713247065758,15.573201587066647,18.217451154747195,19.47500431223665,32.04729078641711
E-0026638,2.1693510916282364,94.4415298332124,11.970069361061379,245.0503582392225,21.053650898426195,9.348440211817103,9.838206137548276,3.66714185485414,4.000900961818983
E-0026639,2.1051743735776305,119.07575676451407,14.808875790649685,283.88917678290295,16.67483271018895,9.587921208155548,13.34130679251311,5.7052468615790914,10.005496514284783
E-0026640,1.649349379671376,186.1774617420242,4.296832116926292,142.20775564060244,17.64051702017526,3.443565767207485,24.336572345216993,10.142017354883366,19.300358082694647
E-0026641,1.823118099032575,113.61499227219059,5.908057728480947,180.7011302081831,12.271212599605281,3.8141789202538035,15.8066166256831,9.798101142803553,14.761063141250688
E-0026642,3.4845593468734686,38.10192881594807,22.683575089434385,227.27530627470912,-1.0249352662544207,11.477170491398992,2.6456349484002453,1.9279799927625778,4.982257092954796
E-0026643,2.3259238428710685,105.74780677086099,18.26879710836407,173.1524538465555,4.073736798972858,7.339902243823439,13.112759861212034,1.0611289242200337,3.583114648432194
E-0026644,2.2069561179245722,88.6978162983458,16.128662523217454,365.6143653478796,5.70266795137117,6.265043300124836,10.978742447719181,4.464539316685832,8.516616887303393
E-0026645,2.934228796670113,71.21760822391863,10.862002311316536,264.0159840157811,10.65536991120213,4.953255130143998,0.41889684793761056,1.7741604706798344,3.5292792544050178
E-0026646,3.2804417914304276,59.43419479126593,11.186204834014427,188.74138098701624,10.863913744182568,6.547268706232052,-0.24972969374278503,3.2536461484541004,5.6892016273904344
E-0026647,2.654257294474028,72.01711525088987,14.694498328206201,172.06579711841334,12.909105672472414,6.431196416068174,1.8981694487589968,4.977353618776379,7.865616886817172
E-0026648,2.654257294474028,72.01711525088987,14.694498328206201,172.06579711841334,12.909105672472414,6.431196416068174,1.8981694487589968,4.977353618776379,7.865616886817172
E-0026649,2.2599905344182485,159.94668590754355,12.527865798108905,245.0512850743026,11.927069876323774,7.5625161145457565,4.318413446266021,3.8456583099989614,4.92868354913404
E-0026650,2.9404813216816255,59.45240700634444,12.592024547644955,209.24655633702076,9.491706481547364,5.659419109957763,0.6992073670201573,3.340126144990286,5.5254956870865
E-0026651,2.2013379328147846,168.1503281308051,12.25611923046045,314.68234027192875,17.849842493161187,4.1745416461037985,3.625917490506473,2.528782580490108,4.324776191318555
E-0026652,2.2013379328147846,168.1503281308051,12.25611923046045,314.68234027192875,17.849842493161187,4.1745416461037985,3.625917490506473,2.528782580490108,4.324776191318555
E-0026678,1.702536122945332,209.66822585382093,6.333783552535457,193.85060246243552,20.153694398974338,3.315325497708155,21.045103651646386,4.805537037209925,4.988858644203671
E-0026679,0.9882466153388801,218.84390582248753,5.993526536127506,29.821117968151906,8.492571263139798,4.591665895073306,29.957110019707148,24.53918599591902,44.16006713844799
E-0026680,0.6775060860436298,251.23720376102722,5.08960888449282,65.33690191229884,18.094432356536725,2.470927067949062,32.46197033736294,17.655639853259977,40.342350642428585
E-0026681,2.605687868354842,101.3058084756303,7.745664137233353,261.0413687472339,14.475546095475739,4.751767919905061,3.0527181981220206,6.252462063044374,4.157398741715204
E-0026682,2.6602312362235674,92.40620092565392,9.23886436269421,146.91927298823333,4.873596547874076,5.821213913690718,3.4786703516121884,5.665858514067258,8.62918363463296
E-0026683,3.5904720014540814,77.54498894790211,17.892326979771155,237.54761077199024,2.9356015822141814,11.17956205294282,1.9329693534435024,1.370267344915662,4.350981858931936
E-0026684,2.2891050169581257,52.43412895944994,8.544936279555106,60.903655522052496,7.770412908561634,5.263102381864645,4.629409487363825,10.44745761547231,17.743089741701638
E-0026685,2.2599905344182485,159.94668590754355,12.527865798108905,245.0512850743026,11.927069876323774,7.5625161145457565,4.318413446266021,3.8456583099989614,4.92868354913404
E-0026686,2.9404813216816255,59.45240700634444,12.592024547644955,209.24655633702076,9.491706481547364,5.659419109957763,0.6992073670201573,3.340126144990286,5.5254956870865
E-0026687,2.2371638646086955,177.40094612062902,11.0242075610689,243.35435724253438,8.656510987012023,4.504969992380563,4.5366433238711625,3.121007792605081,4.762338232586563
E-0026688,2.5872391964582384,104.70874440114261,11.24686423055195,313.298510767061,12.389638688591585,4.641273686312601,1.7817744160453644,2.265346926690375,3.820067611506476
E-0026689,2.5872391964582384,104.70874440114261,11.24686423055195,313.298510767061,12.389638688591585,4.641273686312601,1.7817744160453644,2.265346926690375,3.820067611506476
E-0026690,3.0017125313732604,61.23664983500223,13.412761165414237,208.35104311752616,9.474037939908321,5.5094908759654455,0.24448464969041322,2.717613517921795,5.017992968717495
E-0026691,3.0017125313732604,61.23664983500223,13.412761165414237,208.35104311752616,9.474037939908321,5.5094908759654455,0.24448464969041322,2.717613517921795,5.017992968717495
E-0026692,2.474818512763482,76.52298582870566,16.714281857848757,203.2559181530901,14.916332477911512,5.273159607060204,1.804539470429282,3.673762091168644,4.831134259061261
E-0026693,2.474818512763482,76.52298582870566,16.714281857848757,203.2559181530901,14.916332477911512,5.273159607060204,1.804539470429282,3.673762091168644,4.831134259061261
E-0026694,2.0934920090976274,145.15109146861482,11.980856370760787,260.26057498558015,11.726630550048808,8.180552531117193,3.041460549435405,2.544168159618666,3.991352561651613
E-0026695,2.0934920090976274,145.15109146861482,11.980856370760787,260.26057498558015,11.726630550048808,8.180552531117193,3.041460549435405,2.544168159618666,3.991352561651613
E-0026696,2.5745400595343715,54.491859924398725,11.986118773190643,263.5262139654726,10.044283170667535,5.6682770368691955,0.6665331059295263,1.8461077292029757,3.162950187170402
E-0026697,2.5745400595343715,54.491859924398725,11.986118773190643,263.5262139654726,10.044283170667535,5.6682770368691955,0.6665331059295263,1.8461077292029757,3.162950187170402
E-0026698,1.8547584330135924,188.21135444710472,7.8941029256980535,243.7701128561334,16.980281688814213,4.032002979872689,8.136968262070434,3.043859107165607,6.28330523325717
E-0026699,3.3459079410709016,32.62443146084761,14.63325671193896,169.82665694617313,11.561744476185577,3.5792330810053232,0.813674861240264,-0.4163281898193152,0.5457557804400794
E-0026700,1.959932450014404,252.50047329606818,27.457207751458736,332.9668252778505,11.654809996576237,1.5541144644382996,16.67781076268902,2.603732558761075,4.983761313795661
E-0026701,1.7233552882120922,245.57530435801513,36.25800771886429,382.2629494060066,13.56554458110348,2.2786634858030914,23.372814597140774,14.176414668807372,30.45168010965972
E-0026702,2.504456835197889,217.31528254566692,33.50918464419585,320.889134604103,4.1046125455733975,1.8672573907131338,10.359669974436521,3.9265023033529833,4.8338829124392175
E-0026703,2.055411590069576,248.43825607207592,45.94976294907302,291.24950179867676,2.505616579850013,2.6830982124492633,18.835452223038683,3.210940758059623,4.92755665589355
E-0026704,2.4992462053303606,258.61801066135746,31.08241795759379,363.6165994692146,3.932539926713901,2.298069376336735,8.424249614098109,0.410552538330451,3.18693670735969
E-0026706,2.636086602416454,67.64773271039138,13.590104023605498,433.1052635187393,10.657504015480644,4.192183602510696,2.7657528210837388,3.7683741557742696,4.342097826551312
E-0026707,2.6219360746102693,62.33805129352675,14.055462762664698,265.80267482580314,16.28283631262982,5.392030254163027,3.02121106220359,5.642742414896897,10.551763777652273
E-0026708,-0.25001867073313355,218.64232291997416,1.9970534201842658,4.600054283470407,2.8928251514580126,16.048173087658405,72.1925364396649,30.179301468049324,43.39042615038988
E-0026709,2.601784663208713,108.30408307254068,14.943521853371692,201.2617663043478,14.872541178130108,5.8611705118448665,3.7889125300850552,3.239585927445408,4.833115251855494
E-0026710,2.601784663208713,108.30408307254068,14.943521853371692,201.2617663043478,14.872541178130108,5.8611705118448665,3.7889125300850552,3.239585927445408,4.833115251855494
E-0026711,3.2804417914304276,59.43419479126593,11.186204834014427,188.74138098701624,10.863913744182568,6.547268706232052,-0.24972969374278503,3.2536461484541004,5.6892016273904344
E-0026712,2.356640966330969,109.89820673906661,7.494009434164941,265.1823233857062,22.527319228522444,2.036019633653072,8.32129181733766,7.191578664436474,10.50194924420983
E-0026713,2.1571515251050037,183.92786180303588,8.776949087906047,269.91456990285167,19.72836399612524,3.6268476394252174,6.762672100798685,3.496267070689855,5.185108268951481
E-0026714,2.1571515251050037,183.92786180303588,8.776949087906047,269.91456990285167,19.72836399612524,3.6268476394252174,6.762672100798685,3.496267070689855,5.185108268951481
E-0026715,2.508381778371642,135.77841184239026,10.183692672217255,339.0912004324016,16.773137418628025,3.8294563883061015,2.418852468797436,2.6026356952527916,4.351260809331221
E-0026716,2.508381778371642,135.77841184239026,10.183692672217255,339.0912004324016,16.773137418628025,3.8294563883061015,2.418852468797436,2.6026356952527916,4.351260809331221
E-0026717,2.331253587177713,153.63353376937425,10.189781932830936,295.12442982965933,14.195390261432568,3.532547065791834,1.748612858954171,2.593118456485897,4.347870340173903
E-0026718,2.253848719860531,179.82907819155383,17.18442841804317,342.78165018925614,18.201133937922886,4.108196515388732,7.238249976530828,8.466712286377803,15.774136320732195
E-0026719,2.253848719860531,179.82907819155383,17.18442841804317,342.78165018925614,18.201133937922886,4.108196515388732,7.238249976530828,8.466712286377803,15.774136320732195
E-0026720,2.6380788253594747,110.97247546327912,25.62296378329333,394.83429689331103,5.54679547339407,7.638519152769007,4.925391272189625,2.361977166758146,3.50157167979661
E-0026721,2.6380788253594747,110.97247546327912,25.62296378329333,394.83429689331103,5.54679547339407,7.638519152769007,4.925391272189625,2.361977166758146,3.50157167979661
E-0026722,2.5774902695564377,105.90529347238807,18.39215800084125,574.6742871612614,15.000822519148691,2.5166014874303184,5.706146419242576,1.6757017344624663,3.932740998303184
E-0026723,2.1304698653131835,201.59653842765047,34.60514789109207,332.81267720665835,2.5249561062395953,8.399042115930245,16.280481775978256,4.702358651506399,5.7742953270544835
E-0026724,2.2627283767862583,225.79334855111918,40.88341616612157,327.0901225491638,4.078118039658875,3.53652840595732,11.669457145979708,3.8750911777993844,5.0600804992746475
E-0026725,2.2455265972993237,254.526194943852,43.53911842619418,285.60222716408333,2.527725347943641,3.296716451225775,15.467533089307187,4.582921842368422,4.475262667096882
E-0026726,2.2455265972993237,254.526194943852,43.53911842619418,285.60222716408333,2.527725347943641,3.296716451225775,15.467533089307187,4.582921842368422,4.475262667096882
E-0026727,2.322991782136912,255.40628340520917,34.314117329454966,297.86808084639597,5.779365098337374,2.796998910275741,17.9443219398223,21.743421559578408,38.25735618681037
E-0026728,1.8205252049767529,236.35285044391864,16.37971585888757,238.36365864072488,3.652911172517875,7.967309891334002,26.567650280855066,7.766694863091663,11.836474077091545
E-0026729,2.5422860467615966,272.11340225063464,37.11336949326499,311.74520515834917,2.9918316919368997,2.5904569642104827,10.24222501325485,2.3443784688087153,3.462955087096763
E-0026730,2.6242515909723245,275.1115679513363,48.56270325361663,286.8280472270373,3.02216125136471,2.3381603859573366,8.579859021309028,5.339354392157288,5.60633594734665
E-0026731,2.0104353709921954,248.71196560167135,6.181720835521161,300.93164253916535,11.491462465876737,1.892176904040938,15.388355608101758,4.255183355862385,5.503651983363536
E-0026732,2.397319542682395,203.56271542674614,31.37706501827426,492.98136712088325,6.885927627397634,3.27574838124742,3.028535858021998,2.0514951115724225,2.280495670354031
E-0026733,2.156779767450945,228.29637487720538,49.54347197000894,374.70518347924985,7.4843539877916285,2.2997447525347767,21.65258388817835,9.460673499442375,11.407733554644679
E-0026734,2.068367833070638,203.69040830016803,51.274679989997374,484.9919563470933,1.9202307559746954,9.484784370841343,14.61165604576194,4.94672904975832,6.0815589754915305
E-0026735,2.068367833070638,203.69040830016803,51.274679989997374,484.9919563470933,1.9202307559746954,9.484784370841343,14.61165604576194,4.94672904975832,6.0815589754915305
E-0026736,2.2627283767862583,225.79334855111918,40.88341616612157,327.0901225491638,4.078118039658875,3.53652840595732,11.669457145979708,3.8750911777993844,5.0600804992746475
E-0026737,2.000645826661509,260.72572824705446,29.845903075971894,229.62685675177568,3.8637788225624776,3.2620626885597783,27.139278355292458,23.49012517121193,37.26017495807365
E-0026738,2.5996054726615547,247.937629573108,31.095850296963853,238.29214096940225,3.7556970211815845,2.5552850045369464,12.20169337288662,23.119754096533956,31.312479557944656
E-0026739,2.865893775998873,226.9692512114058,39.80147692924019,270.0507795329367,4.708679235932596,2.6267079020773227,10.324075875148402,20.513081033276578,29.336417957107294
E-0026740,3.007146701489991,181.91045366562676,38.47371323734198,344.6512849937252,5.051150603260815,2.9688655982468912,8.506606822535895,21.682720336352922,31.47032449031569
E-0026741,2.6391216712864534,276.77521803778666,22.62973165784129,332.8646013533259,1.8483340346886312,1.6306158582278762,9.855670060543634,0.036839351549920796,2.1991835502978825
E-0026742,2.438225468874164,239.32546097441733,55.71541096230835,336.15632394418736,3.3595282446190513,1.8782942839107553,10.854416650626504,3.3511156595524456,5.10309845419977
E-0026743,1.7004903818898476,226.97011068333282,25.084639915530868,293.6709867191537,4.234164774884945,5.687230349378007,29.452276754964327,6.932733764848255,12.014727976696857
E-0026744,2.007113273021404,234.76915168107976,17.85171754402127,280.4022736569723,3.4338755995401797,3.9024452283866577,19.97326414907902,7.540936726651772,11.650744282046622
E-0026745,1.9520370252162689,226.54097755573378,18.38369375492096,216.2626592392241,3.7983057276882635,3.8990074496862297,21.606557822001736,6.3030698398198055,11.399260963298886
E-0026746,3.333700692166354,190.2447119666254,64.93301287459889,340.04766642244067,1.8296973407140429,2.5180701335029076,4.531034277742482,1.8676223293725702,2.256514379539222
E-0026747,3.4242964629381305,105.9213303235021,57.863624917799754,366.86510310547976,0.36598904701118473,2.693481070532065,2.536049995551235,2.014154053899171,1.4737233347067862
E-0026748,2.886103330241965,200.3023950492058,53.177850880137605,173.46366152375137,2.9573912492984755,2.659653253515702,7.344569519437701,2.8700942760872117,3.999063978855599
E-0026749,3.3836969990449552,146.8607244098397,65.87569301871075,224.3988061627036,1.0500927563243667,6.4519644613814355,4.889863329249913,3.4491352519588,1.8729438866662131
E-0026750,3.39877490176743,207.71957693780078,85.10009851937488,542.4673183904749,0.9774999548103656,2.5994237784914316,3.628629381322085,1.9618034683847059,2.5886337768416032
E-0026751,3.39877490176743,207.71957693780078,85.10009851937488,542.4673183904749,0.9774999548103656,2.5994237784914316,3.628629381322085,1.9618034683847059,2.5886337768416032
E-0026752,2.505739053049326,254.65585823191623,77.70330589558306,215.1641240345716,4.382696577246441,2.630636217058631,10.100645194864287,3.145817133369937,4.808717097634106
E-0026753,2.941764515558131,205.40429212159916,48.115758437379654,196.4436428144067,3.476891157399083,2.5957973591455747,8.337846401908603,4.337475392142224,4.596810458314318
E-0026754,2.345437421752265,236.16130420157293,50.95945965920857,333.50120942126193,5.39020461730784,3.0960627425207132,16.89389881239775,5.132807960663744,4.135288009609803
E-0026755,2.9426889487477323,175.46077494041447,52.34202023918897,706.4301614000155,3.6758132208257943,1.9491546277257754,4.657655773193536,2.3574058906187183,2.4449183196553506
E-0026756,2.476289730012841,181.30189609109408,74.42635419405761,173.7918834911781,4.41164788797184,3.294132656164599,8.77022467624797,2.084415176062531,1.6112683419174403
E-0026757,1.6910244906089202,114.97704316442216,6.134385136517842,91.60714985198852,12.887316225810926,20.74443595546348,18.004828904165304,6.9691782974613,8.963318416070749
E-0026758,2.3428334863527605,130.0011094369143,18.439373322361217,392.838284308478,15.874019275230307,3.1002428508643907,6.967876883958471,4.0569166269003265,4.235437019144931
E-0026759,2.310016496427507,116.5186109061899,17.738896211885407,70.3357633021085,1.4645093630348982,20.919404590173876,12.11233515674564,2.1457949611684763,3.611540296902493
E-0026761,2.0453062107515683,179.2853616498045,10.31638128883384,220.33192368291336,22.82280927106988,4.057413096604926,11.46753085915173,6.854301244704745,8.172943034946769
E-0026762,2.5334229462668487,86.38722343142044,23.46740731684235,235.9115241103301,4.15743362998397,7.916964641077836,6.274204670234784,3.2515698670694535,3.5581855846116177
E-0026763,2.6075748715920346,122.01843309270186,18.26955973481821,296.0458564068657,3.1161897069027265,8.023493329810885,5.853782716692857,1.4475319091922976,3.6503623504956093
E-0026764,2.545591101394585,98.3679089694166,20.844183513945875,223.4838687916781,2.7413891586631607,8.214067828480793,5.897453158761714,3.0572900516576644,3.7620915152826266
E-0026765,2.5334229462668487,86.38722343142044,23.46740731684235,235.9115241103301,4.15743362998397,7.916964641077836,6.274204670234784,3.2515698670694535,3.5581855846116177
E-0026766,2.6075748715920346,122.01843309270186,18.26955973481821,296.0458564068657,3.1161897069027265,8.023493329810885,5.853782716692857,1.4475319091922976,3.6503623504956093
E-0026767,2.545591101394585,98.3679089694166,20.844183513945875,223.4838687916781,2.7413891586631607,8.214067828480793,5.897453158761714,3.0572900516576644,3.7620915152826266
E-0026768,3.5925810748518714,84.83321575138825,21.591302796709634,402.28793425077004,7.179022254654633,5.946713644440303,4.739683076250907,2.9016014112370465,7.560180081205654
E-0026769,3.687385867056959,17.827026864913417,41.10502069612989,881.2719162348743,9.897330852811056,5.389480175232296,2.161001402514078,2.7991125341963348,7.916064738935319
E-0026770,3.467815668846277,71.54885655664515,22.04970917185182,268.4855506765788,2.423299969077164,9.43272082683798,3.687674721558972,3.4528495896759788,7.105046261786531
E-0026771,3.248247787206904,99.0364791816244,18.68362309973261,273.2997013045228,12.272913630889631,6.480605391001285,2.5790457124805215,4.223747892689406,9.001878993113447
E-0026772,3.355322898413598,42.771824790460045,32.11804227325844,177.11463053049616,2.24204162458858,11.64249800415322,4.4518374289072575,2.522387584269863,4.907651768422201
E-0026773,3.776497927664077,24.95857097593997,26.40551808209464,263.73733244063544,2.7728369273309212,12.10294386625971,1.8867248262795497,2.4127806022531413,3.949342779056211
E-0026774,0.2812677949583784,266.90180624712957,28.73633006236813,176.5373093720217,24.259982204819124,1.1414683950537037,35.98836277397011,9.726573718937916,15.324620617130172
E-0026775,1.9137332212418623,241.01472400099658,39.74977765494145,287.24369450197923,3.095526641520427,3.1287191793325917,21.94341145240785,5.194549437701337,5.22803908571175
E-0026776,1.9137332212418623,241.01472400099658,39.74977765494145,287.24369450197923,3.095526641520427,3.1287191793325917,21.94341145240785,5.194549437701337,5.22803908571175
E-0026777,2.528699042244213,221.9333256083785,5.7040848286402905,207.50544422144765,4.064432956695443,1.4622742113236107,11.111665050014697,2.5644636774311587,4.203376355295191
E-0026778,2.3985770397482344,195.45856175632656,18.086577214344928,256.71133640378844,3.8190282616408013,1.5725914804553054,10.413294336174111,1.9799545514404415,4.5672440243798365
E-0026779,1.9381211512234973,231.184336253036,21.937803550809264,217.30151815562238,4.134265017761367,1.8723158967354117,28.8717330799667,10.336336791370996,11.365349355062927
E-0026780,2.1364332032350646,264.12283940981746,36.361970729577806,369.70029877202154,6.878974693693112,1.356236217197341,13.539448193556966,-1.0289437892570648,2.335421814188625
E-0026781,2.562339933548276,263.75799691335834,20.966280691973516,280.39910108699115,2.8155912420588876,1.7207810173756681,12.532892384502201,3.9247016665038323,4.54177418783377
E-0026782,2.334567052698047,214.66725917481273,56.75072329483213,256.27522449699154,2.4598992686291936,4.021504992149837,11.488625263841268,2.1093969289864543,1.7268723180091634
E-0026783,3.7623797092224116,95.20432354754182,95.83962895346997,345.2138105852244,1.3319877758188823,2.1871562929202852,3.957735112771179,1.2135800911691152,13.798237102156534
E-0026784,3.794974105939043,92.1583293765687,93.3232871353731,423.36622076465903,1.0197914111726811,2.804078991636465,2.6212802197047207,1.7774265937837077,13.824193651797412
E-0026785,3.810424751756521,76.8733088335783,77.06249711357944,329.03179736660564,1.6192791886246405,2.6453448249154166,4.290446612878403,1.1272651395936522,13.244830060622803
E-0026786,2.2028943371113097,223.4113503282746,35.120548113091914,148.2455266644327,3.447860001063202,3.351704279521204,14.08816714610293,5.879088762130424,4.71407929849241
E-0026787,3.7893033486846086,118.00664464762843,74.97739331796227,301.97437425044257,1.3825393522654204,3.134951010844737,2.7806377252723014,0.6988799688688092,13.034690728638767
E-0026788,2.552870933496335,258.83735503147886,35.22307796968424,304.7401477652791,2.6194458435933585,3.659433229835941,7.022060596505807,1.5243801540658128,2.146246667364088
E-0026789,2.552870933496335,258.83735503147886,35.22307796968424,304.7401477652791,2.6194458435933585,3.659433229835941,7.022060596505807,1.5243801540658128,2.146246667364088
E-0026790,2.323853757312126,268.27167240233564,39.39387338483646,290.83800075178834,1.2165280085569536,3.4404474784876404,11.06698867363069,3.681699119862336,6.974776868913045
E-0026791,2.847571607438436,194.2307010136451,49.07551574563174,273.00230509059975,3.9172959757891563,2.5072420144488845,4.885623008500511,1.747893698378261,2.573576499545958
E-0026792,1.8126465560818787,267.67521534061916,40.9834293886419,478.8488332255346,4.143833076646086,2.116754500120349,19.79434039897687,2.2077928622281333,5.209135508183026
E-0026793,1.8126465560818787,267.67521534061916,40.9834293886419,478.8488332255346,4.143833076646086,2.116754500120349,19.79434039897687,2.2077928622281333,5.209135508183026
E-0026794,2.456961907337794,191.61396999658024,46.14658129845973,397.79051338931373,7.028306023375695,2.6215838056168135,14.475484389129182,4.994842455543842,5.888403993008383
E-0026795,2.456961907337794,191.61396999658024,46.14658129845973,397.79051338931373,7.028306023375695,2.6215838056168135,14.475484389129182,4.994842455543842,5.888403993008383
E-0026796,2.095505766161585,250.00331671147086,32.51059561905655,324.3762744518482,7.836146302347234,1.4020899125122777,16.409694255730106,3.363966671346167,5.372043470531373
E-0026797,1.6447773950086713,257.8613558161751,16.280618851619316,208.52687344936535,4.5595737511976075,4.571716943698151,28.39493803584216,6.165815082674084,11.952583318615677
E-0026798,3.0955647796708834,144.74186431259318,91.20980871666029,321.9671755175435,2.774066630754184,3.408122630561146,3.641813612859285,1.3556005597805982,12.241440320623246
E-0026799,2.7510903684242947,168.08705825406452,96.50977376097816,438.8725172531367,3.146035431952776,3.543109859810005,7.284331309314023,5.076158910125976,4.72891972646158
E-0026800,3.218891190138656,124.68036141769153,116.08799112839368,455.790795290674,3.1718084619509272,2.8934226898906212,4.9269177297323825,3.9597097439178723,14.580375341772125
E-0026801,2.1301639112895328,235.86398505029376,49.05987799441404,211.8055511355395,1.707599318974491,6.246221450540548,14.56669628261434,7.050283841902787,6.561389700783939
E-0026802,2.8385079752001356,208.89834890253104,77.67906229876125,364.3845610248941,2.5074799254835725,2.245816204988132,5.574902823005444,2.3718009196773617,6.315236104997243
E-0026803,3.0293342160747585,206.11104177797426,34.418739491295256,377.03793739983627,2.27719229231224,3.550680141522093,5.502270424700639,2.9388534122063352,4.853536639863909
E-0026804,2.0157221678715853,260.1083103006014,36.92991179496932,390.5391520404516,4.083001670634693,1.8379621188337278,20.090358405540425,2.477490658567954,5.1831833823371385
E-0026805,2.0157221678715853,260.1083103006014,36.92991179496932,390.5391520404516,4.083001670634693,1.8379621188337278,20.090358405540425,2.477490658567954,5.1831833823371385
E-0026806,3.2219381679430485,128.76764563888327,16.291658470461027,217.1360816922318,11.53783585226816,6.769570891924012,3.3760940865550597,4.410152209827883,8.676100810497429
E-0026807,3.017203046995263,102.43725539909603,20.579456086020887,228.7977251026711,8.986050395284149,7.907319081022067,5.412555404411336,6.323310980402625,9.39619119728861
E-0026808,3.2498235307635994,71.72658388847856,22.60288021336965,275.04351314341426,9.722197480637124,8.274080610965125,4.75215214593814,6.168453955040904,9.69481968692838
E-0026809,3.7101022542757036,84.38709245730064,19.232212022729502,185.6070307439759,4.3781415292802235,11.959428949501792,1.0505831615390326,1.2864677852205908,3.8379028254874266
E-0026810,3.6484903201595644,83.66722939218118,21.740239645310798,190.5308687411722,4.658801421575398,11.895260939110688,5.393840202125191,1.6157908958315457,4.6001741620188055
E-0026811,4.034925322508102,34.27340499373267,21.01192488355155,418.7463214217099,3.515488475943148,8.522367939516874,-0.13085720093673925,3.999893491794661,4.970791112631917
E-0026812,3.12080177752121,33.06016913602709,15.502129813838597,252.04164914015547,8.405353902325718,3.337928184473814,5.474715094435502,-0.01292582878654519,1.3271252783852632
E-0026813,3.833277242074711,44.90714553801392,26.58518918313805,312.8589510278292,3.9445821840342052,7.7748107224993905,5.851623374705502,3.263536395168982,6.138883091080708
E-0026829,3.9234952221776314,68.63547109822,19.37956108122713,161.15207784513544,0.36302194579386016,13.139613265617678,0.5571077639080211,0.32560271255954754,2.0346085306765618
E-0026830,3.8788675389351757,46.84039787075318,24.84984684421749,285.84107243601284,3.730585494139344,7.785928372233847,2.718782664294479,2.98984379554517,5.353647309851485
E-0026831,2.6795814759024585,88.53979961676316,17.727206802701883,340.48071389430834,7.730731240429375,9.772674863148993,5.726553499865408,1.9592314025252573,3.8992282693690266
E-0026832,0.9878254382255599,235.1952949796969,10.6851739924805,236.52230828860542,25.258076956990582,1.2683764537733604,33.27547175263537,11.02861510323342,17.44680926894
E-0026833,0.9878254382255599,235.1952949796969,10.6851739924805,236.52230828860542,25.258076956990582,1.2683764537733604,33.27547175263537,11.02861510323342,17.44680926894
E-0026834,1.0278107376319632,245.52736730584738,10.579246706731087,314.3723037977956,20.222135357149753,1.8106794169998683,31.69928845291751,10.099753437523427,15.44268407739036
E-0026835,1.0278107376319632,245.52736730584738,10.579246706731087,314.3723037977956,20.222135357149753,1.8106794169998683,31.69928845291751,10.099753437523427,15.44268407739036
E-0026836,1.3329000898751324,226.60360703851708,12.372748996231184,181.94536060653198,22.962423602228895,2.9163970401787727,29.665095422163574,9.434312209784588,16.295225580477307
E-0026837,1.3329000898751324,226.60360703851708,12.372748996231184,181.94536060653198,22.962423602228895,2.9163970401787727,29.665095422163574,9.434312209784588,16.295225580477307
E-0026838,3.2296790484906905,201.5776588600391,85.26662143256446,720.7587512645417,1.2294107849912281,3.1851985564384426,5.0290258694253644,1.2854009860714166,2.031322772393648
E-0026839,3.2296790484906905,201.5776588600391,85.26662143256446,720.7587512645417,1.2294107849912281,3.1851985564384426,5.0290258694253644,1.2854009860714166,2.031322772393648
E-0026840,1.9697489957983827,248.84452749184067,49.71695040443648,271.83929946849054,1.355941897984029,7.820071190949355,13.802042644101048,1.8794013895651345,3.0665063271590514
E-0026841,2.690873551852111,265.65240155401887,43.223006669868674,279.8259295976461,2.8168694856923717,5.890159555945921,7.803765687024513,1.3434569100128446,0.847760033674999
E-0026842,2.690873551852111,265.65240155401887,43.223006669868674,279.8259295976461,2.8168694856923717,5.890159555945921,7.803765687024513,1.3434569100128446,0.847760033674999
E-0026843,2.838273999906825,264.40797032858615,49.25696486129562,355.1230495355681,1.2137917724472398,2.6344995526529456,8.345746923069385,2.951210886556897,3.8416790531099028
E-0026939,3.0677000953571323,177.24027372847246,45.32089364614093,386.9061519993125,0.42049644934340136,4.152583309503868,5.927658582316833,1.823987619287047,3.32823544483053
E-0026940,2.756101580679297,253.68055497812534,43.752083559074826,323.04652718035646,2.0745258617668263,4.7946577017423,7.878256283886188,1.442489156081427,2.5801118431999246
E-0026941,2.756101580679297,253.68055497812534,43.752083559074826,323.04652718035646,2.0745258617668263,4.7946577017423,7.878256283886188,1.442489156081427,2.5801118431999246
E-0026942,2.8353305101628594,228.1145072375036,38.4855007220919,349.04828103111134,0.32404769836941366,3.184229676077524,5.990481158068269,1.4315537356865682,2.6222216103096923
E-0026943,1.8056846482108573,187.86731813021783,31.955327895921386,241.1053066317086,4.606036739584248,4.240576886401955,28.077330923531427,7.022643969913015,11.553570523050482
E-0026944,2.2192821333491546,191.19660367249054,36.28164980867598,406.88853226256435,23.20780795401391,2.980028487552844,20.69996980068408,15.510565856399548,16.757858159331047
E-0026945,3.0677000953571323,177.24027372847246,45.32089364614093,386.9061519993125,0.42049644934340136,4.152583309503868,5.927658582316833,1.823987619287047,3.32823544483053
E-0026967,2.2690400208023283,205.57758141014475,12.68845410005677,187.5771732183679,11.884063581026878,1.3553725793283538,11.915285427250888,6.80590472328103,11.652904432528267
E-0026969,2.543759581644248,238.84585977420218,72.17812848402446,323.50991378839024,3.088026230683692,2.0769077611888016,11.437878718028124,5.746505760296619,6.220232836319645
E-0026976,1.5194106252838706,225.32341376553757,7.611849899369261,226.30653398002644,22.306876001132153,0.3776521405957107,22.516450908856747,9.873896322476735,9.141294457413448
E-0026979,2.010054874163698,272.20536778728217,12.855438716069958,203.25660461474823,11.187731865401023,2.522852842776105,21.619261257436996,5.1517873417983076,9.395301165619488
E-0026980,1.9135956014133915,173.46129515910724,14.4299207581406,279.4885693161357,21.172940073880422,0.6812147211189048,22.445701469178587,9.52798557943049,12.906286955167023
E-0026981,1.5297902978223816,186.86460993249753,6.869188390721422,131.69672039651317,22.874174629069348,0.9562137121110378,19.874263976964407,9.201539800803427,15.927776754788876
E-0026982,1.286399431845041,205.2180127149756,4.753155405196295,218.96279959901332,19.64152752704379,0.8073657646135545,24.1791570735036,9.119108525593246,17.31538675631179
E-0026983,2.763373814872369,62.59199710286155,17.868360614043393,24.843237282298386,0.007671535470510471,34.312936388940734,7.629352754637861,3.139283862255713,9.468727899571059
E-0026984,2.7291506909828955,128.19613275108708,20.507129991493386,28.32543110574549,-1.9902725686641902,28.12628685520432,4.9248512974906635,5.979176309741461,10.133582038762563
E-0026985,3.202813823841378,53.46472912461249,17.72626537123539,151.84903846180356,9.495108774933954,9.197051784873555,1.2031018146272527,5.843163694916199,8.755863231568103
E-0026986,2.7135442143409794,57.22119528157721,29.42909136034683,34.64347464843051,6.710439400082619,20.881095465870935,9.247522892336315,6.706048937989507,9.847326835689389
E-0026987,3.2916935525691975,35.14470015666038,8.40494252791987,46.614478652592396,3.8145293005378145,11.429612507673877,-2.4319150856989973,1.6854227839017004,3.325776507898242
E-0026988,2.7712142375342883,88.88379393447855,53.13568471027132,342.1312953951592,21.597905534731694,2.8840515670814977,1.3054495441447083,10.487189121078138,19.754559732252773
E-0026989,2.031462512490712,155.9880675561753,13.679421649096547,120.74729056670621,22.570057655415745,1.7371227622441907,7.824546661676179,7.7878564182808265,11.515188011490503
E-0026990,2.9503713389287007,53.31703736891866,11.448441895050655,140.1383522378364,3.9828821153707823,25.986826417744414,0.801169801309128,4.5697104246459865,6.79711321508853
E-0026992,0.5876064253688913,215.97636685959438,3.1887800539295643,130.35901529804332,13.571607989791246,9.861224305188962,19.89301182142666,7.366228248124534,9.20323608535239
E-0026993,2.653715290405243,39.624010471720354,14.149932760051682,133.7778077970739,2.1550067091046006,31.232365644053456,1.3017745913092336,-0.34628824121875146,1.5714930288205056
E-0026994,2.8116374317864485,91.31349461624488,26.888602764407022,661.4441422884602,22.349524512185027,3.935393493583435,2.3944582365364298,6.2025433256280476,14.326279501167834
E-0026995,2.420568191607626,37.99238633741285,12.092649294105199,153.42073238405123,2.7661332773163316,29.079210890351312,1.4114971834423375,4.749824723048826,8.303467995175403
E-0026996,3.6484572645125386,-7.392055591405098,59.27574271408265,451.0294265716062,8.412423640698066,23.70053111718003,-0.6520691944374837,5.324676527885092,7.712151621676592
E-0026997,2.926433557863782,18.448051102036263,27.187197264178163,64.5209881503704,-0.25740194423418594,29.00212445489229,5.449398268759463,-1.5270370689898032,0.7640471033114972
E-0026998,2.88201542359479,23.0540207466203,26.685846725729526,69.89966666752417,-0.7000085035026415,28.8512518102343,5.468093898460998,-1.5574006026167362,0.7972834364342878
E-0026999,3.106390670462754,37.6159008601386,45.21172819705409,112.38522733298804,3.914583340998768,24.498240474315214,7.056649798060613,-1.0268359330817567,1.2522920221946143
E-0027000,3.239419011865808,12.004670143109815,42.87813431295068,113.49263248803625,1.432337553519886,24.471616696395596,5.8730163178345745,-1.0167428776735532,1.2438504086586395
E-0027001,3.2300513276748646,12.350292885727264,42.87813431295068,111.94086942851679,1.432337553519886,24.501425036468575,5.988647677500433,-1.0088275029612062,1.2576817392962982
E-0027002,3.2478051609611924,17.76840687249085,43.78719207114145,111.32456648730164,1.4177238059231452,24.466375597992013,6.059866644938177,-0.7956466602916169,1.3057202096490859
E-0027003,3.1943789593073784,25.665604110715027,42.98753434297183,120.0270172452937,1.418709308614125,24.312897335499233,6.633268766567593,-1.0544437545419425,1.2557770083906221
E-0027004,1.8303328808741832,203.7446969401868,16.451268190578393,53.30345860903628,8.623939667663581,4.884083506832773,21.492023118710847,6.794198160646928,10.322541454695376
E-0027005,2.78769142821812,73.1982864849606,13.982942418319997,175.11703311416343,8.247953374708496,12.038382765483874,5.243715857025194,8.159705019446454,11.683148228874169
E-0027006,1.2871782727718106,203.31854959188283,9.781683065625423,123.93933044563323,18.188556187621344,3.0883443784541225,16.753510289893118,8.352975664675045,10.937864046285663
E-0027007,2.301033281150021,98.9792369360951,67.09553601205405,313.7155502203947,24.720461537850323,0.587950337601246,5.392218801500956,11.797987779560431,28.06119247137258
E-0027008,2.7357022186175444,17.363389654280738,37.980068671825244,150.948615892885,18.980234000234432,3.3351253153814246,1.0941204386325911,10.531702429498077,23.7407905824725
E-0027009,3.2993363311416353,47.09629915411002,48.5588364378997,657.4472581345042,22.79231323801728,2.7890052350318264,0.4348580634492276,1.4788218678665563,4.7849958686124445
E-0027010,2.714319930666324,25.302168916170313,15.54080114956631,157.51788222774314,2.6434677081310287,32.45423897438545,0.6813388721217366,4.540897668315004,7.810413703727212
E-0027011,2.346489156666212,165.23352528757965,48.40886250705049,303.7794343722703,17.935841297614715,4.204515583471608,8.586273310445996,1.8589738450345905,5.308383858938766
E-0027012,3.055309692773719,52.093398434888584,24.264876206765276,253.3546527390953,7.729738731101889,10.071411929453445,0.05211665433016577,5.331699528545853,9.313428245494467
E-0027013,2.809907837940872,42.84403249406994,10.014159048947997,73.61415811342751,3.5896268164411897,18.39083383784598,-2.785987598292413,3.6806869052172684,5.356200585945609
E-0027014,2.9595681676157577,37.992248181091256,9.44891087599347,73.70083230968167,3.8155690147486347,18.37834070430106,-3.0938610191547364,3.9296973249025755,5.365743766411307
E-0027015,2.6364746437187456,57.12383310193587,25.67870844455707,260.07436160960435,7.381174850128009,12.617220920112173,1.448977009026473,5.7243300078607735,10.563022367723445
E-0027016,2.8008549846669566,60.03638933099519,25.6482146793285,281.7770277832125,4.961977424897743,10.16491111310823,1.395556874379362,5.566772458345645,9.347308479259116
E-0027017,2.5112912975556343,48.98841148051921,10.41368012133342,82.60218310164008,1.7018269312183854,18.483096105912388,-0.04741066366710933,4.09860051832851,5.370846635534342
E-0027018,2.8473152373186705,56.667357187831804,27.637140783837197,266.8628270470999,5.7707538362054756,12.225717263998837,0.5142163583032319,5.882138486395468,10.87679560751582
E-0027019,1.8563098261040998,172.83142066402934,10.341703269696923,17.23638516058553,5.0570961568797586,17.105620481836894,21.477157237411408,9.540573282768207,17.74138497199385
E-0027020,1.837519371137,159.84429980053912,10.243688469438158,11.910711057361423,5.252312975682388,27.094899641769523,23.68344555095518,10.963825211367855,17.41656634008791
E-0027021,3.115758354653698,36.4026690934733,43.83645085843155,113.94309569508621,1.2521705889014878,24.468432134242235,6.931537723596779,-1.0347512677472328,1.2384608107662451
E-0027022,2.002713358605101,183.0222161548195,18.238496457744755,102.8683772651926,6.872297534404235,9.190898226450138,24.53662495382859,9.480735600715256,18.77623162279575
E-0027023,3.0575625406287905,45.516486926107376,40.79248781462498,75.17216562024127,5.692398114773309,25.172716331991815,7.445836417655744,0.2752858626888588,4.277929671678346
E-0027024,3.9120266495961906,20.87477230148231,70.7243160622203,413.76552652922146,6.852583518551066,4.2829229662125075,1.910843300732408,13.810917408490951,20.831765635448754
E-0027025,2.666524700598401,92.79649867622254,119.39348092982591,542.5166928496747,11.34667833437311,1.6470842228785705,5.168306240639149,10.752058231883916,15.76802052351438
E-0027026,0.6606636467303446,204.97765045761173,16.68739095062921,109.44595626677622,17.50158105721404,1.1918394920003026,27.20351086690355,11.486904853496068,15.544620664385516
E-0027028,2.9948709763103993,46.82314020290134,27.564637548062457,249.29259494223632,7.652789548058232,15.752488054362368,-0.3726214477533748,5.682513533905312,10.383107251333405
E-0027029,2.3850302518954205,30.024637523467913,7.0002318110764925,81.59324754519183,3.6103679516165332,29.646650709540985,-1.9171565230182028,5.320120658016598,8.317325147508308
E-0027030,3.119717743057146,43.884848834594905,26.424609949985225,270.71266691140687,8.032064074628146,12.225717263998837,-0.2756083584676775,5.73500031973134,10.654707907251188
E-0027031,2.4008970821131395,38.46194931556612,5.3733474822960705,79.30801546247967,4.333398817353142,25.772364099097786,-1.8634907048149145,5.564400724842305,8.58486917064089
E-0027032,3.1148724950884774,48.86547659082317,24.264876206765276,261.10520131871834,7.729738731101889,10.071411929453445,-0.023900713885220914,5.331699528545853,9.320175014445883
E-0027033,3.0544337786251576,51.7148649633063,27.564637548062457,256.9193668346678,7.4382818782392075,15.763476289836001,-0.5032331522812022,5.766640960052773,10.411423749136139
E-0027034,2.6685762280149867,31.27360033085131,6.193075310320507,80.69491931115198,3.493061493985103,29.646650709540985,-3.7788857825544415,5.449741602853435,8.318532499192878
E-0027035,3.119717743057146,44.47304082067889,26.424609949985225,270.71266691140687,7.722220306680834,12.23670549947247,-0.423608266322843,5.819127269041643,10.673445700219938
E-0027036,2.6662851705622272,56.79472690774337,24.07601958743514,243.6008020215085,6.622070702486506,16.055923125887045,2.343253041123784,4.843294355617644,9.447922642725516
E-0027037,4.136095830567803,-3.7293183082620764,33.12208656870136,223.28866437626655,4.108711806313444,13.27588068642513,-0.3059859191937144,-3.303709414420351,0.7663130910565492
E-0027038,2.5935203494348764,48.75506039731157,28.09938276140187,250.53483326068095,6.941712946731364,17.186676606291453,2.17762293293212,5.504957214800491,10.293967545393308
E-0027039,3.6011137083448377,-16.66298745175307,53.83550096443681,366.80451868860405,5.482242973125533,27.01849190997151,-0.39820871596482776,4.758061807306241,5.2778874393726065
E-0027040,2.6688646939381284,60.86769363337767,29.824469390891878,252.04488044411625,5.082096885156169,15.764980234232974,0.391908389349022,5.577408801788673,10.610333825651992
E-0027041,2.876263428809258,43.24718838665943,26.318032180390293,262.7229568776918,6.094172730332911,10.107393898961892,2.0389670631698396,1.6026040163626756,4.346270096326988
E-0027042,4.135737637911948,8.7276880538726,35.7134390662996,252.55785491108793,3.859550860141149,8.803045728426579,-0.3981068643213955,-3.2169382855149515,0.33827565495452017
E-0027043,2.539313982892171,88.31056623084893,26.721124895502406,140.78355750498724,6.019505751996942,7.646688082229542,10.57617239692788,4.85167125208705,8.238854459951252
E-0027044,1.7826095073362098,191.54433715399148,7.9995855123295065,28.812426089367598,6.862507773705415,12.524340226342284,27.290736443018456,13.802317101375213,21.618959087453547
E-0027045,1.7315301600132376,202.65078488201053,4.762738354379445,21.284004218134847,7.0502093348811705,9.882357003184264,24.88463976289396,12.94378552125325,21.971648230431455
E-0027046,3.059478260597081,107.44275664022456,26.524893921190642,60.66855895928467,5.834891950589943,18.12548444930296,1.7627914364394186,9.115688743481288,11.624266910351324
E-0027047,2.6901320008153737,34.97622100067427,4.921849826205625,80.46225919355331,4.040350222720574,25.772364099097786,-3.5228258852534218,5.4124775452158405,8.591615939592305
E-0027048,2.625545530585162,44.276217921746905,23.498658826102062,221.61171472647302,7.018251848444402,17.431500146653267,2.281746326047024,4.856118114969205,9.240510176179647
E-0027049,2.309976501691856,25.72025410693761,9.934494611133019,70.09698866775408,3.6841937034795764,26.714690883927958,0.839854228081264,4.327358813046155,7.876722321930277
E-0027050,2.5715770190579654,43.28734842641727,28.09938276140187,262.2944842908619,7.258416469584952,23.167539170700685,2.6682828299843058,5.5604211241367585,10.227695286634763
E-0027051,2.6006350694211626,53.37841415664643,25.67870844455707,280.60723155712594,7.428870318552061,19.834676284091138,1.1810945355421787,5.629143261525285,10.50608038163946
E-0027052,1.5108301020067283,69.72210277532878,4.22669373927853,61.857030510473066,3.201396194431186,30.378367733864398,8.742753315447555,5.956352950961703,9.812660384358495
E-0027053,2.194752698443467,31.989161917667833,6.9906482158276,92.13685285303845,1.798201057814384,29.749887431505975,3.732892844857182,5.595958728916248,9.483464750169441
E-0027054,2.771709767326791,63.66262257614745,28.972058261423875,275.3808056524326,6.717095251140849,15.798608359328941,1.6810509268530063,5.652917178574198,10.506640479468473
E-0027055,3.1959818565811355,32.272746782675355,41.41984066975526,100.50057619060297,5.13323047880877,23.227940273340067,4.602547265931511,2.036757431156841,3.9311729894844767
E-0027056,3.3766375415231176,-5.847712901792878,40.090300180340186,97.13680812730486,4.8848272858159145,23.224755711186706,3.672404503501893,2.001946394863431,3.8453472734530108
E-0027057,3.712596013651608,-19.459479823497137,47.8470669808927,100.31688333652617,1.7955464126383227,22.6459221714814,2.6292056663621115,-0.5185876216732557,1.0049131780672376
E-0027058,2.8615092709114895,46.93476171202193,27.93692581256204,56.48194877320944,9.828492104492597,6.209589457704697,0.06573526680117836,11.347402504171493,18.58207974196077
E-0027059,3.3754814659144934,29.401162483168882,7.712229223237374,44.764062037140135,4.086596113447815,11.429612507673877,-3.115787826702807,1.5626354836821639,3.503229840736857
E-0027060,2.6887365793044182,65.8632999152615,26.214543182119908,276.23193663745786,6.9419276096294436,12.285173409843997,1.8609315666649817,5.763863253816525,10.77043578794363
E-0027061,3.3413289724261777,-0.3809455847404486,41.35067109715625,91.1248971268383,8.130633667455868,23.210465541714036,4.389922245230345,5.703011077395109,9.72808015293986
E-0027062,3.6516197557355445,-6.692283544329044,47.66610751244371,101.82156151765548,1.921842579810522,22.64910673363476,2.635280956935103,-0.5409182470238274,1.0989933029350694
E-0027063,3.6531213429075136,-6.692283544329044,48.38487251641454,100.96923787412129,4.112136746036473,22.64910673363476,2.5171792051806072,-0.6549595996668638,1.3066713718233183
E-0027064,2.647078281020634,55.145236936109775,45.25619276428058,113.72160048446284,2.9304573827982874,24.44453445653457,8.713061005604132,3.82721844274046,11.41573382784997
E-0027065,2.706116197394696,21.758713906744926,32.9350303618496,88.29757714958694,2.154027806943231,22.17472203118071,7.0722973133051,3.6573705398328693,11.268841167107887
E-0027066,2.1049773512915655,108.26779813136213,35.53636346075989,87.40829955456893,8.144116389892876,23.816412628538473,16.339813431307554,6.861669978327439,16.605096509781553
E-0027067,2.4419699766077017,58.247191479401046,49.36424730007238,108.43648644936552,4.14434457928869,22.593457211061175,9.616683821736975,5.01060520349252,11.14919686922085
E-0027068,2.9449289571105397,46.46141146480983,40.56956122895788,61.38845130179186,6.013863650874903,23.131002780258996,5.470316039535829,5.233180410836552,9.193004024620619
E-0027069,3.677226759659983,-8.973843495410927,48.073680518326206,98.36873789329752,5.537838118250329,22.64910673363476,3.1597223457162373,0.3360978466359609,3.2028876969624536
E-0027070,3.8379048049491296,21.60731107477553,20.62514942287185,142.48555872018503,2.9938180464092152,25.327919248658645,0.08499225023899526,2.53190120706657,5.138663538122082
E-0027071,3.5148296216113066,37.907633055849296,28.01562222128299,138.83191238003047,2.802925861976447,24.937847181164532,0.16680041189887818,3.328074270235384,8.560851256554834
E-0027072,2.56182899007678,17.923420008393958,21.721550362804447,158.82244364671064,5.735758383624047,19.510206819972286,5.30509493590907,4.846771804526284,9.646067166904947
E-0027073,2.706116197394696,21.758713906744926,32.9350303618496,88.29757714958694,2.154027806943231,22.17472203118071,7.0722973133051,3.6573705398328693,11.268841167107887
E-0027074,2.7134087348236298,19.395761707110882,28.49674005283798,109.80483673710953,0.9487358017920332,25.399884537284226,7.537541838764645,0.4671553098447714,3.15561097827934
E-0027075,2.647078281020634,55.145236936109775,45.25619276428058,113.72160048446284,2.9304573827982874,24.44453445653457,8.713061005604132,3.82721844274046,11.41573382784997
E-0027076,2.7134087348236298,19.395761707110882,28.49674005283798,109.80483673710953,0.9487358017920332,25.399884537284226,7.537541838764645,0.4671553098447714,3.15561097827934
E-0027077,2.12189088450232,99.37218613006637,34.868182731709695,87.40829955456893,8.002239855371123,23.65891331518398,16.15823599830361,6.645468941669392,16.49690050055482
E-0027078,3.1905242232798408,2.3261906162573194,24.21001245437055,131.9945903062512,1.3897529998218356,22.55710897362599,5.120816080013519,-1.150454778693582,1.1894666396351325
E-0027079,3.1606729298563265,32.690843325033754,41.41984066975526,94.2826121171888,5.774453808399498,23.213650103867394,5.3570892230071046,5.46326988762193,9.197177303429212
E-0027080,3.6314541658984076,-12.757128672156473,34.09588440186289,121.65239339784739,0.7705254778436037,19.98581251807856,-2.113118141650013,0.1809158689681089,1.225322649540519
E-0027081,4.099606565092339,-20.20735778435494,199.4664975190296,154.72101949997185,2.919509153731749,30.633860597654568,3.585613616477295,-0.8199630968543954,0.5677648898687405
E-0027082,2.56793801290815,58.19665531747998,54.707818332148925,104.94141705416868,6.702261174815272,19.803097286783377,6.692012387822801,5.183924929652386,9.478257939316244
E-0027083,2.56793801290815,58.19665531747998,54.707818332148925,104.94141705416868,6.702261174815272,19.803097286783377,6.692012387822801,5.183924929652386,9.478257939316244
E-0027084,2.137064749363013,90.56766743314395,40.427001825765196,87.99350393752563,7.717688286889052,22.236190817982884,15.103591614303754,7.157972482595535,15.58112265484315
E-0027085,2.137064749363013,90.56766743314395,40.427001825765196,87.99350393752563,7.717688286889052,22.236190817982884,15.103591614303754,7.157972482595535,15.58112265484315
E-0027086,2.104685384867567,108.45592090643062,41.22281173432675,92.13935580059015,7.5700691382526735,22.47874260442298,14.972602522876185,7.095092065411387,16.236386309060002
E-0027087,2.104685384867567,108.45592090643062,41.22281173432675,92.13935580059015,7.5700691382526735,22.47874260442298,14.972602522876185,7.095092065411387,16.236386309060002
E-0027088,1.999469873717704,94.02508021592728,46.59741617600053,90.9025600845469,7.470518589266415,22.479326248359946,16.420726798433755,5.762650757245994,12.430666576836742
E-0027089,2.6363241525881342,80.28264627887994,49.63275121668111,104.02177597852946,7.960549369083193,22.56179075857975,6.673223564145608,6.086883789115665,14.739824758820408
E-0027090,2.6363241525881342,80.28264627887994,49.63275121668111,104.02177597852946,7.960549369083193,22.56179075857975,6.673223564145608,6.086883789115665,14.739824758820408
E-0027091,2.657619169134608,37.393675422791105,21.3265968709542,196.69557589620067,2.5489866113177153,22.8902361386762,7.583306706465321,-0.7196384417374317,1.358507731721113
E-0027092,3.0716773567669233,13.442108290410289,23.76611746726637,124.58736314130098,1.2083397310966812,22.606742090315645,5.681118010103839,-0.911490672934044,1.2696244419906235
E-0027093,2.634601030651975,52.35353107598014,34.085211085026266,248.66033407604874,5.513274391902897,22.056484263254433,7.975255226170598,2.3697698126463793,9.72638223847332
E-0027094,2.8658160166205393,23.632452378829445,26.93609361260425,110.47534036413678,3.4791740821982176,21.79109786311223,4.8849838822770355,4.155093485422068,9.669825612261999
E-0027095,2.3496112764297084,134.8042482055401,26.585977092333774,201.2825344573894,4.878365889440957,10.94608571070184,6.723872996639805,9.790618335118417,15.623188084696551
E-0027096,2.3450887856781764,127.29765170003355,25.971590877314853,234.83406561811097,5.7786792827381035,9.473093307885547,9.550572660391046,12.531859260194828,21.43765289651178
E-0027097,1.1612190603621226,221.8889324097974,5.061157848827555,68.5052334694928,10.999200822963036,6.201289497630906,30.66864474570022,26.771910414624635,38.196814557850075
E-0027098,2.973517201991325,51.78220026550013,70.10728464384015,118.74533396543835,8.013126190217665,20.958661662061235,4.972121342276738,4.906747898468165,9.657927481655019
E-0027099,2.6467955506967336,71.07833637709403,59.27956571876828,119.63019238611594,5.208744004714491,19.691564997569234,5.717284119830375,3.2366086284021565,7.004228186213007
E-0027100,2.687113241038293,143.53436079175725,58.51739871979722,301.79702815095914,5.853438889544211,6.98823485911195,8.549553222798105,5.795573358240117,11.035008208335643
E-0027101,2.292595392906634,187.01711858994628,34.266365667110755,303.782191075574,7.189897697313807,7.927414036682542,11.010751023148938,8.520459930823035,15.152794250293665
E-0027102,1.7235939045335238,174.2033650190432,52.11936206316236,718.2342410925636,5.913626543619675,9.195719797406941,22.47491770050719,7.903713054260173,10.962937913600474
E-0027103,2.258255848650287,152.50577238598163,45.54839636144906,747.4681602057916,6.656399594447812,4.038108320453128,17.08773725719106,4.877010827487338,8.433213731752392
E-0027104,1.9898768496116013,176.68095388676733,11.911432360608295,282.3553112828751,17.57579368750487,5.026815740976083,13.831128343971105,13.24526417645956,14.68973346599105
E-0027105,3.2299031402303795,27.492795452021873,41.96337370259341,101.38168878203261,5.134002290441514,23.477096949864663,4.609196640893364,1.0222826847320352,3.9470357786894112
E-0027106,0.9801912633486178,242.1208878079827,6.955610196511244,53.4007616487944,9.762145672317992,10.939368274768416,40.56530690256175,19.400898581468017,37.71678722588317
E-0027107,2.3101539990483158,84.74972993314918,54.22563421786359,223.69127518339704,6.196257191923129,21.582244374233863,7.7061121499418315,4.774539352640173,11.072620175216576
E-0027108,3.183064090296937,17.659055265073903,35.39410091534189,214.79149750376095,2.73942407566747,28.33154533947783,5.909582039301875,-1.240158317587456,1.3337754853127548
E-0027109,2.730902984465571,166.67685243714925,11.150105934361271,199.9543442083631,5.078858194488531,8.865910677473403,4.255372941819673,9.632450182241243,15.8813482206774
E-0027110,2.6932681154996727,124.73999390173701,15.411720543391564,835.1853583374037,7.511488826911473,2.256591214783518,5.331577305673294,8.469706986088633,15.856640477929218
E-0027112,2.0388757900892642,173.75395192082155,23.210479974881313,930.7381452610365,10.894714280798166,1.7276063558980435,19.11431785065544,14.391146882964705,31.056385592136635
E-0027113,1.884622079137186,112.53745828049729,21.017557869233915,1054.5937869446566,7.4221463060686625,1.9043012332003286,16.944695209571734,8.56931741982803,10.3076721848514
E-0027114,2.4162180747617903,44.121666633351644,22.642407758007327,169.66122012042834,1.7750912400754442,23.053612083734997,9.55128441684029,-0.39696985089166525,1.3741274146106992
E-0027115,2.7644238270956825,23.747031025048777,27.482942435182654,118.53909631936486,3.3855907952414617,22.72843448671294,4.6260278318290995,4.246881858621568,10.305433098561172
E-0027116,2.8729497525721315,14.163510191478496,36.953992458750086,131.23083879272866,3.662261117161316,22.660027551460676,4.642997738073728,4.1690861878043775,10.368569199330215
E-0027117,2.3526945594710886,60.29380481125011,32.6421866062192,215.64117705141882,7.005772323011775,22.677933167130586,9.581370106667777,6.194596697677044,12.268352526263778
E-0027118,0.851574015389838,245.7883858559504,5.919019330811953,12.031586790595103,7.883527456555711,23.977966449134005,41.20256582454382,22.754325919404046,39.81649853423385
E-0027119,1.7253006062239544,124.55983484519771,12.661692259635192,231.3121469259829,11.925658634097175,10.541451029406652,15.182670869676137,5.700966912565066,6.779448453908786
E-0027120,2.2663359183336036,108.43549904979388,15.358191850633368,524.94845933122,6.099704613569167,5.476595484096625,6.285532216735405,4.827581754165032,6.613802856286144
E-0027121,2.832173421428659,137.87542112569108,61.959720876022764,508.64597780405154,1.1386815050846617,6.761416353023433,4.566129270399518,-1.1957775970450606,0.6281102741538156
E-0027122,3.0013118521065856,135.632148961627,59.316575811399474,602.3737105897791,1.5989688566796665,7.587038337158867,2.602480644552627,-1.0413834241429993,0.6502101105042424
E-0027123,2.658825591151313,129.01126201620323,68.64100824735239,614.1547643735547,4.264381879584344,1.600646388928235,7.262099508349537,-0.7602366619433372,0.8860858174332455
E-0027124,1.884622079137186,112.53745828049729,21.017557869233915,1054.5937869446566,7.4221463060686625,1.9043012332003286,16.944695209571734,8.56931741982803,10.3076721848514
E-0027125,2.7604841681758314,149.14306106821772,56.97341251779486,533.1730131348914,0.5290473706299533,11.161354867948749,5.039309596834637,2.0334183967622135,4.238228984189748
E-0027126,2.704700596881479,34.77064951789738,50.07319536815601,80.86972471340849,4.432414613197796,20.880258343357053,6.6746280927401616,4.973671300781216,9.910818929512923
E-0027127,2.8194800205765955,73.53680902616593,41.444720646142905,152.76179454300626,3.9722558923125524,24.55695082187237,5.281464321119703,6.567850580459913,15.10737290818663
E-0027128,2.8194800205765955,73.53680902616593,41.444720646142905,152.76179454300626,3.9722558923125524,24.55695082187237,5.281464321119703,6.567850580459913,15.10737290818663
E-0027129,2.4545893390603672,43.333366744439616,39.571945548279274,124.80429061160801,4.296042838009342,23.610023831694864,6.94785114401909,5.657860460119899,9.984129048045427
E-0027130,1.9396571362884194,89.92456400802645,13.652115310233086,222.096754545786,21.772134258172237,0.798630995723774,14.423788542073927,4.725189071708465,5.5288498486831195
E-0027131,2.572605614003787,102.53810033794419,14.913536540954295,742.4732353796932,11.939821364715982,1.5094049879410245,3.071769956723014,0.8622613899390795,3.915999531396542
E-0027132,2.3068301476325797,120.15095370902065,49.8181173925864,440.7959094982107,4.041133850614658,5.9603540773877155,14.926763196899595,4.5252193129400835,9.113235582665448
E-0027133,1.8258201592423209,151.29901097140808,65.30868692651202,482.38813189269126,1.9087033440885097,10.655146613396026,20.003319789972608,4.335345768747394,10.993981379972471
E-0027134,2.141888809838356,118.71384805159092,70.89260442851946,503.86094963888934,2.8322504283556786,24.044442390894286,15.458906655222213,6.601190910397866,10.957460160700682
E-0027135,1.8410835283210782,185.00206967586678,49.608694186462095,276.08695293697673,4.0271150545228185,5.111969693186957,16.25593696321868,8.943351348329424,11.965375812550588
E-0027136,2.07492099543369,161.84247697293114,51.3287273023455,355.40496065496353,3.4783151090106728,20.38709878322618,15.947686344931356,8.82589218175681,11.857478051896933
E-0027137,1.7125555440541924,126.43910750408989,34.5689227062678,654.6751625430645,10.618252064058119,2.574267274968819,17.381546945256645,9.140362198102835,16.441163204859393
E-0027138,2.665851798403293,125.58296390853889,92.32801841995641,556.1214267823716,0.9216161548018094,5.33097973179503,7.957369890186228,2.40872358142226,4.435695916955221
E-0027139,2.701701630980851,98.93304416726107,33.67205835521859,788.8270770638424,6.630588739505824,2.7315530363745832,4.24918994397181,6.364044008710167,10.691306225298172
E-0027140,1.2588207441820263,256.88181256906984,17.419393840900046,418.5575613224077,8.888844825082781,5.033621225908028,40.567182437347974,18.43628508591403,30.247689556703644
E-0027141,2.163424379963833,138.0086649712543,41.18171011827462,224.81205659811687,5.689063309314675,9.629687070949617,13.04036886238823,10.859943894918256,15.445462425760542
E-0027143,2.835036573716821,55.580534726395896,39.390190027858026,152.53419845550172,4.068749152658228,24.38707324632168,5.111142029839219,6.32382704064967,12.359283793615756
E-0027144,2.835036573716821,55.580534726395896,39.390190027858026,152.53419845550172,4.068749152658228,24.38707324632168,5.111142029839219,6.32382704064967,12.359283793615756
E-0027145,2.4448216670606815,57.66294772840108,39.328696027652484,131.72187793136743,4.3460837983212315,23.464213932040735,6.792457682371939,5.671587347210915,10.006418168476328
E-0027146,1.7979531425049902,149.91121771448334,24.3367406305144,216.61586549713314,5.292967743276306,10.80411559965227,17.62092155773442,10.973009580533553,16.761053522320697
E-0027147,1.6098683101601858,187.7191033623577,23.903413748403874,258.2600341803236,7.173101945151824,8.343638870819236,26.234591304186434,12.747247371547841,24.334594238205675
E-0027148,2.1559060989021965,98.93651140178076,32.410739792220646,219.8920726523372,7.684055142813135,21.981345480892866,9.758621396097077,6.32386263649329,12.3153247247368
E-0027152,1.9845063986773404,139.6215257933303,36.54648369505087,668.9941490105965,4.099176742970181,7.750375629855128,14.270883266016543,4.611652415824268,11.961959965545443
E-0027153,2.1012683444871945,144.8201144136227,45.691879407467304,1166.1052508845648,6.62016401858128,3.9605420184674935,13.567757570243774,5.857334574838767,10.875843993889445
E-0027157,2.040076422953642,156.45687422760278,56.93760856234931,467.0532131942547,-0.15931031059825784,14.566032726768087,13.480399789405178,2.6226709866722553,4.259781277880408
E-0027159,1.8320666344080763,174.95490870443686,44.567027252247875,1203.5969163050531,4.371700422011398,6.896053183347545,18.454297925158073,7.063567799972075,10.62314746095548
E-0027160,1.3733815181768856,215.9200261246788,15.268301965836091,121.37527958270765,2.0769518735936248,13.160066647104575,27.570873744842864,14.016873120444806,25.151831378281415
E-0027161,1.381409052571758,203.97139378195678,30.230143437438112,201.49259719439067,1.3385777216460018,14.134074458675556,29.153388004318476,11.939179952306755,21.77925201634757
E-0027168,1.5934510533486494,209.02471291166535,29.903854630877873,145.28145961681764,1.3004750989172953,15.018950023493822,30.731278523147836,13.211232241671327,22.92304272753435
E-0027170,1.1685737527023685,245.6438771205704,31.33631176123803,130.91825178479615,3.645224402059377,16.09900113407583,39.533299421094284,14.322374069995572,23.89423025513085
E-0027171,1.058927306287082,233.01827182590324,30.190197585048328,150.013193950702,1.6968904867842465,17.187983096787473,40.9219541821293,12.385551452949029,22.014603706157573
E-0027172,2.015616295340056,163.91889685989582,32.35551361956341,245.1189322793744,7.048476845728062,9.796648658718686,13.051992930488762,11.108437214845448,20.187797242363214
E-0027173,1.5416602778878494,211.50967857666967,43.77678380135722,605.5647577580913,1.6162027542886217,9.515064194291583,20.551538439388477,6.992439975371123,11.319708888141554
E-0027175,1.1200092503618455,217.25118643891514,5.9690481853915625,33.3764247855187,1.163746384288107,17.612046263155328,33.352551435734846,13.034282524546102,24.531050883473092
E-0027182,2.704700596881479,34.77064951789738,50.07319536815601,80.86972471340849,4.432414613197796,20.880258343357053,6.6746280927401616,4.973671300781216,9.910818929512923
E-0027183,1.5616544661948448,158.77489884996027,37.53331453494503,111.89626702555286,6.7261173087642705,12.60161359061405,34.16692695110852,13.856191252504372,22.141770044080133
E-0027184,0.8656547617629979,219.9182499141162,3.5480602076356806,75.40531056011919,3.2259942295028994,18.084489853458955,37.04155056344405,15.968874188186245,26.032549311490225
E-0027185,1.0401599663691177,252.5561943402434,20.94440567723661,58.29891612949082,3.8156909418357534,9.837465584454462,33.383229514216744,12.386622610052068,20.913874549263326
E-0027186,1.4399771271780217,208.90014018422718,12.271768234700899,116.49822028443528,1.8685523347195567,13.714186085648018,28.09237629011287,12.275505285468684,23.913899833484464
E-0027187,1.0265867679049687,246.0149314419591,16.6893663248658,50.30090431841538,2.947095525254391,9.584300757749354,35.60041523506538,11.051670147467608,16.782480044785355
E-0027188,1.4451301959053504,207.77561454879537,11.987490396217027,97.63015977672403,1.570247310921415,10.61516617391659,27.27180732895946,13.385480490712364,21.78627424824434
E-0027189,1.4451301959053504,207.77561454879537,11.987490396217027,97.63015977672403,1.570247310921415,10.61516617391659,27.27180732895946,13.385480490712364,21.78627424824434
E-0027190,1.1241256195988323,210.7561775385579,49.53309425322847,213.61359308891562,6.361229783154654,6.2102614135583165,40.8601988453139,15.044621973225885,22.923290369738393
E-0027191,1.9220454745971498,177.7574460179414,33.55891096601132,304.6899927278396,1.3073944501330759,14.11429418477038,15.209962851955758,4.391749456671184,10.516426253349973
E-0027192,1.5193538941689377,224.12179039097325,13.635999765675477,110.00787836624681,0.957117302186415,16.098349844693487,17.073449426224315,3.4449367234456734,8.609894243241694
E-0027193,2.3626073808879275,150.71519269020206,55.156495801611854,519.3442368630751,0.2780313721059111,28.716156772767377,8.27081383283518,5.248125389282458,8.559529914729032
E-0027194,2.4160178873109928,153.5992545750666,63.320984307850594,462.5005762389376,-0.28634958138262206,12.320189599941026,9.020071796611777,2.8144589380214544,4.0216399437971635
E-0027195,2.198861128911452,178.1842257315364,56.194107944620015,172.87420458465778,-1.0424743583379301,15.90131540501052,8.662646866944694,2.3333658911114132,3.8544151057425395
E-0027196,1.76561908334239,217.2593417243675,55.90984673213795,113.47936439341761,1.202197437841399,9.279969893037272,14.697785054631458,1.9277826411673034,1.337318921309673
E-0027197,1.996804443402158,161.41501791509364,30.30664228004493,262.7134895391991,0.5223717515708097,9.675408377298416,13.714343745585014,3.0925441893058974,5.718138655296233
E-0027198,1.7834195667350383,211.34641897392297,49.3457521224554,89.51805814073039,-0.15368870999483425,8.699535389695676,17.528000668597052,1.4026920872045592,0.8989635041952035
E-0027199,1.847438425198174,172.6252199747719,30.523039003015516,178.36162928586756,0.15288121887028705,13.218798428330192,12.518367679608687,3.3900224064901487,5.149142545247807
E-0027200,1.847438425198174,172.6252199747719,30.523039003015516,178.36162928586756,0.15288121887028705,13.218798428330192,12.518367679608687,3.3900224064901487,5.149142545247807
E-0027201,2.204591387231952,183.25426758294273,48.25120218733477,536.134357282481,0.2079906840019542,18.768002848002098,11.328662880265664,6.5263269615211135,17.39525418984048
E-0027202,1.9719026351212392,154.33944218975654,61.480491666505685,469.0302505773087,4.992946940640362,13.255848801640315,16.21481594710572,4.570020494546899,10.235251463462284
E-0027203,2.0339187488143207,105.49807792191737,40.44411546483991,372.1975460754356,3.3777020800648048,18.185909335683277,19.237159761956683,7.240151547327169,10.139072830145533
E-0027210,1.8928683822701826,178.4373466686057,28.908980301114504,348.74120401860824,7.0460024294363635,16.996901788733066,17.039801068898054,13.866385685917896,27.713371887147456
E-0027213,1.8218807441972895,133.2393601017834,57.98574640920151,391.39079811814133,3.0653199688676667,15.042562383017648,14.977463079187602,3.1410505547715095,4.034154640411459
E-0027214,1.9318253188141346,137.93286776181213,57.328750933531836,392.224356025209,5.234593214088177,32.12930021316643,15.297670864987124,4.301717664739572,9.070358463928539
E-0027215,1.9912539850975703,155.71650866387336,47.44553395208061,387.3421807035823,2.4043161811353038,16.185664458820085,15.553854389445947,4.407197981454398,5.364467000715264
E-0027218,1.6314463525150127,218.06194339968965,29.70581266992116,208.9677131330193,-0.06049863273501438,9.424023822285681,16.062904021554,3.950853161622989,5.548984306413602
E-0027231,1.832233821599821,181.55451039256542,22.642250661898977,191.67094429817368,6.285582987600593,9.955419193324117,19.419872398077345,12.31277894170642,19.352661060285563
E-0027235,1.6892315887151146,215.9123881709822,54.642622518568025,208.63607966624795,4.542237795315482,6.499968145379952,33.972571032178664,14.688762074382456,22.31979203274603
E-0027239,1.3219798736587283,204.4301562264494,22.393176210224226,183.6387437250475,2.5040604330457157,16.251545074225294,26.44527442566624,13.222908149042503,21.894847871919595
