Molecule Name,LogD,KSOL,MLM CLint,HLM CLint,Caco-2 Permeability Papp A>B,Caco-2 Permeability Efflux,MPPB,MBPB,MGMB
E-0020101,2.037920103314063,48.568966222371984,31.521901386069835,9.415725752662208,8.904440390316717,3.6346741430238,37.48779456441146,6.108917521764693,10.638716265317097
E-0020102,1.383943068383171,73.64432546731872,13.626247274927175,10.544259522136969,5.994966932806752,7.135511211966816,28.0006154497447,4.159649883723282,5.405681305162544
E-0020103,0.10407625730188011,208.86645501004838,4.219876231159176,0.752090580381443,6.486063001195405,5.200748517725842,51.611190505271615,15.248320543006743,19.37246472368181
E-0020104,1.1047779294798536,152.05174093480528,6.598615432202346,5.252619615678261,10.254415948574207,4.1975396898416575,25.70188542980422,6.366783114955083,9.11831413117821
E-0020105,0.24214252239358736,295.6541684920793,2.1780547455615493,1.948951512023656,6.542465258282303,5.212548588694413,47.608665143535795,12.366002032551364,18.107339843592822
E-0020106,1.440507436997625,194.08295443048374,19.009145959012397,9.37811106076261,12.736756467809665,2.1447037179723316,25.676576859473933,7.342235618521755,11.366330777976554
E-0020107,2.2086124871807056,122.03591469147676,19.612574415072665,27.806936312400623,10.137329370159003,2.4050212577450933,10.617921870052127,2.648822709486816,4.565282764770709
E-0020108,2.2489555084663095,11.06441833134764,32.93192964235674,11.962766482883545,3.3758701727486917,5.433404698715927,9.671129281768168,0.4596431657707931,1.3236590400361712
E-0020109,3.2387686594784406,21.450057580769485,51.64071113670722,32.857883340215054,1.695630428838676,3.081452741032943,2.1237457430692106,0.05340115345683071,0.393433154509588
E-0020126,3.943900851725099,23.121616057451334,896.7408887149533,59.9989940614419,4.07563402824915,1.0550751827003106,1.0758928177887916,0.7699564994471009,2.0358571888224537
E-0020131,0.5625199446790091,208.98024936620615,3.010125100194087,2.51839682617813,2.6011144535598145,11.623590742122575,41.62668389881057,2.9882494726634925,5.774549555640829
E-0020132,0.2724372287504965,277.27614782141393,11.455782468982795,5.177090527204162,4.819375070187061,5.753078402535175,45.312807818635044,12.100059922548583,21.999053050820123
E-0020133,0.5123061205783408,190.86943361447877,1.4232417198106255,1.3875810941101434,8.420938993915012,4.808558697397415,40.06743043729588,14.599408061128594,20.75612109200719
E-0020134,0.7341162370705288,142.3668449017952,67.28487603856375,6.4856918705124755,1.3138590255779472,12.280869603475661,46.348077517813024,3.393940247234654,7.498258947361147
E-0020135,1.3980887299644054,177.54372534700573,109.48500648683259,7.661455603492078,1.5053764303311028,10.631587158632001,34.363608072811786,1.9293892005253719,4.735695364289238
E-0020136,2.591596248110695,1.3504705704484632,58.68226627800052,25.491084170843262,1.2321487119764938,7.326467522059741,3.3949229541957315,0.3440144250015702,0.7688032212194863
E-0020137,0.8368711736632681,26.611196885595266,13.387486088298386,16.330337625029586,6.431563036220134,4.986960519186112,22.080404839270102,3.63851277869653,6.232757545227742
E-0020138,1.7883803406502201,178.5668568490722,8.445781154805228,7.860774958126658,5.633444572516072,5.262471182420206,25.807101269306727,3.702333728436839,6.376532294418091
E-0020139,0.924117742048478,184.3200600623492,3.5383072221068903,6.168397672905745,4.647518243571334,5.546384057135792,23.38280116233739,3.3094895399811866,5.519519004371323
E-0020140,1.0412227944349768,191.48845468429994,3.854400572394211,6.277697050551087,4.591705098337403,5.314517253609645,24.157169254283282,4.176635095241219,6.463564899725404
E-0020141,3.6212224827149444,1.4861148941924998,14.413952831301284,19.133590237092562,0.4592028270579502,5.27843947790936,1.358242226156816,0.09880268912575664,0.19438238605388888
E-0020142,1.9147513168912453,6.627796496084674,11.875508378586149,6.036537717678613,1.1883794165841433,18.68424405363622,9.647983831468936,0.6019138180048519,1.2422492119260407
E-0020143,2.456354862243584,6.4466236305818505,7.989295615209986,7.787775663576754,1.1961027152206019,15.678872569031354,7.800032085011163,0.37331695922924635,0.9177754695649158
E-0020144,2.499601870548954,2.3090868673194707,33.17920398772439,13.661299556914711,0.9254605777910843,10.87521742005135,2.7879742005659303,0.32529827280599993,0.40920921390598275
E-0020145,2.513885466238328,1.8079710596782177,35.41841402627584,15.40302694907451,1.537955040284034,9.48683470657399,6.024464902055926,0.5108641330014392,1.1108611660680843
E-0020146,2.7365602718489983,2.330631399575596,23.36659573783089,13.137175083643598,1.9233347936973333,7.837362481280337,4.246268644075261,0.3539068912026134,0.9392395443405644
E-0020147,3.248378423674092,2.925363281317792,43.502256232159695,49.91133556176683,1.9594353715119766,3.7966966425325834,2.5171693731654226,0.27175430634851583,0.5829846480067147
E-0020148,2.97488017985506,8.03728640311988,24.56343540112777,13.989241137374497,1.696925400974154,7.12420885381109,7.6030512081166055,0.410651634171718,0.9467542184720229
E-0020149,2.587986062888655,114.48669409473322,12.422128032977351,10.679974769605002,1.1772575276108135,18.178805178198967,14.739751840610463,0.6368964341704675,1.3704502004997372
E-0020150,1.7695631604291442,6.824749452016487,14.026301934690032,14.735644965517245,1.6848945128304074,16.37483062490571,11.121028996252448,0.9019046422904796,1.3380958031008652
E-0020151,1.4473727341874474,33.593616842379724,12.71485228727733,8.21532625878139,0.7286286511199871,35.33013554208013,17.12805196162431,1.1721221145872198,1.8351868561466493
E-0020152,2.493650592077642,5.940730068037312,66.81365511736296,29.275162245595265,2.0059316891761454,7.124806485121739,5.637841955113283,0.37430605604376116,0.8281067066179395
E-0020153,2.1334264389477173,41.183816042628266,61.06737617217546,21.181751014339607,1.2420904657914218,17.872229747539087,9.96504198340307,0.5432957463563762,1.228734049569324
E-0020154,0.8465161141886659,252.2742642417587,9.24198570979058,1.835828935304444,3.7223926618338825,7.314586954455889,30.081624539321133,4.392342879342387,7.300196961624881
E-0020155,0.8465161141886659,252.2742642417587,9.24198570979058,1.835828935304444,3.7223926618338825,7.314586954455889,30.081624539321133,4.392342879342387,7.300196961624881
E-0020156,1.0077744372428856,230.0788733283669,22.79419663190289,1.7530493605332718,4.855916259840323,6.112006842941249,31.896521985871377,4.89991026018731,8.217945542577118
E-0020157,1.0077744372428856,230.0788733283669,22.79419663190289,1.7530493605332718,4.855916259840323,6.112006842941249,31.896521985871377,4.89991026018731,8.217945542577118
E-0020158,0.595819185385875,375.56748837630846,11.397128482933104,2.9063332260954255,4.357878765104425,6.32697183338058,32.69564780123654,4.395431793366465,8.353691001128775
E-0020159,0.835635706092886,316.7062645573556,7.28642332134943,7.333491033307151,8.431141696457612,4.81459026533073,25.643498571083477,4.626223644821476,7.860390970296573
E-0020160,1.1393456691209776,181.59535461420225,15.171845893851291,13.851295145321986,5.351273384285872,6.808721712097901,25.84858837874602,3.2667176743179027,5.427717352425958
E-0020161,2.4055792949622568,79.44507698533585,41.93970956437694,46.97934870133452,6.967159728770887,3.4909438880614134,10.10345583713735,1.708315061623776,2.7352737332353727
E-0020162,1.4866202785648037,48.150025819356635,53.012366362668125,24.393706474646972,6.8743570355697585,4.313654902800361,12.700383742476006,2.449105876415949,5.0102489490691005
E-0020163,2.9776318611212136,5.344096489031778,20.62633701880102,22.552460284978405,6.680912370485832,2.1732970587347795,7.492445683458118,1.5918988294418852,2.8809846695050374
E-0020164,1.6458999382540076,97.8101201655638,25.67774088285892,16.321706354786702,5.82650842595285,5.703968012175937,19.925707667126968,2.179736504704109,4.9710275329393365
E-0020165,2.392441410691888,31.33362866823875,22.431414781531725,36.523098013932035,9.663324506788445,2.450674204992387,11.599579111805266,1.3099697495334193,2.7348433420043414
E-0020166,3.4449054033462994,2.5873001297126064,49.482238686798105,40.2892565125113,2.3968367049092922,1.9300719587981219,2.1083948598121345,0.5720742383376481,0.68608006123568
E-0020167,2.841949212257611,6.7118854141673925,5.314993254244278,24.15394090320605,5.575293038476226,2.9244637744943285,6.690345443784628,0.959004947013595,1.8516059029427296
E-0020168,1.620296326642674,41.588582375403625,4.787250434527385,15.450167291960986,12.932164778548204,3.276012163129535,24.260314305334852,4.973915920133333,8.607150371199266
E-0020169,3.706404097597045,0.9538531573959474,95.55802753662675,39.64248265342316,3.034810657735886,1.8205431466371411,1.9548483349768926,0.5146804438020427,1.1398811007605212
E-0020170,3.422496359105824,1.7859978479716405,76.76864107927163,48.05499363598467,2.307043801468123,1.7458953930195178,1.5676836899419484,0.39660640220513593,0.7487392344764751
E-0020171,2.482696556493038,2.014501735833755,35.54149185876958,16.982357550954116,1.977615927022181,5.9938457681078585,4.388813441472092,0.38407414374078136,0.9686041994997083
E-0020172,2.7460350871014008,6.058461223190431,24.207659629597046,24.32684486775871,2.8237742413899434,4.091615838611038,4.3555999641257515,0.43107468310497354,1.0619766167255373
E-0020173,2.2072943049108784,3.3070704912824023,8.708921472393385,22.856339561947408,3.4481147580875118,5.724358805053707,6.986039606132178,0.8191287520816621,2.067287618225675
E-0020174,1.7393323748997893,63.99237821388872,31.10321057174876,23.748077535940144,6.718070694661758,3.545447068070805,20.353788556600822,2.1691306329766022,4.920203561193597
E-0020177,3.3111303268685552,19.504293752429778,527.5891466567649,96.23329923973365,2.8560180932746873,1.3217444300600079,1.244298845483491,0.7703627603868493,1.247056852988412
E-0020178,3.2758912054336835,8.375369455753432,424.3413442186847,68.34206742918848,10.229956460959448,0.9084353590979244,2.5091562128201623,2.2660724661671705,2.457889486900295
E-0020184,2.9293285311720854,136.94537769202907,1120.4113194406127,93.05841865999679,12.904156481634525,1.0866575322204621,9.056628635046282,6.607607171332873,6.821177093330654
E-0020194,3.7350302051181097,8.91985774068187,721.7678211709634,64.85858205600084,5.053584640565751,0.9605338645842285,1.0828432082976112,0.8115459516801552,1.775043492553541
E-0020195,3.696706435483223,39.029390772715125,583.1400515561351,35.6627049107802,6.440927942878353,0.9515114680432969,1.6555573563276156,0.8725613913368594,2.184979907077352
E-0020199,1.198122944386658,11.383197504076978,18.40281180220555,6.779830352949525,2.1321417943045824,12.64031911751382,15.338228919132142,1.719171481952911,3.0275397752266184
E-0020200,3.0088102610945286,1.5740541229895275,26.259624866848142,11.212288509458892,0.7561011521519639,7.95787007154957,2.3378282398169263,0.1897119771589563,0.3615861980069731
E-0020201,-0.811948167808544,231.56118237564712,1.6460435174996475,1.1582490256699307,1.2191202353704502,18.374639629407138,43.752297570326924,6.536323114140338,9.860169567888377
E-0020202,1.126040055063883,110.13105510726827,5.448241787005013,4.316454067349381,2.28018479075841,11.412931440144678,21.388834827046786,1.23209645505802,2.2507097971468784
E-0020203,3.1070595955493876,1.8090737208398875,36.92978563051093,21.087439945604924,0.7280967654306153,7.6642580279867385,2.5408339431127636,0.05810473566185854,0.19090327464954154
E-0020204,2.2307621081469806,8.446169093910296,30.894384261343316,14.188477335775618,0.8130295502899889,21.92204732424705,7.9803314949627975,0.5402547406618688,1.1326625332467963
E-0020205,2.8049703876565366,4.096303192540388,85.45424807346215,22.645092530926778,0.5822583055245328,14.654457049653718,2.7991175376989665,0.29058430751499786,0.3686117845528974
E-0020206,2.8753504451108802,6.922415097438574,58.586635277197345,15.394147399227213,0.9412866436283286,11.686931425472618,3.6784803639947845,0.21046999258092952,0.5113291297271771
E-0020207,2.683036010906558,1.4587746333693712,35.85904050270876,16.079122233355232,2.336025086245992,4.3279883655224305,3.5953769880001953,0.4686289028887003,0.7906611831411567
E-0020208,3.3317940818621503,4.661564391609008,46.699759166899256,17.201534699216005,0.4602689278645636,6.595828130600163,1.785413744538662,0.0,0.15203486683712064
E-0020209,2.707710488234003,125.99591216076091,26.483459555932466,10.546925653088952,1.739548960900565,11.101992443157865,14.313263439501606,0.7076685145754107,1.3740253402295088
E-0020210,1.8948676359468584,20.849988856631068,0.43300367533726286,13.552076519377389,1.3657698581765276,10.615600775478125,13.822762512211394,0.8589047985771439,1.7721264424655698
E-0020211,0.5830416850238571,246.8028958068641,3.0737859938565233,3.905330895432589,3.45103081626247,7.915249217597108,48.0423987423819,7.186774596434166,10.526576829618143
E-0020212,1.7037424123603766,203.05882574247974,36.111770546915274,18.756553775201926,9.182132533546925,3.580225946067224,30.52868050904504,5.194567401387379,7.963604743298506
E-0020213,1.4678632214644114,67.06385693125267,15.666130185641224,5.1488002447348284,2.2759974820169195,12.983530746413564,14.551988046819664,1.693979504813558,2.2745176935463274
E-0020214,2.57092787318904,28.795529627029246,23.664049011166927,18.917344140164662,3.503514222022964,5.615924823004306,10.193693048676462,0.401451763609236,1.2788465678001664
E-0020215,2.7641255449424595,9.495242945618935,40.94404598332711,16.217504736022917,1.8727256078143162,4.666287072559069,3.7103178576469538,0.16221450159812129,0.5733737718728134
E-0020216,2.2841309244095354,3.6349945071469656,55.5418478816375,24.471868438283998,4.820954257360295,2.541443801511666,3.7927424819415987,0.7676707365632367,1.6558185974578692
E-0020217,0.7804752218292297,69.08040215530445,1.9342677029278241,6.789529624016614,3.771536553241617,8.820664664339429,27.426091337773673,3.0283637738056384,5.770714920693331
E-0020218,1.4857445390840447,94.03122763380416,10.419705500260521,13.43502316706607,4.130626965125986,7.879050709297394,20.29362705440945,1.7431720498015026,3.3322819374567096
E-0020219,2.6039271184557067,3.8403266643430545,20.931330223374673,28.97178027139538,4.045635148309607,2.4036236097777173,4.072049268169684,0.9214273810838286,1.2233184439182019
E-0020220,2.9235042723854687,8.09839051506112,51.84817867795551,29.796834164308986,3.435616964674152,2.6480186895959594,3.676987821347946,0.38943240918632993,0.8437200007324142
E-0020221,2.5375811580834777,35.09021087176014,24.926575640997942,28.242678950802308,8.228596834882499,2.323613454297836,11.708723513589637,1.0438367161332072,2.1108446936582514
E-0020222,2.2114461923178426,21.266943042407863,3.381187693477061,18.629135009999196,9.912384561403066,2.474560954278278,14.414620673718224,1.850379924544962,4.385281140923022
E-0020223,3.038693702448298,7.307991840730368,54.296667557535955,44.27810383964013,15.059884490249498,1.1541687736827075,8.821758676274566,2.731678317577644,4.6767871405961685
E-0020224,1.7584321842512007,7.459756081538787,7.449353079617387,12.395022216974292,2.765678406690771,11.21602257666532,15.9317321725285,0.9177230964368436,1.7480212639159058
E-0020225,2.3862648126721013,7.163008659061894,28.0151276711038,20.379810632483846,2.5131251249913333,8.757486857829996,10.335871632018849,0.574858957747195,1.24440120573369
E-0020226,2.398622897799659,1.7309451023057292,9.0892266314041,19.787019300954256,1.1827848664048284,10.301258567009196,4.605381786531546,0.2363630484485464,0.5810618062637047
E-0020227,3.5102679416136797,2.229792884561456,13.812086966692487,25.01048683081127,2.214011375053084,2.2867279795208044,2.295681322628827,0.608551026559287,0.8544714331294755
E-0020228,2.2595323748024296,9.254804454217235,32.09831974272873,32.480722935957075,3.102243470257363,3.903190928336624,7.742916022767449,1.1917001315682234,2.124904047766049
E-0020229,1.257747494801999,147.29925260616633,3.689132064853725,9.95376595494748,2.618325234162715,12.98363569188902,18.40627589127703,0.9469927934695457,2.317035350847987
E-0020230,2.5043387679263853,150.74106091102573,18.36005491198536,24.81282786446707,3.86335253895103,9.485320063678023,12.32197022968261,0.7801940183222015,1.552138415003122
E-0020231,3.076865337347433,6.943286455727555,17.83790743607967,31.428830348898934,2.1076907404769996,3.5014662633136306,2.937038750395111,0.28110364367705204,0.7743466829482254
E-0020232,2.5190043330901983,4.59907096056963,8.070492632253117,23.668297430948147,2.550460777026423,6.738610730627639,5.538936710530371,0.566511597386391,1.3737339045840178
E-0020233,2.8397217203493215,13.381852252544656,117.40017497821691,27.62614273464334,1.5421507890741106,5.8610326075251375,3.3359435124468564,0.18371880119901562,0.40772797534110294
E-0020234,1.4592635880664515,73.7793461398448,20.172387095464355,8.743693933314074,2.37154375806314,12.029094537732277,19.502987549681475,0.8540754352080733,2.2899161091270783
E-0020235,2.941300933362558,0.9677851812918011,28.847171638121058,25.814180707977812,1.0217797903723653,6.263439842210837,2.5215064456353202,0.353107181253683,0.775813386065761
E-0020236,3.1739563929243806,0.49625982854625555,34.87480295845837,67.5140178661377,2.0813413477810823,4.060847670171207,2.0356262661186304,0.48285849710270845,1.067148159630278
E-0020242,-0.14130764397751105,217.18974958999559,43.85229412612831,1.1230631032647247,1.4909454021786548,13.397893360529174,48.85384202547909,19.985549686270595,27.525855917140632
E-0020243,-0.3957980078117472,236.57109293394865,0.7409999883736764,1.6555853422226998,2.0336959947559903,11.30727506919929,49.7400625576323,11.888323386007302,19.941530449900846
E-0020244,1.198293989470248,31.319210274574402,7.8008935405259265,14.297123567237364,3.648707365791445,8.493632041630399,30.909786993738802,3.9736595362713274,6.007417026435304
E-0020245,3.236647090112613,0.5623819794759813,64.41548561584442,14.692272515976873,0.6202527230559803,5.455825390757147,1.2145103017207513,0.11850591385208478,0.266031596928447
E-0020246,2.3878519105225924,2.208435740894932,282.2709930318263,46.04378380756034,0.08394098173928945,23.07479816885459,1.8265682656398656,0.01909625843953022,0.014674748771189699
E-0020247,1.16198837195752,8.262949494102092,14.557118036923999,5.557835577573362,0.7349403097843453,20.435621745875288,8.041440787439491,0.37235181370330317,0.9509044072626055
E-0020248,1.16198837195752,8.262949494102092,14.557118036923999,5.557835577573362,0.7349403097843453,20.435621745875288,8.041440787439491,0.37235181370330317,0.9509044072626055
E-0020249,2.5129177696446696,2.618273398308332,14.861783542323636,7.083647847667335,1.6494816222212187,7.718373039042738,5.667555483304548,0.44488912990125634,0.8311745593853148
E-0020250,2.9800244112238268,17.746997868372592,63.935484426241594,41.49418083126176,5.4694868274343795,2.0126586414206304,4.9601549630822825,0.5143809977589494,1.1785192298565186
E-0020251,1.9880923383270543,3.950920470363989,17.078127932523138,17.852221504002276,3.449663402975376,6.167599451384006,7.480052681042556,0.8757713375072208,1.5360357636193172
E-0020252,1.772957621380052,3.300775285160032,29.455469633149647,27.794215236522433,1.717041024979524,11.989880231126445,6.749485996132825,0.42560943428573694,0.8513694506004746
E-0020253,2.2866624581724935,2.3786191018068186,61.40192410250476,68.07794565694257,4.293115582003446,3.8803527511350344,6.487271788383806,1.0022543663155545,1.7351359894964955
E-0020254,0.7886020318713529,128.6990927621684,3.885214547521674,1.5710083692344208,1.8558889320586018,13.854354603186286,30.643793816700537,1.6903066536687092,4.7255529459561645
E-0020255,2.758140061917351,36.21636265461387,18.361719882489872,11.937509228712651,1.372360223003533,10.074415764255274,6.328972136512098,0.3092005913971069,0.7468461991228258
E-0020256,1.903295709977238,43.96611131930161,6.054047714423128,4.1868298230012115,1.2536690292595722,14.335375165747262,12.030944780321178,0.5623254803654221,1.2997770198720702
E-0020257,1.4016786062004074,98.48318145748765,23.48209389691447,19.428962767777012,3.6219201833606403,7.228783515095631,22.50126522185905,4.12026723114423,7.127701619716948
E-0020258,2.1136553379768372,86.46523889644992,65.23638590768864,23.446389796603434,5.0673967339694,6.461441575001567,16.39650988915563,1.3944569028639426,2.726927716096481
E-0020259,2.148858641293523,22.065123278517436,16.649196798991436,17.921840073027674,1.896543315706204,10.033362836899565,8.157805165587485,0.4472974126564001,1.0365833339041488
E-0020260,1.512322061769919,113.88110998634646,29.944328691421287,15.539381874319103,5.575187149874204,7.337439601054317,20.82610443498364,1.8593931297971067,3.7171835444208616
E-0020261,0.8571498553585268,89.60199560367927,4.382458343433633,7.518437816036435,4.741021025392884,8.900045209674536,29.791178271728104,3.1043317006929096,5.884879916797054
E-0020262,1.4164526655667304,214.26153716545392,14.978431962749369,9.626251942495804,3.1640994533497113,9.255261864069611,31.28413454941983,1.2013547900089838,3.3000430398819893
E-0020263,2.1361450658254104,41.55637631271734,51.121967636317095,23.614422273228545,2.359660141455616,9.962180971398816,10.161105836456418,0.3246763680397932,1.23503957278821
E-0020264,2.7061900770921548,2.715956418198133,10.99905642244945,39.14903981770492,2.948060015779382,3.6856826683769954,3.6604808763312064,0.6028983622475145,1.141816628851222
E-0020265,4.434563923334562,0.0,136.88084230053354,109.93253898585598,2.328517533002422,2.4947177228625503,0.8380295058509365,0.38387468758712534,0.6185461450003933
E-0020266,2.5081981407754346,13.176987065382749,7.613604384374739,12.120389602639532,1.329158029413238,9.935283142046261,6.567183599525845,0.31623625717855586,0.7378864856506865
E-0020267,4.223555585195573,0.0,134.9441498982487,61.539067824645834,1.473033902085639,2.835963349709027,0.8748824763039924,0.3013899727780497,0.4282373053668187
E-0020268,2.48731285226257,8.074512603974902,66.41316106547372,68.32966507192016,7.86444066176311,2.7424613066641936,6.0222370121095015,1.2531888220277612,2.4990427773631003
E-0020269,1.0837411685291973,56.89684588171047,6.254091821465104,13.354364441513608,5.301335480647875,5.982196047141581,23.286737028018692,3.513868820678772,6.854607309590699
E-0020270,0.3816675785347788,207.60996816846392,1.5609975096933035,3.333530231522771,0.5635689870838141,28.77384853495152,49.03380145007603,5.346390412542676,8.22630073735821
E-0020271,0.3816675785347788,207.60996816846392,1.5609975096933035,3.333530231522771,0.5635689870838141,28.77384853495152,49.03380145007603,5.346390412542676,8.22630073735821
E-0020272,2.374756969757141,12.998936026460752,12.694063190800687,45.6187351602061,3.8862479150867726,1.9296488967127672,5.036527443461973,1.2454532927471484,1.7302562423321595
E-0020273,2.052296259936553,10.055337979795624,12.12039474848713,17.485609223252606,1.9706618399307434,9.748226996607986,8.01484776668919,0.5776030910166913,1.429687460384982
E-0020274,2.2487849397555157,11.884482425387006,15.933804593894996,20.18468286108895,5.182101996194373,3.9125130958551613,8.766871975741402,1.602882936716816,3.321808905880873
E-0020275,2.454786408093602,2.448579636028174,14.845921433797072,30.839314619826435,2.6393022179064816,5.55411222508949,5.239063981280614,0.652019626067707,1.3882992275465014
E-0020276,1.9824829255291236,8.562044049173622,22.587087784878086,20.488562794351623,0.5614811137909331,17.984289082827885,4.657920085214208,0.17858306363942733,0.3082466356298666
E-0020282,3.6051866341293564,89.52883444763405,250.3210736259415,34.67204903240708,2.551456899672609,1.4981123726146286,2.3517000575750684,0.9447287799858596,2.3329394387607345
E-0020285,2.03136805890259,79.73918160509902,363.04713627131764,39.87524014194262,24.22124885538615,0.8434891132446137,11.889240462663224,8.027915017707652,9.676021424691417
E-0020286,2.6641324043767702,174.43094071794118,781.1952227711532,53.110079025957276,21.551685031855822,0.9552527055698277,11.933279109186902,8.567411819401968,8.704352195986814
E-0020288,3.237781920196466,12.829581196412372,611.6693634455594,80.97099183627446,6.598485569382471,1.0401127757846165,2.0389719489904388,1.3970014751481712,2.002091524077792
E-0020292,3.284251961836211,64.78898313237288,362.333717129288,55.946187735545976,4.424871462630567,1.3521448784122077,1.9691562400536213,0.6672230542308207,1.2604179960630664
E-0020293,3.8911207630781726,34.835776593659546,1064.2639404963306,89.97296336508411,5.554748309018001,1.054223620804722,1.597320379805912,1.2187772509277865,2.534799891154575
E-0020295,3.210328783045084,199.16268188067502,216.01886106458358,27.677435207161725,6.744662942562551,1.4581512137226913,5.459301907038518,2.08450898524006,3.366398287281417
E-0020297,3.3755590331821934,101.76057726353359,265.99622391368024,30.182966142183503,5.3632388447538535,1.5357915328142682,2.7625502791885803,1.067594500784752,2.6155730954263823
E-0020298,3.9179152524180174,45.08684279133629,761.2366043065042,35.64405250058125,4.669516636255418,1.1010557588599836,1.552851346186502,0.6551201803249349,2.0352632597430245
E-0020300,3.2029491562098684,42.946904861446136,273.0855761378537,23.895954666847008,5.688254525195631,1.0299020719988508,3.8849776937105074,1.288648587432515,2.1978278078346856
E-0020304,0.5643873395430736,174.17549779768072,26.74619393562405,7.395660374354023,2.577067137326576,9.441324025499254,26.510723151386568,7.4803851934050325,10.741791357951358
E-0020305,0.49074266589747145,23.58181989091677,2.690065431671131,1.8919076613143984,0.6605927934884186,31.81939407955289,25.965655215520673,1.423698793315573,2.6378786158776153
E-0020306,0.15543335039477493,260.1361430984972,3.7881840244548215,3.502848773733491,1.1340703052719059,12.249616734089479,39.63836860266662,5.222586347193967,10.244867709033281
E-0020307,2.291908656155417,3.56933903165199,20.013986866120106,10.062687625943065,3.055417774429037,6.172931708387019,8.067146198969226,0.7099618483783044,1.4594803256888447
E-0020308,3.261157762254874,1.0806407039637314,59.621465794947405,48.45368977200476,2.4059739198655428,2.7166475782644914,2.353043366237847,0.5815308229050008,0.8014873930512016
E-0020309,2.4893782737683643,3.1701281068762777,59.97446994979033,41.187468338805346,1.4581581199171714,7.540209322277557,3.5945412321228933,0.20319986636760196,0.45579405468497575
E-0020310,1.6234090161519037,9.616626333656658,12.909054609932051,17.21213024941951,3.6083905432063372,5.045509363528723,14.03727470774495,1.8449363625347297,3.823910710388443
E-0020311,1.4242705740804475,101.094159763056,5.41655081334701,11.540907917598261,4.168919572788543,8.396091580979109,27.334927539378114,2.166657088158981,3.8953353992712185
E-0020312,4.419839001159744,0.7394195644351337,246.15584478955282,121.82176444385375,1.9939578729237681,1.0954145268560038,0.3108448993735906,0.2811715630979473,0.41412120537567626
E-0020313,2.3178399847026823,55.78068418979348,35.175589062582794,18.625572241565315,2.0326120947246227,11.239594419687856,11.44963086337969,0.528955548018713,1.7226878434096704
E-0020314,2.227893769995216,45.31780234773397,52.553216329456774,24.533494525230708,7.187675864413839,3.6708193538434433,12.057581139831228,1.0434567728209667,2.490071524244559
E-0020315,1.7680575653524255,32.73286888381406,13.897772565540123,12.640958235169663,7.713899195653813,3.4126870616162686,17.15357051861178,2.3153531998170807,5.106917066972591
E-0020316,2.72332900512887,5.556208875712762,83.46755596470126,56.951578059710286,5.551041478318205,1.3085046360719716,4.457354232670332,1.8122789555253347,3.70899416275524
E-0020317,2.5515747475578214,26.308207752482467,79.07212003290849,36.20120891821469,1.8579442968824829,6.372676766366854,5.208970840307979,1.18808718658347,2.2647177408403896
E-0020318,2.5515747475578214,26.308207752482467,79.07212003290849,36.20120891821469,1.8579442968824829,6.372676766366854,5.208970840307979,1.18808718658347,2.2647177408403896
E-0020319,2.235672941762096,23.491735388817496,18.596059724943938,18.191678259741604,2.4722306452762153,3.618600629018989,4.880178168336314,1.2238198470548396,1.937800969385794
E-0020320,2.2344085299297918,27.857122703312548,72.26374851340839,26.935532545268238,2.3736685274547753,3.434142786237618,5.109150398206144,1.3147671431594554,2.222220731697082
E-0020321,2.6209524975082537,23.763051745069703,4.44600579804354,31.905954717075552,1.848231587308089,3.971512791994464,6.239083375654063,1.215813189579371,1.618015150280401
E-0020322,1.9129325498301457,29.663908261240614,11.390263867139803,19.97501612121233,1.6154024485224852,4.982315585806339,7.742214077987094,1.3192259615320885,2.1229606102346263
E-0020323,2.348057518293624,104.75502335357044,8.045830908172512,14.696648524204925,1.520399601177186,10.775978366926585,13.697450610490385,0.9045248999805123,1.7436354960838438
E-0020324,2.5609247982669645,18.895648935820617,31.68248943817542,13.86708303157944,1.6057409233986204,10.94919914654508,8.510531493951262,0.6979134845917925,1.4530262201117956
E-0020325,0.7450055916116595,88.75822062628723,10.32363575123977,5.920435998424079,2.732143742769956,11.83564562640666,24.313930330020597,1.3739767504611848,3.5339784852775233
E-0020326,-0.07212835944026805,238.62592549971723,9.404679844997812,5.946396952935782,1.500893330678995,8.834289917525316,50.97130059646833,6.879971764314766,9.982222438305037
E-0020327,0.9730438600573066,99.00746717232491,146.4438303850576,13.281620179101328,2.6686881872187236,7.061474546979478,45.35487176532318,8.262441057240268,10.89387204163073
E-0020328,0.6787476990161099,64.91673165825688,12.64376810699462,1.9007529507713279,1.269900565657041,10.422821862569197,43.940572018169036,8.568994881214717,10.279133273838898
E-0020329,0.7405700694753051,231.6819427602277,14.833796944688498,7.2910654698287765,0.9392231980487369,13.730098178770413,29.73167883997768,4.025092297026198,6.8623850870308924
E-0020330,1.3617722555568874,199.96400363046854,7.641127790841364,3.413760283619561,0.4937905399023737,25.547622009467688,16.684992964877384,0.9921546711458779,1.7041014755533614
E-0020331,-0.17359036999111563,267.4478861840432,6.722145327959119,4.606130600189008,0.9414485848875569,13.255793868812338,31.45441015914852,4.812782198134512,6.633437787244642
E-0020332,3.164766126769114,0.5724420175332546,25.821039875635456,19.239959394323908,1.7416606940398864,3.118275199258859,2.5999359490125387,0.266107497618733,0.7587727475215936
E-0020333,1.200445908677442,101.50536472094755,27.909783851110397,14.783039922754597,4.687060095015332,3.3015667064858163,27.55000463393944,4.1858743982780116,7.169453301182026
E-0020334,1.616241370452231,132.73551740546483,6.385117704805549,2.3056097812579455,1.445928088195924,9.800617727770716,14.975899553375902,2.672632288359998,3.219808893632039
E-0020335,2.9890187798396486,3.1482669012680335,19.127886979155882,10.39007925236921,3.029326413689154,2.0197131852767436,3.9818417131492794,1.2495299496882273,1.7212692088209407
E-0020336,3.1161489131271694,1.555560992663732,39.0181047376409,16.288913141736515,2.8066414950682583,1.867206521949403,3.0549234828870473,0.8695917177873638,1.52394268743989
E-0020337,1.8271025037522741,24.439339373826133,15.148386495962407,15.74422262638736,1.260248419420251,9.683363829617598,8.86610043279989,1.1373654990966344,1.7713851056211722
E-0020338,3.081146465457593,1.9708804614807591,22.974577657195468,39.792456483943,2.9553861725699164,2.615375168073361,2.893184660450272,0.6475351603507736,1.7334131767031942
E-0020339,1.8995657192512556,12.33173627658855,7.1467451891100975,13.504434894081198,1.6389487260576894,10.432813784316116,9.019243065040493,0.848170902667539,1.680719161244755
E-0020340,3.1780600167908104,0.18777812943291036,21.719809974254826,30.41333858082522,3.778578203900619,1.4536891837772417,1.8306795804730436,0.6700493122001512,1.4134485662795417
E-0020341,2.0382608218810105,28.330877196721943,8.308077074295012,12.410152425836076,3.675728737133463,4.377195547055588,10.152898959259138,3.0770161119307597,3.7806187720350115
E-0020342,3.4028771329802185,2.2716208865655396,21.165995963584034,29.012113482927255,4.987874370407183,1.7515003646762735,3.7828097285481226,1.644998242454958,2.3392477742885083
E-0020343,3.500029779211315,1.1178312383568507,57.92407046900679,40.796729630098575,4.657666240688885,1.6869888146958232,2.8849796221485677,1.1307063489147613,2.1198153120235617
E-0020344,1.9867392077811767,8.206619109761998,12.487016162212335,24.245462802665017,2.572586319635557,5.9852259803591314,8.065435746174959,1.2288100264585848,2.2268562138840484
E-0020345,2.1894203519719775,5.843553602588492,18.070837087175207,22.519774571899855,2.780148703527946,5.856222391023786,5.793027168309993,0.8526095349674567,1.7539933667829384
E-0020346,0.8842266034974734,226.5340649917111,2.2977469280558966,4.1684521164487345,0.9599834022819914,18.35230356911711,24.68741662789733,1.3383121491917571,3.0424666621461784
E-0020347,1.4883250223006408,138.3096605872258,12.938928641610529,5.052446952122695,1.117725252205944,19.597079996908988,16.975365973346342,0.6780826995559098,1.8724829830271439
E-0020348,2.356782194658933,0.985476024306657,25.521308628492534,18.85978727929052,1.8339391905307916,2.4124875802307737,2.0798251125909144,0.28927813279153164,0.850192845186288
E-0020349,1.56254199722723,156.35002532275442,3.963764681542754,2.422841675955864,0.7658505379522607,21.59032925043619,15.5913765406466,0.9729143179910938,1.9810452795358187
E-0020350,3.3904154013955137,0.4535909625742488,66.2085719615618,52.49842917775901,1.6212033089189712,4.2492739054980655,1.9170756270848337,0.32491305376943486,0.5049161326708447
E-0020351,1.7272281942075605,168.75025255675322,4.845051234532078,4.977514798459826,0.4943766250106283,23.790243995037002,15.478619939408626,0.9081376338083271,1.5488653143731974
E-0020352,2.74087159221169,1.7608431094196773,14.561382646828092,19.953098201503014,1.6178448084431036,3.444123476396403,2.8430255625108334,0.33873028851904996,0.7767553299944768
E-0020353,1.3363060949891856,130.96362606816407,3.348018753033665,15.446791509614066,3.810766305717521,7.67981145933851,17.370773148023197,2.6573433031101863,4.3565223507706685
E-0020354,2.645952488023309,2.525779877974838,29.31624633805759,40.40474437490266,3.739441584617266,2.563897666850434,2.8223734824270723,0.5413040772225558,1.3270633197200035
E-0020355,1.4320811417314945,146.51361450570738,4.414390950759347,11.811205636721295,2.1363067144931276,9.089748815748221,20.331176233714732,2.2027794825438103,4.268112806546729
E-0020356,2.458221753927391,4.997482591120339,12.719151130876833,28.587093179131553,5.454175442122051,2.1331187150253212,5.244910877744344,1.5755621839737035,2.8979257644318723
E-0020357,2.1770831096818473,58.28181090414214,35.684843597362395,14.77589495382945,0.5796916829985693,15.3636832430024,5.496649218314172,0.27042809175697363,0.5528511872312827
E-0020358,2.8912872326814245,56.83403109449721,22.340139582700143,11.578261214669228,0.6478414113248671,21.228245250446477,7.406410511497792,0.4757857794097144,0.9245527678259994
E-0020359,3.5769936538572926,0.7403092356852581,75.47584977653523,32.53863719927166,1.42402398150505,2.9364169967170937,1.271926327781995,0.410927917965498,0.6518610264659227
E-0020362,2.235672941762096,23.491735388817496,18.596059724943938,18.191678259741604,2.4722306452762153,3.618600629018989,4.880178168336314,1.2238198470548396,1.937800969385794
E-0020371,1.0448323598134202,195.95695521336896,3.9784224098009386,4.152518019125125,2.451298060334895,9.015365825938499,25.761871179398753,4.677668340914807,6.989355742872051
E-0020372,0.6292786547064928,185.72255841700388,3.4617877034298887,2.84756388396292,1.0075990238931105,16.61577669977379,24.966964618251044,2.4130117011271155,4.077211433699842
E-0020373,3.1753165596963404,0.7364615745464854,62.02138020442671,32.808823869141456,0.9389258839946681,6.3042804501494825,1.6533876732672335,0.18272686421764778,0.21179959153938607
E-0020374,3.0992870476521137,3.760056434128401,55.51562520523925,14.83653161225699,0.35802909250217213,15.300154682846433,2.8863907086833813,0.15559744766398872,0.20120609772837988
E-0020375,2.496696880119884,75.84161164203607,28.92081627311433,19.20870146810222,1.0802685667231915,11.206476900872426,8.517168281417584,0.48991285186075784,1.2227850404829261
E-0020376,2.742954933448905,119.0989981552084,18.904217725419816,20.898481161199026,1.1370752749235193,19.27158439231066,9.569073436726555,0.6298685231860032,1.3875127050154568
E-0020377,2.3736205535547144,7.711570879522449,31.464053962195347,17.533821084467252,2.809980963617143,7.3498388179843275,9.356249761079244,0.4988603070169198,1.468100273156216
E-0020378,3.6106238706141442,0.3387828179191235,39.288602813616244,70.6307470672679,2.3846547741315645,2.3254986995434304,1.8076614527966726,0.4860239024791218,1.0407027663930233
E-0020379,3.4204208907755116,0.8040410610514462,31.67659676409853,29.392972600921375,1.2898020698199424,3.4425827184116815,2.357376557932534,0.328919472137021,0.7220063995810547
E-0020380,2.431144395250856,67.32027718504933,48.985493109489404,41.79151444312926,8.378557758655422,1.6893326993450082,6.483042003088871,0.7308967412896759,1.7323071951504756
E-0020381,2.5375595908939177,9.564753524581274,14.661084974001998,36.36359912739834,2.266944666259586,2.0341058156790375,3.3620619317138516,0.9309764736608149,1.5074860253107516
E-0020382,2.6209524975082537,23.763051745069703,4.44600579804354,31.905954717075552,1.848231587308089,3.971512791994464,6.239083375654063,1.215813189579371,1.618015150280401
E-0020383,2.603044209044708,5.561923220884248,5.761540292964917,34.18248187671389,1.655896627962333,2.500871276412453,2.8791628806623937,0.7696678337947345,0.8396214807327186
E-0020384,2.4178641561349403,11.10962466994003,3.721525128147596,38.37497199648214,1.7880973272261147,2.8343742865773818,4.518275974834685,0.9975788737828708,1.1855372837641145
E-0020385,2.348057518293624,104.75502335357044,8.045830908172512,14.696648524204925,1.520399601177186,10.775978366926585,13.697450610490385,0.9045248999805123,1.7436354960838438
E-0020386,2.768782860150391,107.72888000634043,21.828804989932486,15.32796339500149,1.7103321026974727,10.116602494962622,10.370191521643058,0.8542350662792477,1.3270062622815209
E-0020387,2.990255148728517,9.647201816130556,23.804627913599962,18.312508454645595,1.264573607257623,5.613086124689992,3.443399844572718,0.5101696762038995,0.9195665326301297
E-0020388,1.6610837650952346,48.13652311201267,18.28576607821351,8.616760056893902,2.8430752894905793,9.178351162616808,19.81118760793485,1.0815882450149739,2.606175143410891
E-0020389,2.6957994049146974,2.628220865244821,19.150314889545193,14.755762192577693,1.6164612661411664,3.3001026785551892,3.213935860476385,0.38219081330350996,1.2154010073892396
E-0020390,2.563459883096715,18.201887551740764,11.249586841801612,9.58139577205776,0.09099342541430298,16.6987324095527,3.3152495029226756,0.05672582892524443,0.210578327663095
E-0020391,3.5370539762879796,0.40213839671869944,27.217965739994682,30.446886130847293,0.7051160738304619,3.6680122525275616,0.8339578523461724,0.1127402762295253,0.20685489931854856
E-0020392,1.523553646610239,44.10211265026421,9.365130137326938,6.1040393350048685,0.8485678506669774,16.17547968596325,12.242461274582901,0.7526651126161178,1.5145591409603119
E-0020393,3.547885273029527,0.3210593171860374,45.69155096350947,48.93937623743204,2.9608973180203146,2.763106718254439,2.3771075953564926,0.38255777023134546,1.0682419036734416
E-0020394,2.0137557787679685,17.509755525638763,3.3085708734582204,8.253180956095884,4.808488003108391,4.06140522119975,12.965453676743603,2.71284438657624,5.425787958745828
E-0020395,3.5333128762898673,0.7896514937696185,36.11398845791709,25.8517571511413,6.4060834760933485,1.2298839854430386,3.428249576902745,1.3133005905312816,2.9735239727646006
E-0020396,1.9944265740777893,14.735491550204664,10.68373050340264,11.458629780922552,3.256370436528987,7.991554767636046,13.989516412110035,0.7611426667711696,1.8734475321783177
E-0020397,2.105573155152336,7.477618453441069,6.395628150076854,8.628310014662482,2.354424969266085,3.987583047644686,7.08457160948219,0.7910100894987712,1.8101589066876145
E-0020398,2.1040523880313895,80.67057902054282,27.76915868220196,10.009787367729036,0.4754829502388,21.63262333978163,5.68215521965793,0.26209886587632836,0.6918023562223069
E-0020399,3.47239615107368,0.2722260835588278,67.42891696267898,35.26295770214909,0.9749803305648405,3.088491859420337,0.996975897293894,0.16188348971304506,0.435215928431052
E-0020400,1.99053194658154,192.3530737954942,12.788207042010763,9.476697611088184,0.5466162852009647,38.582898744644645,11.714790502078078,0.7006794528867675,1.333760945980917
E-0020401,1.7272281942075605,168.75025255675322,4.845051234532078,4.977514798459826,0.4943766250106283,23.790243995037002,15.478619939408626,0.9081376338083271,1.5488653143731974
E-0020402,2.74087159221169,1.7608431094196773,14.561382646828092,19.953098201503014,1.6178448084431036,3.444123476396403,2.8430255625108334,0.33873028851904996,0.7767553299944768
E-0020403,1.8357158846741384,65.76110946453177,11.820677477786669,15.720830313053947,3.987401257040693,5.821300053976911,10.325722542934875,1.0945660772473946,2.2568291693199396
E-0020404,2.477273606636124,0.8680710272658761,45.8112315559282,26.92820861110071,2.975208684902155,1.6924431414814067,2.1747090747153592,0.7257910509014396,1.2445541288843174
E-0020405,1.581709068045208,113.51244350679103,12.194529053674286,13.604162179315072,1.6301671340536228,14.887279856743591,14.3349495086986,1.041609800771189,1.925487496084652
E-0020406,3.3168782925334765,1.0948965678678213,88.26407932793762,36.82289212690284,0.924728069043975,3.4537286723234923,1.1798353135627648,0.1514628758533393,0.362745675207459
E-0020407,1.5265172618622023,132.2255124858479,13.262407113661093,9.628733017736678,0.9150930687292954,20.19370914963786,13.330382441015109,0.43827241485012736,1.3231114593224302
E-0020408,2.8485766067438383,2.752499476072554,38.95069510520499,16.69644099590612,1.7114357244611706,3.4344434490320626,3.230301590927244,0.29303678350079987,0.7900749922326676
E-0020409,3.1031878971126035,50.46772684855106,18.827909496563198,13.570128159779362,0.3929274733963126,12.17345503168734,4.228725990674006,0.6137909380897654,0.5776738771926997
E-0020410,3.687816339189007,1.048018590313505,47.949051009093616,36.29386794291483,1.0521466039893002,2.346646555608276,0.9219347346075598,0.7392444681877431,0.5468931860628384
E-0020411,2.054484759638115,174.1386463442391,13.356977405175867,5.140307627146452,0.6298035805889632,22.036804366068274,11.128743208248455,0.8293635149707643,1.2151508602143313
E-0020412,3.0211210408042057,1.9264860297281592,17.39922844683894,16.10216519634792,1.515441799936014,3.4105028096555734,2.981033671968093,0.4349699405344968,0.688906793087582
E-0020413,2.1909742295080004,1.4687137221082978,21.704062223947552,40.333912547880765,3.760081077975899,1.685164941107263,2.580004461308698,1.0442363727904311,1.9349648123999568
E-0020414,0.5742972128985432,229.1274147981139,4.078821058875704,5.269912240117951,0.7031504652398961,22.13264780897143,30.01648195589121,2.473245086432792,4.225380922273818
E-0020415,1.8679380365994382,6.252210412442675,6.705505079281174,18.23594749192166,1.7872697636242714,4.429725025244604,8.21323193251538,1.3403739400221781,2.801690610391594
E-0020416,2.19086820686656,63.00435275333668,43.59051439765013,20.297647001116843,0.793005109865725,10.389877637003735,5.97970838065513,0.6416897799469594,1.231039759984449
E-0020417,2.894232984675576,0.6339257540079811,29.888938057981736,51.319154532442994,5.218590700056873,1.4170829730943575,1.9555885964262982,0.5910423284139337,1.3907886090906307
E-0020418,2.545351431408471,2.573101718698532,8.058058017102708,8.012303570351055,1.9756067172413558,3.8738014743099405,4.056649749679057,0.3882482422043386,1.333229648450923
E-0020419,1.8703591054532955,60.454115971073016,11.516132540689238,9.144204693897317,1.3264183129436509,16.38655027357183,12.656856541743826,0.41950548707305474,1.1092517430333912
E-0020420,3.4142955514835625,0.37553865474577564,40.55706551293589,32.04885148489955,2.102869999599863,2.579006328178162,2.311938833927614,0.2707821905313615,0.7139862891638287
E-0020421,2.511885977444567,5.5059762519237925,13.924195768654513,44.3185237707195,3.9080206159802438,4.675642651619707,6.200958833635839,1.3515807567940703,1.7997369180179652
E-0020422,1.5266479606885617,9.729348962467633,5.011317429805897,12.011369948801947,1.6238888461710186,11.992414776679064,9.189551121722344,1.0326107279027552,1.5763882370593807
E-0020424,1.6757110002721503,122.12061281336511,10.360364127578647,1.1363759827959388,2.001121793835955,9.61729300940932,18.20140665311777,3.330282352573662,4.870169995785238
E-0020425,2.342105304802799,20.98974406019303,30.613606368142086,19.731841008866827,1.6346368535679896,4.579938924641192,5.436842099385384,1.066954726034681,1.814323621797133
E-0020426,1.6755990913439156,55.90094219253594,9.650214234098147,4.042050173889332,1.900877117518249,9.786854740811567,12.510369803748176,1.1312072689928128,2.2897024948562925
E-0020427,3.0089423876735983,2.116960253960416,18.28102925120989,11.774444838525067,2.401493497490768,2.4521434879766044,3.2662547924478336,0.9080422028152365,1.4900131983177844
E-0020428,3.0089423876735983,2.116960253960416,18.28102925120989,11.774444838525067,2.401493497490768,2.4521434879766044,3.2662547924478336,0.9080422028152365,1.4900131983177844
E-0020429,1.611466661295049,74.6263680371291,10.700633113827244,2.8916909434308864,1.35524933945681,12.617131150725195,12.67542614980412,2.020397140012239,2.5068431680376446
E-0020430,2.8636013329692322,2.0039907591900983,20.90749972500582,12.916718059235468,3.016418081149847,2.456468573462869,3.6760556459558105,1.3848102567422476,1.551180919585972
E-0020431,1.7780332099540384,201.41452039169715,18.083338315960496,3.560358878098167,0.5346198827888682,25.240718279865103,15.215665421289374,0.7420015257661083,1.279158626185798
E-0020432,2.658181396117622,1.9216269086989515,25.645295417177042,16.69818686091185,8.38901400886383,1.0644852507158014,5.702724347400239,2.8617288202088553,5.065290017693279
E-0020433,2.7459724376183465,1.1708892925702448,228.5830957323767,30.392791723614277,5.895269653529667,1.4428514013622555,3.8873299423900827,2.130556494210896,3.405480046978797
E-0020434,3.360054496814351,0.7281453925148925,319.91968627475933,46.58893445067757,6.942498445887297,0.8229186550324279,3.2025020679017864,1.8970576734021354,3.301800869598981
E-0020435,3.320186055457193,0.6110375814819697,107.07313945995381,19.39698634356906,2.268458414554811,2.102299954292703,2.005901649634498,0.8405983801493617,1.3961525072213445
E-0020436,2.3663000601133994,4.437323917339073,17.93254522628574,9.564499023360945,3.4067043528989815,2.398922249663994,4.584717117594482,1.0630965047628413,1.9474686172475422
E-0020437,2.9890983136476175,1.0625890493132253,71.65672832759842,20.686238913527298,1.8866909649385015,2.466662358457019,1.9469331364976459,0.8439125670019265,1.1610143287291295
E-0020438,3.0332207723825526,1.012398991213181,24.470631869277355,47.194598563434205,2.8236538932138933,2.5042471233361137,2.7361174014777307,1.0871912721278405,1.2757246143842658
E-0020439,2.968705673277492,4.4070636715386025,12.602700318428274,4.354633005871835,3.248156832512752,2.851979484915707,5.943092632018924,1.3725543176366202,2.562709543390094
E-0020440,3.4092800013999915,0.6437007647653442,95.27605113620142,37.039348465669285,2.1255056781423276,1.3487079140767575,1.3991528329819896,0.8312184269866842,1.2002540743091603
E-0020441,2.2100494615179183,55.03450296145789,18.98911906298611,4.916808893678351,1.317745868641704,10.087399252435134,7.37176620067846,0.5548554868622583,1.0591318069550373
E-0020442,3.46747800172769,1.333227851037624,59.26180774343122,11.728816602448742,1.5780235950869994,1.7593438728134738,1.4536781620149701,0.3748547964251054,0.5725497569821649
E-0020443,2.607230812845327,21.501155219106906,10.45609390880762,7.4578407724092255,1.1709683822324919,8.98568520411459,4.384069759064672,0.3659523396793011,0.6898412814892696
E-0020444,3.2086435226473955,1.0531363693049163,25.61107611718925,16.58156170994164,1.4514859537414013,2.239629921179743,1.5441123741010199,0.40755887891620984,0.571036199943969
E-0020445,2.931960589557768,1.1524257864379515,15.368177567677467,20.321941005545828,1.5639189973632073,3.98718244840875,2.945380727500275,0.7681796429145087,1.3099675097635304
E-0020446,1.1453902335847632,46.199585095194095,3.170728209325016,2.508307152131342,1.1627738709258846,13.308288047164377,17.965601731445123,3.768304363900239,4.43614637376167
E-0020447,2.8933665779038145,2.638524917333838,8.358931275337024,10.783826622045781,2.051872363680756,3.76167319354565,3.7091867495443847,1.0463641153443513,1.3257131610372759
E-0020448,1.611469879346426,67.77414216730881,3.0018480650366697,2.31313137429758,0.687367050516739,15.235522262673355,12.903349273085638,2.3470002330663395,2.6667673289204923
E-0020449,2.0089452239008025,24.36339441968978,6.391312553716707,7.110279982948815,1.7516389983295177,9.709307360081938,10.53566636846674,2.0848056437742635,2.4277352237392744
E-0020450,3.134759593777331,1.9249785200825713,21.24274130360089,17.462077747253385,1.8409305533307416,2.8971339276284094,2.318267400429504,0.7658667789441594,0.7629011247362864
E-0020451,2.061219082892795,50.38995713180714,9.559337005106526,5.995203030880971,0.6485845403034692,14.865944296683251,7.876242261249941,0.9986715449268541,1.152913346313387
E-0020454,0.820393905266464,182.4655040029621,1.5197064346140834,3.0420316022086333,1.2861210932018026,10.980734161879955,28.02554473206161,7.5962983209267785,8.685920950094575
E-0020455,2.073072926791975,17.427395267242908,14.383403910735039,11.591134063105173,2.896768434372824,5.639529279264313,7.963163149103175,0.809807382827258,1.7158293993282026
E-0020456,2.9490301833679733,16.193929603732748,13.314474054909907,20.418836071683668,3.378495815191918,5.518473097455159,5.969102455065122,1.82275029997075,2.172553804723899
E-0020457,0.43874619693090305,98.22880207795417,26.41600124324782,2.4226472617174717,2.120753011207488,9.139202746568865,29.92209078078311,8.061678688173503,10.107076622159127
E-0020458,-0.459692368205112,119.1205278015006,17.060489621803733,1.8935216438580857,0.9276492146087816,11.229733011074273,27.846939243883483,9.298166595778836,11.307402301428617
E-0020463,1.2890228493503322,239.06933674762462,74.84881321376363,7.478853687068257,14.273850184240807,1.1855552784477366,7.1241808353075005,5.5952054406062155,7.8787801656156065
E-0020466,1.96318063290568,269.49900245399857,516.559285989395,14.367851101230018,16.6781193934331,1.0612578848403957,16.23736812859716,6.262440416991459,6.133170352611839
E-0020467,3.387301212217573,42.21883982270232,470.37637986276326,8.865210560784563,1.433951840986175,1.5189435780360452,1.2983333855134498,0.16443385984604972,0.6754842542719572
E-0020468,1.9936689101215854,20.987752250341956,13.78206426292724,11.525401320958204,2.0419346304751222,12.221856993115475,13.86143043683035,2.7454890987444025,3.3012016857879725
E-0020469,2.803092766422675,1.7098246267458699,36.519649256769696,36.146985282153935,3.308082582885939,3.2177548419661237,3.906011568548739,2.0084231706342957,2.0196303890212883
E-0020470,0.6741966223346235,151.81508381403424,3.0376443834598765,1.1575720428676621,2.8809535929911827,9.012411766657033,29.054925250372627,7.4022161448106925,10.205066003025104
E-0020471,2.269623646086435,72.43905929958763,11.451006532041802,4.376059653084687,1.654670398012937,8.828279148808887,10.016105121270922,1.1718548511512084,2.002854753278014
E-0020472,2.269623646086435,72.43905929958763,11.451006532041802,4.376059653084687,1.654670398012937,8.828279148808887,10.016105121270922,1.1718548511512084,2.002854753278014
E-0020473,1.9204189866155132,31.812918097304852,27.999935028708443,27.027060612334147,1.963919626289679,5.32584402347524,4.106298060638696,0.20454789391667216,0.5134030165399094
E-0020474,3.156638829261006,0.7248785115246831,48.11105810480909,57.69704942457245,2.197206562303837,1.8944523752219846,1.1268764754846923,0.27756246528833567,0.5130308440131751
E-0020475,0.8146800809002367,129.77204712487813,0.1374978045942361,4.487631788987922,7.946974851805995,5.000372317304748,43.259965077951264,11.166244082146607,18.696596576535153
E-0020476,2.628874560438532,4.226875566116502,41.69182195008036,14.552665859049892,2.5553072814528135,2.988651431818009,3.7845695893511175,0.8590698745848279,1.7711674688860939
E-0020477,1.647152893419534,32.65409570571187,8.491823812548631,5.061840182319191,5.297889931206447,7.207989930525913,24.788875362804017,3.015958522138777,5.742844233736816
E-0020478,2.192589694920734,48.39263956176127,21.753381336786717,6.072548526383063,1.8174195086364402,10.845494263276704,9.843236742048282,1.1900459152722471,2.4938456413829404
E-0020479,3.3207605261108246,0.9424965254293788,27.764208479450108,18.010523334351532,2.35846721827221,1.5017007578142296,2.152937072986462,0.8442324545789736,1.4042173514988416
E-0020480,2.0135555493317248,66.55818137732855,10.260195672259181,17.791145075217674,9.903202842968,1.5244007289322818,7.753677374585076,1.6581549483003015,3.076121089080028
E-0020481,1.830529807569153,105.69991539797172,19.132136493282193,7.3860878147881985,5.580300367119896,4.200711011848032,20.147818968199136,3.2387789107049847,6.17653422876823
E-0020482,1.8460746610602794,117.34360763073347,14.365682262889223,3.7748997068140966,0.983945892604975,17.849575611024292,11.98634063108808,1.3108656886441783,2.384032578417956
E-0020483,3.157557066023809,3.923510922322188,51.22014352828322,14.897858311144342,1.9771548904889236,2.795640728542216,2.186632135840473,0.6379179785930357,1.036389398918676
E-0020484,1.1245941967307005,24.210631671248713,0.5189919332716268,1.291967473199319,1.8229957350814614,13.223742922772061,19.068976561838053,3.3755020708092887,5.51263027479748
E-0020485,2.977863532296403,1.220540933424028,12.282144608063344,9.542211048747868,1.897220201042641,3.4086891829494257,3.4139051211330846,0.9374970851881244,1.7862423851533842
E-0020486,1.5890275759769497,39.59400988742691,1.1163357699065857,1.7379833970873224,1.221812478757553,14.504241104922762,15.47162616827239,1.9692301930628535,3.3854603615269494
E-0020487,2.1562729828913483,9.51577510516192,8.332260379030599,4.155655005046465,2.6219445147143077,9.179959973098228,9.9242356125737,1.4821685663978001,2.514688080068414
E-0020488,3.3707774462591025,0.825554967320444,27.38607208899702,15.472380275132469,1.3618644397395847,2.4640767209410392,1.7028994744070052,0.6209661477731414,0.7600587951339246
E-0020489,2.238735282177729,28.921186848469016,12.315514596408288,4.707472027778081,0.8366867056332883,13.037010418986883,6.791884853048143,0.6053691677116896,1.1422040423075226
E-0020490,2.358117559145197,8.567897990602201,13.63941453788472,7.298596541309473,2.802382053836526,9.203753736308483,9.45321454807469,1.5531974246637255,2.3983562123066555
E-0020491,1.4806985674701192,17.279663587116552,2.550070470577759,3.1267446772371783,2.0334156688205702,12.80561196938034,15.880185673539204,1.9019021470689244,3.37077333448869
E-0020492,1.6874984103448618,17.702170849522034,11.065838029981379,4.338919716007852,1.0937558336277664,13.984899804200131,8.42420713168822,0.9562420132711393,1.738038755836674
E-0020493,2.3379154493710868,8.644387020845597,10.15428777828945,7.356347046986016,2.5037905684111648,9.067860794491942,8.088430074250322,1.020128657578568,1.6917109265813977
E-0020494,3.1984303823325244,0.9771402671267797,16.39047419724483,20.614890168817745,1.3054353230011577,2.9306736152610027,1.4272489438313927,0.4704775097044746,0.6301001477024164
E-0020495,2.3644385866516067,14.123548007518552,11.270644763723425,6.793017585430597,0.9759721531216636,11.648668432886758,4.4957214041491,0.538130863533087,0.8425797625502925
E-0020496,2.372012837897768,7.178100763830116,9.694773978226403,8.557211644401129,2.421630644735169,7.717020375863069,6.6323462325615115,1.0066579495297696,1.5782589157420859
E-0020497,3.14629155274771,1.2944321094909381,32.94023547595512,27.3080268913503,3.201101495943931,1.620096367559904,2.754436580135458,1.3246525116717398,1.726667041351972
E-0020504,1.352313208189061,144.61354160337487,3.598808487511657,3.163000934201268,3.971545296261806,7.270101044432312,21.455907802065425,3.6122567351587707,6.261658266279182
E-0020506,2.123583275418747,38.55398723740039,3.226277008178432,18.231823420767753,4.644105534843688,3.2923654980552066,17.162690263635916,5.351379651126642,8.233045366961123
E-0020507,2.4650654894291946,8.962907490639893,40.479334856200396,17.02222353016324,2.992592823382685,5.4510255777212056,5.0878052952306225,1.1642298568566603,1.8325703311674686
E-0020508,2.4050254882578357,5.520996080772952,38.58930134690208,8.924041366335121,1.1690489876188566,10.253054021629154,3.642903794730517,0.426059271086353,0.6329469842511171
E-0020509,2.0029970428818062,6.845989575674528,58.68366559302886,8.707858891751357,1.9876262699837188,9.188267894771153,5.244087439504785,0.7033844289543453,1.0141945838843245
E-0020510,2.402096463864529,4.938552383130318,45.03631275204841,8.305635665354535,1.3395515446961297,8.166624249208406,2.683157328673153,0.6232928842968175,0.4998394803948456
E-0020511,2.168844076057555,8.521132532079564,29.69378910665058,10.503605568702335,1.4257693090827834,9.085353494760396,3.7813611148923973,0.6168827949089468,0.6307724807187192
E-0020512,3.391617411036103,1.9273283870435136,35.68397923481991,24.11804197130386,5.541018128859274,0.9175229811082308,3.4868262443790803,1.3938042415798666,2.774016273409317
E-0020513,1.6021863208374656,80.79298187574567,22.028514656981635,7.114839385511275,1.949193515967631,10.879360957268098,13.115439547731238,1.2242549063843804,2.421893015640946
E-0020514,1.7744568678486872,151.12416017578008,122.71876240855333,4.996827404986185,12.438608258020048,2.2512492175496153,11.570618003742055,7.439784450764581,10.705706010521665
E-0020515,1.457581189131183,70.06383953608058,129.58722163541626,9.630096933904987,15.719299636547209,2.5609145535554205,16.065015861384914,7.893927686691621,11.704415996294124
E-0020516,1.5799120539639342,46.48890308684085,175.09418816711323,4.511541919367584,9.879663918113513,2.9018983043288964,13.820185420141401,4.331363459721417,6.118765310243931
E-0020518,2.8733448077786687,204.2572912729934,312.65531566978353,21.79777430798797,2.893651352073511,1.7812527793824113,4.716242920558092,0.887129572945064,1.7963629754861221
E-0020522,3.5038788253481328,0.4707807937069778,18.25129479202502,45.244275490436436,0.9931677211755545,3.724906715692082,0.7360026392541859,0.3758630773234367,0.4233598074461778
E-0020523,1.100342078519245,120.3378858502944,4.690787499083896,1.8119177886718487,2.284108566258184,11.751159826648006,30.392210992721797,7.91281870011236,10.860077650469561
E-0020524,2.161802152060678,7.2088690767646115,23.489872676934098,14.674923230668863,1.1947712464889855,7.898330087513431,4.300575942464482,0.405284957572787,0.5436013931912788
E-0020525,3.414225641357892,0.6116453211572959,80.06628391165943,36.6755067654727,1.8424217427877172,2.36403296641412,1.197636233692318,0.5399814396756676,0.5048220796147307
E-0020526,1.8323789288947718,44.935631684254034,8.35004254083447,9.539709136746605,3.735772650772524,7.216899726475637,13.318938178401831,2.183559681055372,3.4070715603202104
E-0020528,1.6280208802798541,12.421470798902307,108.96478484431616,9.336436392566444,5.643494536218591,5.217278427740879,13.118835585550817,3.1659856894630485,4.1226410661520765
E-0020529,2.326939776969172,7.84761960507151,73.69541550281355,16.192098278284906,3.5414806802019068,3.8088131697995236,4.575458885955616,0.8919424478630494,1.5940284577397097
E-0020530,2.5705837630446444,4.294528550424853,29.328203315374065,11.282465278325592,1.2023194637151284,10.068736732347705,2.827605704291154,0.4844920082629661,0.560730213844687
E-0020531,2.117807130607317,12.473823841299641,98.04536122199315,5.095065591302548,1.787426160558834,10.44548489891474,6.288789185516698,0.8949945671387357,1.1355779314635206
E-0020532,2.4697094662611665,8.59306060025572,59.89400230318163,6.410618172948245,1.4765011926082108,8.215551433307688,3.122025095890546,0.37746564673268596,0.5267143222197214
E-0020533,2.900798109466288,3.15680654194701,44.57046582847481,9.772599550280763,0.7297000001029914,8.543520881980818,1.72692810631429,0.3069831550624013,0.38163542450019095
E-0020534,2.6439567950370497,3.6585432151291237,93.76060314840404,7.287016055736853,1.0837106541347465,9.477923066524307,2.7847733617032913,0.4100694314316189,0.8147295554708591
E-0020535,2.258858371230763,22.7758196703901,58.97448745699079,17.91265202089603,1.848687713862339,12.849868758888219,7.323710119419607,1.358539118007295,1.7274533081117573
E-0020536,1.5340462793867478,53.79525583908186,28.948107401068413,9.712476561626383,0.6742459553121899,22.791543324181774,10.489647862520723,1.5506300492462104,1.853194637697071
E-0020537,3.0786399706200602,5.858423482967716,38.90185650920597,31.019776022245843,3.1633865770438083,3.781095785669373,4.899242254159488,1.643152395415634,2.1919670822139894
E-0020538,3.4329657588709184,1.9456875393193163,147.53661386374068,67.44158229254414,2.3238902144347624,2.0475273087658983,1.694651975676557,1.0736977796311507,1.158975442653791
E-0020539,1.6720544195260392,79.65352667138198,17.158236798363053,7.669480870331359,1.3130794316069394,15.25545516019871,13.231321073819798,1.8241524443924209,2.670788511692913
E-0020540,1.2820595678810809,83.54312770050319,7.5888836940300175,6.4594176525961515,3.300740102342469,9.794185940091946,24.877884873445183,4.481337955321536,7.607828329433137
E-0020541,2.079655465555684,20.511345148100066,86.38206077021343,10.302270905566406,2.129899315953807,9.510489820812705,6.317789332575152,0.8025404784870822,1.1826037771806177
E-0020542,3.45929088880778,1.6591630452878243,239.8738021145178,34.4243126941333,2.345179120015466,1.7361812766282967,1.3684349025836369,0.7952718145900589,0.9914985509470332
E-0020543,2.418981699260977,3.6735935968706763,26.993229478859472,19.371570558084095,2.9071016229603477,5.469048025589323,6.114962611407495,0.8424014577461459,1.4237278438274648
E-0020544,1.8125721683616356,181.6501994147796,29.935865688302734,9.113614318462412,4.595625030908816,6.111047854479475,30.38867348466029,8.742779955293335,13.09963700382396
E-0020545,-0.3310383933857862,228.1648052290953,19.4229046605698,5.656215929164847,5.7473837749228265,2.6831524514347267,42.273326913085256,39.01754837268663,39.053777768071846
E-0020546,-0.6298280490894782,178.87174348761965,12.655770710603717,2.338550201322803,2.978750619869355,4.995071800401625,39.228185289420985,27.75480838794044,27.752733071713564
E-0020547,2.3389334594931857,8.212369785305254,223.0134644466151,8.613857816408226,9.156301579878923,1.9691265118698547,8.314802851174273,2.5279532322020914,3.0530936386632788
E-0020548,1.14704264703669,192.80633416525183,51.021388446813766,5.026433239385923,2.4871414813547674,13.210887144988822,19.379276428390398,10.586221503029455,14.548525940311693
E-0020549,1.3133777724019442,251.82400366804583,65.02673172114869,10.182504241971765,3.0943323677018917,9.075471539193302,17.114893489778126,9.884944163403343,11.117985251407292
E-0020550,1.6450736322398285,217.18763524506468,74.34724151557681,12.87891083704828,2.5656128311119604,10.616033958088963,16.97486612682894,7.964905005565668,8.149451420251374
E-0020551,1.4396710180129728,193.07040389964956,95.9775013516134,14.840112133497131,2.4639055934092826,10.78620805523564,15.36319110923393,6.541228457440978,7.822850117614467
E-0020552,1.0790083583046726,187.38351818209077,30.903054118412594,6.071925882459299,1.5804915755459812,13.606314748971831,20.295437603986855,10.710736947678384,12.253684402723747
E-0020553,1.6600204251814916,204.327799504091,185.7367360317178,26.67617490743269,3.496323671253653,8.131095779641333,12.102824010186364,7.010964215240549,8.750013341992016
E-0020554,2.0737724097835817,75.95274889216105,173.03099115907082,34.55939632486259,4.251999169166848,6.63714065763587,9.845954444872442,6.45320539776516,8.079199405222502
E-0020555,1.6957736294564283,192.87453118466786,44.116495979091695,6.804392753383724,2.720918536229153,10.386041866690604,11.759275753272606,7.287835306061829,9.590429784395845
E-0020556,1.526889349661867,187.34149231383984,45.75696059113151,7.138713857720614,3.6406530566032838,8.326278821320901,11.229551064654,8.100139222268105,12.608631485007955
E-0020557,1.7344229917804643,142.60644129657416,115.34523468820916,8.978367494575233,2.888716971566752,10.3598844237077,11.351800913676684,7.531554313379424,8.626065921735938
E-0020558,1.7655658602985052,199.5264416081528,266.30056279711863,34.88274201346903,4.142604188307276,8.83204035778025,12.552049541914466,6.265480669864939,8.143482741645968
E-0020559,1.5100890328166525,196.48261218537343,42.80907897583124,6.3892817353827205,2.330282910662288,10.787862696536868,14.405549179811882,8.58673032955458,12.227504180083919
E-0020560,1.3036191306914546,151.15886508797425,36.34313529019525,6.460108703566578,6.31425807313702,4.60560695406702,11.639803925941923,11.558632627899659,17.997677322393606
E-0020561,1.9159206623379827,72.88449784601761,114.97268654911838,15.71941284275117,6.704109598798167,3.6994949304664972,5.137349157522538,4.084803004585884,6.814962357534977
E-0020562,1.8253094630122089,114.9442327062978,93.14815741839583,6.49889518012322,5.4342355342453805,5.478444519515457,9.509059226727878,5.899341206400533,7.649607872526264
E-0020563,2.2936703553498594,230.36640614191276,660.5772655301591,16.390520014120543,8.67036756307774,1.073905470136166,7.885635576707067,2.842989100950571,4.717142981690589
E-0020564,2.042358676953444,190.0876144598053,133.60265522381513,8.12321223504756,16.243675528056198,1.1067968754129838,12.51667559879126,5.133654553938219,5.924587132877575
E-0020565,2.1961610791297517,34.9019723530528,15.22347139991204,8.83775693924983,2.001192496891022,8.659106564832165,7.622398177847473,0.6048109058227572,1.3318467770062608
E-0020566,2.4414742121537962,6.309038628834408,107.79818989367247,49.08766262581059,2.551596611110502,4.659118770796096,4.003955522923569,1.0840726835671162,1.8197172337184662
E-0020567,1.4072408409866748,12.433657316531571,7.125285109029086,6.205970624559246,1.6668888018470351,12.00338608918641,11.811684150760762,1.5077357976219217,2.1500226315480018
E-0020568,3.080180758803632,0.5216955045409838,31.911474967623114,31.337216305580615,3.407554983000339,2.1351707405513367,3.385013154735226,0.9631671685735687,1.671404779436189
E-0020569,2.214733370392579,13.228329195635414,33.464905645359615,8.210345933668405,1.6259243043354383,8.297577576636119,4.036862669883072,0.7425901218370513,0.5693563367358015
E-0020570,1.266402682328715,131.9870531695175,36.621590578881126,2.80617500316319,1.6850717558233899,8.918525430193824,28.89054736764158,9.615055255430864,16.819692429475356
E-0020571,1.5246489999772788,65.47599460877639,95.06198704957896,4.302588432554687,1.268834337675354,15.56304102993116,10.336385282514817,0.9050429475601518,1.389467265568286
E-0020572,2.107490003987102,25.22902712516527,53.069155487875484,21.090952457453895,0.8744332484473791,16.466368510003885,5.856852390212672,0.2952126038018964,0.7952530143387779
E-0020573,1.6753490683919698,221.02407182780644,82.22966253166048,3.105071681108355,4.316301648982128,4.94134010922164,9.572165325930984,4.978890899263515,8.394788030871085
E-0020574,1.571064492629534,145.44376333739916,187.50679758062554,4.705042191215316,5.124327362851207,3.5260942020913397,8.486166426885106,4.3226920250498555,7.703700661582511
E-0020575,1.573332731051434,140.5885834717057,175.04405407617784,6.28065839983586,6.576332390385836,3.741432638904784,10.32858738684905,4.423152900598456,7.586632085038111
E-0020576,2.1244338026710987,38.024665579817935,173.1324274441079,10.051655432668552,10.675217280790196,1.9301823982891855,2.4917152204529516,2.5308632713648813,4.867117163241172
E-0020577,2.1244338026710987,38.024665579817935,173.1324274441079,10.051655432668552,10.675217280790196,1.9301823982891855,2.4917152204529516,2.5308632713648813,4.867117163241172
E-0020578,0.6154145911605161,226.99252976007693,90.16469463369205,2.400807033192622,6.391012477525569,3.967856529202745,17.23227724773301,8.353737089887755,15.897273796855428
E-0020579,0.7371564578954899,200.24220757838867,36.77553937385742,2.452830619351079,7.732598958917875,3.6952475744002133,12.421323355542482,6.965874409672398,13.235000314756439
E-0020580,1.286850927699436,225.55122648380575,107.0033858287891,1.515864399570489,4.4626224076180865,8.145242161936018,13.661756869539467,7.330176761160201,13.42182390230845
E-0020581,1.883331510925749,213.8467260679842,565.774084833591,5.9094682963601315,17.16596676777627,1.6223589976666464,7.2746950115144555,6.14167715251753,9.804256517231414
E-0020582,1.2304905876659054,179.72873555054053,96.51210928213939,1.7666130194697376,3.155268637686199,5.887289486421382,14.540034517306028,12.301146446215885,16.542796238333622
E-0020583,1.4928053942540749,225.32603990541125,38.67801544963963,7.731810117031253,5.29036999544392,5.194624924675708,18.50657453971921,9.176649465582367,14.202812584446777
E-0020584,1.4928053942540749,225.32603990541125,38.67801544963963,7.731810117031253,5.29036999544392,5.194624924675708,18.50657453971921,9.176649465582367,14.202812584446777
E-0020585,1.061068236472655,193.85798042427578,89.90092376421589,5.16801046796669,1.5117242719406974,10.116520984327517,21.142542830019863,6.970073922210066,10.192183892290842
E-0020586,1.4292292254981807,226.31252254236827,90.497710474971,9.599027013490048,3.8320789707932463,8.007140418004967,19.393439245254417,7.99001651111091,9.14214408580099
E-0020587,1.4292292254981807,226.31252254236827,90.497710474971,9.599027013490048,3.8320789707932463,8.007140418004967,19.393439245254417,7.99001651111091,9.14214408580099
E-0020588,-0.3777497736773231,132.44831415061432,12.602414885753015,1.9694672545527052,0.741020737363634,20.961888772639195,35.341243698792255,11.135119663858257,12.871190838913057
E-0020589,2.442273871432067,34.60327173939611,121.16342373575918,15.447596098854172,5.637724874730825,2.757965039136139,3.0443837771801743,1.8537790360300908,2.550075992555143
E-0020590,1.4506268485656626,236.4436099388904,103.85632321215563,5.688087553655569,2.4607962313054736,10.548628742611433,16.13769077701467,9.529003616537189,11.199809416725792
E-0020591,2.38058228473301,215.0145873722082,192.1414168707505,56.695733998807455,2.8173261686238584,2.4278635690868935,7.925311619015098,3.164604805149948,4.408633867019392
E-0020592,2.097461587933677,172.68237732019406,93.5980372775438,42.45478096844853,2.9971093163085825,2.4711493594746705,6.880313610757712,3.198087247370064,6.140303395144257
E-0020593,2.6665329843499195,199.70887806709058,234.84374651067793,28.75348800192128,2.8928980507680633,2.1210895453252645,5.32320982005012,1.4969946634787252,2.7963778314219234
E-0020618,3.106676169589669,4.764767129040271,56.57998616329188,14.581583112513103,3.2186922059107945,2.9056672947982647,4.266689856212098,0.7963474359671372,1.3475355534673856
E-0020619,0.5029816642524015,222.62030311165913,31.524771639834256,3.7355388814148194,7.399321422922427,2.4743117497879035,51.073773596165374,46.966593053591964,42.70136335361217
E-0020620,1.6753490683919698,221.02407182780644,82.22966253166048,3.105071681108355,4.316301648982128,4.94134010922164,9.572165325930984,4.978890899263515,8.394788030871085
E-0020621,1.571064492629534,145.44376333739916,187.50679758062554,4.705042191215316,5.124327362851207,3.5260942020913397,8.486166426885106,4.3226920250498555,7.703700661582511
E-0020622,1.5665044523613627,121.15371368613579,151.23509495430918,5.50647579059434,5.799329375837977,3.1077494631414404,7.492826638887024,3.5194093893260305,6.044888327229651
E-0020623,1.3249790437458846,222.5443404703717,137.6284703799157,4.126739579978045,4.031849126020301,5.46679869701113,13.46159252221816,5.963606839617762,11.391337569029714
E-0020624,1.5267713488940688,195.50576557700248,96.70853521861589,3.3976593404606685,3.409455033980113,5.136775125202455,11.519297240180668,4.8660144037372755,8.33954973762668
E-0020625,1.3636325350093275,214.24888839926842,93.47902742050967,7.7221180815314945,3.919939648307021,4.075027138412727,8.449615913704946,2.7464001502512505,5.504426175640888
E-0020626,0.49503067103068615,147.3245446414053,43.04816650813829,3.627204101599291,8.50181490702828,2.300077438953013,62.85552335637902,38.889792742353336,38.630145927257814
E-0020627,0.7467385147922398,226.1875936122037,64.31409112692471,1.0103018593650694,2.4725901697706254,7.927889716451715,14.88464078049535,9.967982283397761,12.479201301482878
E-0020628,1.9835312777417595,207.01069742556356,254.31505517163416,3.247688814763622,17.635471654313918,1.5435738248298636,11.126134834888832,8.126232623984889,13.198112937296829
E-0020629,1.6163644574363605,167.90194523118944,417.57931857925377,4.374088981144878,13.12900086656419,1.9341818983364187,6.350183385785521,5.6992389154294,9.492960325958036
E-0020630,1.0529419328605871,189.15508684796242,40.764342745307324,3.4561622156761227,1.3959444896739825,17.015856778840472,18.634390924089292,13.221968056074907,14.7783538879111
E-0020631,1.4473827749376242,242.6658368266563,55.11291517981411,8.048304396650268,2.599951912185374,11.238831045090178,15.287329852071618,10.826797681683336,14.838928882300769
E-0020632,1.2786559864730656,194.55214353585583,51.70077072096869,13.741088857060179,2.6449026748710263,11.039536580091015,16.565811960254084,11.237354762845424,12.4227088675949
E-0020633,2.2840340708156446,29.66252899508856,142.7868343221307,23.061651607564404,15.309426564480479,2.9382332047934625,8.778996924672224,5.212994763967298,9.229216225515904
E-0020634,1.78809353652142,61.35940270390549,112.44294051459687,6.27727789703819,2.997762024690493,11.046747709844919,18.789744595079608,6.994635189802968,14.192208175125591
E-0020635,2.136665700759237,73.65617920499061,291.23258639507554,15.292083235212663,19.90209909286313,1.1990764625358434,7.968525960885522,2.3560892996525946,4.580078398782199
E-0020636,1.9369767718554862,205.66087322958475,300.75786904489087,11.60572122419393,15.172277652024135,1.4083247414357896,8.809096559850936,2.18354565489047,4.2647297349055755
E-0020637,1.9369767718554862,205.66087322958475,300.75786904489087,11.60572122419393,15.172277652024135,1.4083247414357896,8.809096559850936,2.18354565489047,4.2647297349055755
E-0020638,0.04248760653875446,131.056050494623,17.41918629820226,2.243300225204367,0.6902494311822158,19.19371856829934,31.657699796231547,11.129833921131555,12.114726965186904
E-0020639,1.2151945192256093,74.6645461142213,43.06214143896303,2.232578351165866,3.468873052107794,6.818449487261093,29.19175212225818,12.502089848955254,12.814234508935282
E-0020640,0.38618236627671515,134.9852622136391,30.684306527879187,3.0520303035000595,2.6691176282668163,7.921974780459962,35.004077988345514,13.933219459435497,19.879672064143126
E-0020641,1.852261893521564,21.40071990727634,21.19841956679429,17.300186572176152,2.065437787815011,8.489286108453362,8.92047067435212,3.42680268008546,3.8464220712686163
E-0020642,2.084322742157812,63.72361976388101,150.68755841968925,16.961433663563124,7.944180647994367,3.872811439749958,6.169502188866066,3.7709190278496685,5.943666063392064
E-0020643,2.009154502308866,191.51762317467515,155.49607964110103,17.971733970879438,5.177183896971307,4.877177690280054,6.0715600114545145,3.2878566467006403,4.57593357771426
E-0020644,2.0279849560425314,167.41526434626485,254.34146094406185,32.81741530240879,4.527657990659207,7.313097327317478,10.702442856204117,5.730149592115645,7.5905441001363245
E-0020645,2.546794892765441,21.588837150003023,133.59174550567295,17.210480472466234,2.7824015152531976,3.270187646083328,2.1216433585417454,1.1329961415398269,1.5458558878028752
E-0020646,1.609073978334004,251.24938499538453,85.20441891784805,9.614496651865986,2.3476758308586088,10.035237677473788,10.052174557715315,5.400857107957286,6.74363881655829
E-0020647,2.374521873909893,15.688207997834132,86.06283620217728,37.82602559026045,5.115896266453294,2.8316693164213387,5.207494499600347,2.070162759701579,2.7971202903994805
E-0020648,2.452291767861749,183.209553227042,161.49459603119163,38.31133118385746,1.9211299749839053,2.567624990231957,5.8881803112498385,2.0534658390229006,4.523405758124018
E-0020649,3.3287014209307366,6.695281613793311,204.87514185682502,79.3448888341419,1.7985783719120148,1.4441427061482917,1.2320117705986682,0.6907140926508888,1.7021135390379691
E-0020650,2.5576167514859587,118.9006321659153,110.18502735731987,19.47630870577897,3.8677192787541106,1.2733862707328596,5.297827116979926,2.967693371097131,5.728888521788959
E-0020651,2.844443448830544,193.76200370237618,480.3306774392787,41.937481438273096,13.63135202582727,1.5793466177959437,8.220451601037398,3.7325324620958655,4.14785469390597
E-0020652,1.6311650808468614,63.6592834751356,4.427406701633569,5.491066115012971,3.5368005744132915,8.10559178834099,23.510948096588784,5.572530473474395,7.9089537671011145
E-0020653,-0.251512026890691,220.22910473536564,13.28443793862779,5.320681012563893,5.608690191860913,2.8766355877789693,51.11931598193712,43.56428011064615,42.71989227674253
E-0020654,-0.6344545986649647,156.1230560775916,24.91533354249593,2.54452247460489,0.7181026829857836,16.502125862442757,43.15101820232828,14.559095775725526,17.208575012007927
E-0020655,1.7174466304798623,173.01362261337758,545.8766118315175,4.592383530009561,9.759026211978089,3.2679046564923233,14.033613256814668,4.090902633916796,5.43680545739327
E-0020656,2.0071160816977422,69.23952483807268,511.5225636874882,7.924408382983825,10.979511667814979,1.851259729697556,7.431653600522033,4.071521454185324,4.316134561926536
E-0020657,1.442036595962149,219.0035334788109,65.39939477292846,19.493943881463945,3.0907358966572542,10.399563322134082,15.593172719534486,10.957754056152746,14.162593615873506
E-0020658,1.27047431558002,226.73296279749653,90.76269547656403,19.147691675163838,3.529477790584774,8.078924751965728,12.66255109284134,8.14582586613407,10.156410709760358
E-0020659,1.794555577077833,77.28949479103926,74.91357546667253,16.759884082292693,5.98217807685313,6.247158180279768,11.327639763232531,8.071742259419874,12.412611428852484
E-0020660,0.8170998243869234,229.15858791384952,37.560355258439806,4.663824167265301,1.3041639761395907,23.755675667716954,20.590109870939973,9.136178270721492,14.19076014328036
E-0020661,1.9097861736573092,159.47762527041422,127.12205890190343,27.34755712207191,7.07902357320454,5.349124930972526,8.81185995628517,5.651601661150469,7.03933184836601
E-0020662,1.5887296608887598,138.7093289737879,79.91719795244771,8.175901916039695,5.034148551643234,6.81054487915129,29.416944547588372,9.76552876800961,12.091108243515823
E-0020663,1.2107795517708655,182.38089047861422,53.6180578986076,6.338945143728751,2.8818115742634434,11.303811786513613,17.79642057330046,5.890823590987471,8.368108584164677
E-0020664,0.889929833500875,190.39173801156664,54.943552942218965,4.800486968300222,1.7298531130119492,12.347286001729781,24.95447391731696,9.671818667333918,12.683297059339633
E-0020665,0.09251412188474901,155.69216783955883,47.345103422150956,4.250595080225291,1.5877267005621731,11.180619479351828,13.405377127400484,4.155859708482835,5.851589173203231
E-0020666,1.508543359891093,198.23999376164835,103.71250880825289,7.295596934533226,3.2895046483018073,7.887391090635701,17.3530794637037,6.52515563399019,8.742568268115997
E-0020667,1.8348748527462158,191.7007558311653,75.99198839294293,7.826187136202752,3.7066754358042657,7.647759011753873,11.725961531935344,4.493734817886536,7.2089450388884595
E-0020668,2.0660311705842114,39.07287293536779,112.34584272833875,16.886829817748506,4.002815699004439,6.019580837527187,7.705798609776273,2.4143700078593833,3.74487401149715
E-0020669,1.5302395422743786,188.198717436545,86.20215559852011,5.608222296168437,5.784243745666424,6.52732732972913,22.90409780503659,8.847791957017227,10.733238515035428
E-0020670,1.8778709238997762,34.82916409164484,129.849092506417,17.727145022058057,3.13753881382198,7.745943696027064,7.602098839167803,2.673819077503204,4.157442790675369
E-0020671,1.2879973805254086,95.39260187877024,47.496607558492364,4.098803475899777,2.523860098744593,10.655040611558597,12.879443160052729,8.444596651522842,13.758402454696363
E-0020672,1.7238095909556796,241.00717267512658,61.167456842945754,12.00612694994203,5.123154497380324,7.375989762568317,13.79309452811145,8.054201599406953,9.504760209491069
E-0020673,1.578837870403946,155.06348039230386,154.85206928906672,27.330127886953417,2.2567920944079405,10.57879562117941,12.692642715502476,6.67863884860074,7.748653054758621
E-0020674,2.228012948333891,152.17774204190485,127.10112564151828,11.354927189533056,5.993012788367981,4.284825559391004,17.36816427955642,6.141246880387508,8.261096617985446
E-0020675,2.2228752039899398,186.95355150332088,261.90094753943686,7.205928453994932,6.933997180583825,5.469429142881189,13.898619282898252,7.078042672751236,7.577930973181785
E-0020676,2.4589747223649243,133.98039150601033,164.61053814627107,10.818993292390365,6.370793382912667,4.625529747264643,14.4897935558487,4.834677809975144,5.232260772833061
E-0020677,2.0305214923118444,87.18085750277035,336.7844330515892,4.946153660218873,20.07216523412373,1.1795355943763137,5.515917259632459,4.988811522366899,6.68370055980912
E-0020678,1.4717341288473829,120.46601200507062,330.1955967870632,4.459861711011964,14.312698045066291,1.509602666941141,5.516571124359169,4.390191340422753,7.538683319869764
E-0020679,2.1833133770574817,167.46665786340125,346.1586551915484,8.102996565113301,14.21458010765071,1.6345604449349596,5.019516211533253,4.2508662996759465,7.401710168435984
E-0020680,2.4525630423352203,86.10462975976944,221.14380262430805,10.636667874698277,5.9475243819849295,4.663015915195376,3.890796492930284,3.610133139431651,5.4035529023562034
E-0020681,2.6531094467778926,20.849418552277964,305.1481891460596,18.17285282311077,6.151650023796428,2.004836176030777,2.031051384157085,1.5086766743750133,2.399027707545781
E-0020682,2.8006824519440356,16.937265589169385,245.13232932227908,16.984923323054176,4.372319598032255,2.076065027292034,1.8751245323877004,0.8863332318191628,1.6412554066775453
E-0020683,2.608136765462221,24.000487837260366,271.03665017533126,14.885718518953706,4.126659263497239,2.4144109925428032,1.7545484859881495,1.1902115699857747,1.8730712610423623
E-0020684,2.8601081915437585,11.756310486337707,162.59200697047885,13.122269324521248,3.0347243142528804,1.9297829645951476,1.5573749973238034,0.48887143636231734,1.0305273463713416
E-0020685,1.5932554828446883,148.40582688899138,29.30989249665091,15.070761854859947,2.074159229355841,11.135164114809331,13.619853169869407,6.832669729836871,7.050736057260279
E-0020686,2.8251472433898948,127.05310869531809,296.91229421827165,42.72697273857816,3.606703653083861,1.7172592775638418,3.8093333485068293,1.6886383538499963,3.4994345438783045
E-0020687,2.8251472433898948,127.05310869531809,296.91229421827165,42.72697273857816,3.606703653083861,1.7172592775638418,3.8093333485068293,1.6886383538499963,3.4994345438783045
E-0020688,2.5074139564830182,226.259622121766,148.7041988958611,32.7703646774424,3.07943290699596,1.7572071614540676,6.3961012732553595,2.5623562022378215,5.576633081921427
E-0020689,2.5074139564830182,226.259622121766,148.7041988958611,32.7703646774424,3.07943290699596,1.7572071614540676,6.3961012732553595,2.5623562022378215,5.576633081921427
E-0020690,2.489135856155613,207.05553118344636,138.27739187832987,20.515638012981746,2.413332417501388,2.2126515090912555,6.373787278779758,2.136374360480322,4.04976591332368
E-0020691,2.2196866351637117,222.8120593416766,116.95280967796174,14.182372896926928,3.4556533898417983,1.8775732249807557,6.733460662849279,2.7374143885320743,6.290720954509576
E-0020692,3.021375959725559,169.3304625923824,310.1111096110167,28.814805952159098,3.1485162294756286,1.8936709895837174,3.169698745911057,0.6906489991626238,1.723114686998363
E-0020693,3.3409582958137496,128.23811392393216,320.5503829739964,38.92591076216236,1.6831973404913743,2.727628161797555,3.817629738787892,0.7343683146588683,1.7959212663278645
E-0020763,0.37803565247388926,156.77492723912817,49.7652220841732,3.2789924109763984,3.0797532837311827,5.7355869644480775,53.858756748710704,23.038032482765253,21.04047160195562
E-0020764,2.039940979060891,135.47360890597795,231.70564368971242,2.3280822830254686,13.508571061883101,1.364726036779598,9.665559569506907,4.569013123320428,5.0031926588435205
E-0020765,1.0354121692040583,196.74004084932517,42.08189134881151,7.516057707472566,2.190809796484772,11.25225985072212,18.1294271673438,8.136604719075782,13.992566761711783
E-0020766,1.6326340124382401,139.41064820174745,66.36296954178923,6.556630992305737,3.550253163653458,8.119607638703796,16.902168829357823,6.822308679250342,8.4480679135161
E-0020767,1.5314291325051723,39.23287560016339,58.926877619527986,8.04980101766027,5.265648824699129,5.111137802738256,15.515970652536998,6.396078464371931,10.149863927006832
E-0020768,1.4491945571071199,89.63731235254369,66.02280010780439,5.669888457239693,2.1460114047726626,9.377081917538096,19.003034204115508,8.590953595239041,11.65181298722678
E-0020769,1.5652528652416633,199.29815179167485,30.682969837195234,6.194373912444585,1.9989891109555262,8.80740357368576,16.494837481329796,5.621119531143419,6.968713067641812
E-0020770,2.064226171259049,154.12945211682396,191.14178475646662,26.574649509471847,3.4158237758985073,5.231569305971391,6.946736128716383,3.3915746943097695,4.123365377295989
E-0020771,1.8647913179225415,122.0637545103808,55.22421674529559,7.44390467067437,3.786142846378543,7.559605639844505,15.674646121353657,5.9280601530698585,8.033393240114222
E-0020772,1.6179916147631268,183.81136483285698,118.3632314497473,7.151758617581066,4.2900948496900275,7.14070925699424,12.798987507536348,6.262472580776358,8.908162107008001
E-0020773,1.9498926625981636,16.809026996691312,82.11148159282011,6.912585117385132,2.5494081833026394,7.62423260323694,15.108836053139017,4.821807610460108,6.875663496516138
E-0020774,1.5528273229670122,55.6436372581776,29.65113622575457,3.9885632719080433,2.2181024621084626,9.275783414891064,23.274383003805596,11.394745256687962,11.559609734450035
E-0020775,1.438606017330421,59.15762713683179,38.28188726012017,6.053941166974624,1.9998529037419357,10.698375410011955,25.692770936956926,8.730804738482469,11.833813263655248
E-0020776,1.990874687369432,21.129534317442573,45.59868947509752,25.543567223324562,2.6720919108035286,6.132953186449069,6.404305526722975,3.0600862412462604,4.004989778304906
E-0020777,1.5975221677244091,177.43427376582443,85.85739615166065,7.974141583923331,4.698487556130437,9.09521632727599,13.826196302397328,6.821525864882666,8.539643957305977
E-0020778,1.5975221677244091,177.43427376582443,85.85739615166065,7.974141583923331,4.698487556130437,9.09521632727599,13.826196302397328,6.821525864882666,8.539643957305977
E-0020779,1.9040877746092617,85.23188980005092,128.87650093092498,15.435874505972714,4.865975864455501,7.581581182209716,11.12295374706943,5.4111726546799535,7.096950873233361
E-0020780,1.9040877746092617,85.23188980005092,128.87650093092498,15.435874505972714,4.865975864455501,7.581581182209716,11.12295374706943,5.4111726546799535,7.096950873233361
E-0020781,1.0513619467329192,157.75725578676258,86.06745201485762,19.017800698809708,2.027930293874871,10.48080634834665,16.4321192104822,6.60127541660461,9.12609706065504
E-0020782,1.8597877730030346,38.599859119049825,163.0348122073729,15.73935677219338,1.8620625231255632,8.616229843171439,9.99546371748184,3.347617299855687,3.747037517543782
E-0020783,1.2126713098358741,207.8250090646395,83.37622639975794,9.105210260165151,1.7281530751452414,16.159518585617004,22.07259379167108,13.99393835259517,18.86999636602134
E-0020784,2.531263915231495,26.55534311533155,141.32910612383458,9.556857994043979,6.474829770092974,2.9510602580682104,4.020419327372743,2.6910511546954847,3.7157303438379925
E-0020785,1.7920069888625687,99.77585795923287,53.57046658322637,15.44232844723365,5.571120045986787,5.8771867594837595,10.34570808493501,7.519403963976591,9.993944436617278
E-0020786,2.01298680411287,184.1106243118079,218.3629753621409,6.00238683909247,21.062023476828383,1.253808695234704,9.188275653747025,8.614829166838605,11.602107612957203
E-0020787,2.01298680411287,184.1106243118079,218.3629753621409,6.00238683909247,21.062023476828383,1.253808695234704,9.188275653747025,8.614829166838605,11.602107612957203
E-0020788,1.2188719507158934,160.88853196544025,103.39291419489885,12.4941611664815,3.503073337030437,8.17325069614586,10.812497366236771,5.845136517237572,7.639095728219004
E-0020789,0.5712038585168633,158.89132494795473,122.45420486314968,4.169431708874298,8.002730369058705,3.9870258021207428,12.788932819047757,9.971229119626626,17.82327884344947
E-0020790,0.6200622877965433,219.0467462896487,28.808874701615498,2.7016178316774404,0.8009848461902799,19.303737938282858,32.77077398800911,15.27457741235616,15.188802736551475
E-0020791,2.6421876316119324,11.263172573474733,345.3444219024886,51.37361050830253,1.3359036694359554,5.7062538836626535,2.7302582511460685,1.4388412659890508,1.2277681794204185
E-0020792,1.6044868760711941,183.68327756020113,88.6131497703901,15.793842615104648,1.9027133724932415,13.059620114637857,16.90915304016768,7.614911215356037,8.464828709636988
E-0020793,1.6044868760711941,183.68327756020113,88.6131497703901,15.793842615104648,1.9027133724932415,13.059620114637857,16.90915304016768,7.614911215356037,8.464828709636988
E-0020794,1.5838339015936342,192.37242884533563,96.935230940307,25.2881842247232,4.5961220919136725,6.713213791401271,15.424356535456774,8.074532892808344,10.445016212699445
E-0020795,1.5950975819884876,236.88711243080232,34.435495121441384,12.884724901914499,6.626672253537923,5.92655279815184,14.367001028891954,7.9675255941477605,10.660782643102289
E-0020796,3.292461044385696,43.46790132103183,598.6820949280942,9.481880841117368,6.380981415043405,0.7977308782882828,2.8562417502716313,0.8119930253907057,2.2342965825326258
E-0020797,2.8194071275724024,23.987165745999864,288.8852139212618,45.597574472762616,4.196972689197887,1.079388655710486,2.0564492061374806,1.8667603055691546,3.2111210458950055
E-0020798,3.4535174673676106,40.792126755634726,548.1239361580062,29.71593660132006,3.640104851748153,1.1637634495755265,1.137229261219414,0.6068340583996097,1.8813149299889265
E-0020799,3.3817579217531906,105.16860302117992,229.72265941018944,26.85782408774783,3.701549273262585,1.6462354447956924,2.5894655597040233,1.0190261033246426,2.1585081750293718
E-0020800,3.4234615009386333,206.5969865246837,236.31761146753811,34.367406533156974,4.255714825246083,1.7794006997052505,6.629546070483455,2.3610223053557884,3.850141955953254
E-0020801,2.209002881918049,40.43064881302614,481.2759858391047,38.03762598990046,18.919862155063658,1.026868475623692,8.010543247389615,4.904489354696347,6.895364329768103
E-0020802,4.071253037978514,15.180105335809651,788.4874305216348,37.82953271095015,2.8651946505293386,1.235924748574515,0.6907017684625804,0.2143052711126675,0.79833410833617
E-0020803,2.2660117375430047,260.7656935977924,276.4115638250132,36.20898929124962,12.552456329431344,1.784614349790171,15.612182444690584,7.819413428609711,9.604576739464584
E-0020804,0.2341962590478214,219.48365491077448,165.50811060196412,0.7322967835903557,5.332587685214125,3.779181408581727,17.387646384783675,5.280873374060631,8.898351700805211
E-0020805,2.0071160816977422,69.23952483807268,511.5225636874882,7.924408382983825,10.979511667814979,1.851259729697556,7.431653600522033,4.071521454185324,4.316134561926536
E-0020806,1.4944267054070115,159.16032210076568,79.01615926507964,9.7157718219556,2.877330597752374,11.1370921706428,15.62025431886523,5.394539146115755,7.554691680849398
E-0020807,0.6842897210472181,242.33042050540757,48.71519118784734,6.765016928284867,3.5022143371138097,9.963307044913373,19.308026532661763,8.459894344999128,10.718855838765606
E-0020808,1.5455197024604876,88.21775126557044,41.8048997375299,17.211181770286444,2.9315070767868905,8.747296159867926,14.679491262958484,7.503620410548488,9.157712841510165
E-0020809,1.8951289326065162,165.32708702444813,70.2292341056413,12.728629597896575,5.594748382025152,6.69718975682885,14.180403683683718,6.3300070645472495,8.85959334435534
E-0020810,1.2311149141834534,271.1257246690804,54.27497202949607,11.811629400474287,3.652733370682936,11.063932581559703,14.63166134564919,7.12064014889186,11.898781654954233
E-0020811,0.07187128439207068,147.61166043843224,47.86294153087132,1.8581060845575588,1.39644737764948,18.070642672120528,26.572917948294016,6.581914811925379,7.725521064438103
E-0020812,1.677235993496151,164.2305235855423,102.30178481147252,30.658977754580544,5.1464212286658535,5.984628593773883,12.788215452785288,5.201366400854408,8.257553492680305
E-0020813,-0.07772752363753517,179.6554175966742,64.69181544238124,2.9414061116765966,1.0433531596777836,17.022121118926904,19.209746493934208,5.211816423384989,7.855249704510536
E-0020814,1.863195137826815,81.22269931514303,110.80368245350822,7.612085783346726,6.534076142915108,5.3124808267854995,26.257848997822958,9.874495331691424,10.202011271429418
E-0020815,0.9363835631268718,124.32878942456573,25.959319977250694,4.687680765499536,1.7817603987950534,12.663685123055473,31.119568056917085,15.584370705218365,17.27343027546378
E-0020816,1.5306634974768507,176.17745545035874,82.69907907564509,7.648355872355215,2.265346930650865,10.735133520015157,17.86926101709263,5.889295827747315,9.006691810618769
E-0020817,1.0513619467329192,157.75725578676258,86.06745201485762,19.017800698809708,2.027930293874871,10.48080634834665,16.4321192104822,6.60127541660461,9.12609706065504
E-0020818,1.0048910058679963,172.21410540270196,70.238909063477,6.93966160513104,1.7950289255755674,14.42478224031112,23.793007423435238,8.165129413712359,8.545475291670407
E-0020819,1.0245553139009655,117.59167895570157,98.38968331583202,5.145569027169308,3.0870475549096166,10.78187877359648,21.963804770501202,7.688260986152779,9.87572655204687
E-0020820,0.9759363605738963,161.07950304574436,66.92703746999099,8.751547152799084,2.2712127991979756,11.134379851813721,19.963101746768075,5.953814370202593,9.192422489658112
E-0020821,1.3897458382219292,183.3344535093548,116.54231970811028,7.395449935333679,1.7366652857559777,10.684472631691623,16.93926614228349,5.987451517666055,9.007576563305426
E-0020822,1.948959009875584,68.54052588529856,122.24996553810861,22.81051394352636,5.173507813650589,6.231311913965401,8.508485292267492,4.725894148161954,6.2100847856618
E-0020823,2.081779631887836,53.18119055879212,80.23703427345984,18.918210810511898,7.85294461254788,3.04634166103787,5.929362998611484,4.355860474646322,5.905477003955464
E-0020824,2.17948124023534,77.9243269768351,99.16290793454179,32.50176084533505,6.1431428586206955,4.730407951814555,8.141630752425556,4.321347351089185,6.59519743785236
E-0020825,2.3936739471474047,11.392141188332781,158.46975029947407,45.64501210174201,3.859128624832543,2.8739061377747297,3.464473174905913,1.615471791265398,2.799861376505857
E-0020826,2.5379123797516883,10.296069892499174,247.35909971572116,50.90818621275615,4.689953232446356,2.583802406560342,3.6870416711799106,2.152974854881333,3.2642515042166225
E-0020827,0.9677586873585547,158.99313579919567,74.34123021775419,6.054171573334941,1.850355826371571,16.73890694677948,16.80471540407482,6.808399909426675,8.317543232946505
E-0020828,1.6313038351208455,220.7776328150713,115.10820816757888,20.861561836189793,3.3950784044209157,8.749064410951918,10.884668678968723,5.607898322220577,7.206542218957561
E-0020829,1.844632626789642,124.96808094670442,99.07678878320924,11.846484898059147,5.540922778771081,6.943391284034664,13.400376570722795,6.259672474907769,11.073609456914811
E-0020830,1.6502485640894722,197.65834918738358,74.28058507507453,0.9455176219764806,13.615413483688151,1.9442627289022953,13.131648758512954,8.547357400544344,13.22698294459717
E-0020831,2.1187525942371375,30.68379297689149,87.06709663306312,15.221788379149013,3.8471025388502142,2.28714825122058,2.9952102695336,0.7256061539255558,2.25867103642672
E-0020832,1.0513619467329192,157.75725578676258,86.06745201485762,19.017800698809708,2.027930293874871,10.48080634834665,16.4321192104822,6.60127541660461,9.12609706065504
E-0020833,1.364376033775223,202.39127565552593,77.3079607062695,27.148043069091155,3.37009416745366,7.539827349726617,14.289003628656946,7.889132815845964,8.400003798918865
E-0020834,2.327360263372304,140.43649940127182,112.44398045763567,42.90316116199944,4.668574997119708,6.342986136270804,10.37541984066921,5.522734556553723,7.562564835420874
E-0020835,1.4823098501245409,209.8036535205081,61.85735914355499,12.748563761343418,3.0114875183245005,10.206394701890519,15.295150760325507,7.389122901482186,9.230297343105072
E-0020836,1.9751220927126782,11.883021076667488,112.76087148188851,8.894379769340352,5.7911720533442,2.4996613220398727,3.6546876186017005,1.7493518768397116,3.67816249191774
E-0020837,2.0915160206579513,7.1047123772563765,252.72755316820002,12.757023844073196,4.093460136535563,2.195249860169106,2.78940471032361,1.4692293186169776,2.9704470472235287
E-0020838,1.585659456184216,129.80748022801092,76.78930077036662,7.243516276006313,7.84449590873456,3.75822708362056,28.47975707860061,9.808822104125205,14.906276768802309
E-0020840,2.6836060477705588,56.04641798091508,1001.8969718959395,74.5054329617503,20.387993598211313,0.8335656561816298,5.608050015730733,5.551964237840409,5.749979514957119
E-0020841,3.1924954859844465,56.608451832228006,893.1763397074789,43.45695460663183,15.915211660972785,0.7530841379200199,2.7374661769944058,1.9461826206741772,3.126734423228991
E-0020842,2.3179739002838904,9.809482698308944,513.3664994713661,64.89468327797196,14.841595484709913,1.013281510425971,4.930994284967803,4.26978166546272,5.176930348250129
E-0020843,1.886790087606751,344.8171534734357,352.1052750147439,43.03779105600718,6.951367678286854,2.937221240650664,14.647122519063837,6.8896577007095114,8.498810854607155
E-0020844,2.6031020290085993,22.102886117226195,208.8421467656632,21.72559409848056,10.75842862250061,1.6800364915746409,3.889582856049424,2.0049391574470743,3.6396208438613153
E-0020854,1.8522348718142267,14.104481233269304,17.367343091193284,20.806558631954644,1.7040853641910088,9.305722268717936,10.163129443999669,4.254854138269562,4.728766151240531
E-0020855,1.5676875387171227,171.25459366242424,38.179327510044864,4.306448082685063,3.9233867705641297,7.481218551213739,15.264890309920743,9.520232345750369,11.7463148800868
E-0020856,1.3049166030619495,57.906575201677256,75.01315683065378,9.382241834174982,1.676067173387714,8.414567071320466,9.97809860820918,3.351214116408771,3.4009383540949076
E-0020857,1.2869294256978527,198.9541511347418,223.95526823149643,22.447813217700034,5.16301271911202,7.594081022992183,16.311105661304843,7.859865204539876,12.284755954976141
E-0020858,1.4047941317666568,192.46750016450167,47.2162287560359,5.593094816453649,1.2042445202394003,19.652316606278315,18.71845765893727,6.711679436240041,10.199705768522755
E-0020859,1.3306392942523624,259.7642918506314,109.10641183483541,6.508174626144233,2.900550630896933,10.37486425650319,15.515970440145765,6.676801717349944,8.406482107182182
E-0020860,1.7749902489610214,148.83228231404473,176.4260463838703,16.974038081199883,3.484899034566551,8.91701023253695,12.010216997706788,3.966163333015071,5.6091166872058364
E-0020861,1.2429836865293626,198.95181094056633,75.06560000435476,4.5753961921839705,1.9064457050805914,12.744925846544216,15.935452947346873,5.401260093479424,7.9529290940637765
E-0020862,1.2751697422819144,178.8993554608333,78.95917208653532,13.182118785982892,2.7810055584102673,9.940781699836908,18.034472692636594,5.637172412423932,7.616956255603777
E-0020863,1.3699890604944445,128.21578646572942,85.15837823798849,10.38708867925742,1.8714520675147615,13.986601284882873,17.926543802362744,5.34350289241717,7.728185853214592
E-0020864,1.3699890604944445,128.21578646572942,85.15837823798849,10.38708867925742,1.8714520675147615,13.986601284882873,17.926543802362744,5.34350289241717,7.728185853214592
E-0020865,1.127714132518451,108.16192372353702,77.84708393338207,12.760258935845165,1.6564960605740235,13.35936271534037,16.456735448211266,3.711124437556031,5.65544901619598
E-0020866,1.0245553139009655,117.59167895570157,98.38968331583202,5.145569027169308,3.0870475549096166,10.78187877359648,21.963804770501202,7.688260986152779,9.87572655204687
E-0020867,1.196862736572793,180.10003877229948,90.2366353136325,6.32912521939552,1.4819923582666805,14.053744139637928,20.009246602794192,8.098107069093636,12.028372540117166
E-0020868,1.2266969729036554,200.16043675936334,78.91016890806233,9.693782547634202,1.952766495684939,12.20619403101205,21.793285259317873,7.9686286174495145,11.68717583283127
E-0020869,1.3841683839567658,128.11550234571308,95.42449344096428,8.476894947871974,1.2659647101572753,13.808319571453943,19.61336648386271,5.628876927103058,7.671558595499885
E-0020870,1.0073794009841825,177.12056026610793,82.52241876606158,5.216244552163284,1.5444461005938015,11.25580870251944,21.363600266031952,7.782848307603886,10.585496762785843
E-0020871,1.0073794009841825,177.12056026610793,82.52241876606158,5.216244552163284,1.5444461005938015,11.25580870251944,21.363600266031952,7.782848307603886,10.585496762785843
E-0020872,1.5793610536783222,236.48933380479576,75.60337893091084,10.547310882075152,3.682822746463695,7.731462588124494,15.134308356837153,9.014354197779648,11.034577053444922
E-0020873,1.5793610536783222,236.48933380479576,75.60337893091084,10.547310882075152,3.682822746463695,7.731462588124494,15.134308356837153,9.014354197779648,11.034577053444922
E-0020874,1.546719413739146,204.08308700496957,40.41126505525647,9.751729868693326,2.369327900019058,12.35377486127831,20.59372077064732,10.810861061567763,10.380045628244202
E-0020875,2.1360620762717186,229.26617313092478,95.88324290645355,2.8128497075955545,12.34686792309414,2.722921964749208,17.38921907743126,10.696737020309252,11.501903352315502
E-0020876,2.1401931476059937,205.39804130320712,234.77985757402647,8.635240831698667,11.517460592877981,3.5133414173992574,13.58161926040684,8.011660848228864,11.441647305958483
E-0020877,1.4098183995275213,198.1926907064585,85.56825522628311,18.719127784687977,5.0601468052959095,7.015242334226558,16.146176545299493,6.971567992605887,8.952688461760912
E-0020878,1.6843231756657078,91.82025672959034,94.73945039821483,8.711508758601026,2.8626069819362208,10.790307256020057,14.568554499932922,4.573658965126696,6.968279950608288
E-0020879,1.0513619467329192,157.75725578676258,86.06745201485762,19.017800698809708,2.027930293874871,10.48080634834665,16.4321192104822,6.60127541660461,9.12609706065504
E-0020880,1.5463536463573062,257.93752802876065,137.701229999197,3.47511952179947,8.729395788400396,4.220948686844625,33.1766911855797,13.821466663941072,20.845887189118663
E-0020881,1.3774721967942947,108.45461961228875,41.78319070862481,15.315616270179206,3.582674393786171,6.7975814296685035,13.182959060845718,6.979683003107841,7.060838497355836
E-0020882,1.2812148672563126,28.03619301892961,34.06225354440102,9.229081341254895,2.8010569471327775,6.698146824932209,6.119804231727958,3.6007691433424043,5.142372093224963
E-0020883,2.104083567638632,17.497170423588933,180.91926496636268,5.633906918223331,10.441898743182621,1.82612189259547,4.871103017758199,2.6514039710769146,5.146019546911289
E-0020884,1.7442683049849999,79.04450184702114,155.73537382909,21.262739120762504,3.1275697801942606,8.067760027102299,12.23111075985846,4.310131781559694,5.304587078623768
E-0020885,1.5469575551098063,234.17510852354465,17.532184139431767,1.9433665327007783,13.94348924460079,1.7820266287489859,17.147970772150963,15.701521839986775,20.471263775084413
E-0020886,1.970328461408321,20.831376501658635,107.77519595392583,12.396485256169578,10.944917932377722,3.73633871460052,11.788715593696438,6.608752341482503,5.949080788131561
E-0020887,2.1703416083396623,248.66361040196733,247.33872778698208,15.502012476484673,8.280160707109886,1.1837627800886046,8.900500071891466,4.677534998253712,4.944820829699292
E-0020888,2.3822628876205663,215.49130102098167,417.03402319740616,25.04288456158731,6.825039026576535,1.0751642488868223,4.886821344486762,2.509709829793469,3.5961832331588166
E-0020889,2.7763861811302672,186.28904828462635,1108.6202446533046,53.094928308670355,21.07921183299575,0.936666520851635,9.246179920976832,7.721430712928797,7.211482211649866
E-0020890,3.9087831239009216,11.385330398151469,527.2253077768603,32.645681382912734,2.1579563148034366,1.205848643555115,0.7220144618992506,0.20187024041103474,1.4080213329559708
E-0020891,3.8218618769610244,17.013177309868468,527.6092093312855,46.55997717095612,2.3216362661452568,1.2007125812384356,0.8908268394730767,0.31173013947664413,1.790707325708096
E-0020892,2.7425202741036334,137.30525430762108,270.5098709390814,57.76642351165906,1.7557853538337762,3.487296317102919,6.198463629521975,2.237751421182698,3.0721421588912303
E-0020893,2.9243035161956596,3.6851719305255575,441.0864154235825,40.016323612427485,4.364631128096418,1.213127873272994,2.6356184631004056,1.1569176085417305,2.4725439942489356
E-0020894,2.0916892777516694,176.0563096543173,240.7545496447761,14.856446696914338,21.252969728137394,1.6171670806361444,8.55875264627161,7.340236777611291,10.044142304320733
E-0020895,2.778247488079088,193.2491168488601,301.74095020657734,15.186809769469797,15.89661364622105,1.3079814498126627,13.417905434477355,6.464656196201765,6.431351359688652
E-0020896,1.2218528954694636,122.64038325749162,27.834963650454245,2.3529216964479835,1.82697302473759,11.764703730237644,22.37008967144684,15.761626721689668,18.023793503508678
E-0020897,2.2906442164631824,22.76560604443008,174.97033217519774,27.543736931038534,7.006462717915968,4.111188445770772,5.601636411431712,3.0558673876642404,3.983893848641961
E-0020898,1.6543976989020857,117.22761348629253,70.40021597955798,8.643106137964594,3.0462000191379133,7.065132137539037,13.210386393406083,5.559308016213686,6.6460952652811365
E-0020899,1.0691501674014954,150.28254789795952,70.62074773125626,6.782632368393048,2.502694707830822,12.241889670881084,22.159888937416408,9.673749418483155,10.289849741191862
E-0020900,2.1357893186086976,144.74947359033266,166.4177883950085,16.270602010603533,8.031670223290778,4.661293946543436,11.240170885190318,7.110270404750573,11.51115675035229
E-0020902,2.011322789588067,27.023720920011026,174.59927741172174,10.816462618788117,6.171721874758973,3.9707622123827937,4.762701707238564,3.0424274425633797,3.86974631498139
E-0020903,1.4041893891313975,245.21469204215595,21.792879476475044,4.953371742194944,2.7782913380990464,8.779235386423782,21.63630215128641,12.813587195933419,14.923708354549925
E-0020904,1.699680413610555,231.28862077341748,45.19974410343592,21.33577750975996,2.5036620773486917,11.304486540086776,17.310617745941986,7.935139643886455,9.374532232513959
E-0020905,1.699680413610555,231.28862077341748,45.19974410343592,21.33577750975996,2.5036620773486917,11.304486540086776,17.310617745941986,7.935139643886455,9.374532232513959
E-0020906,1.6577630502458636,174.09911264514872,90.16127394130686,20.453997571074723,2.744149188483898,10.667970078440227,15.029836479500215,9.13172577583132,9.794646296407477
E-0020907,1.797313119193243,116.49236027974318,60.692112324399396,18.177754115314652,2.2911941779133813,12.153668017384556,14.403262515303183,6.214671590354374,7.332305623426353
E-0020908,1.141001418527187,127.40301163727888,77.77835486794025,9.518245697720014,3.20550180267174,10.359022924860644,11.7513011111698,4.798268401789582,6.591274180414412
E-0020909,1.900268399613139,132.5676118205458,68.49889980730083,17.662282830984317,2.8328530447327744,7.531797871256987,7.593109574477807,3.9801398339927387,6.425971709893192
E-0020910,1.388308507671069,226.6710700744949,118.63840342971572,5.266591537917083,10.908997343513953,2.8271918345626323,29.49540773031199,12.254455647607283,17.41333576310183
E-0020911,0.2743166381807288,175.39702263494894,32.22007399803484,4.115050075350724,4.860729426615276,4.762675762799678,37.23139537055711,16.692811568586798,28.569797970213486
E-0020912,1.079472737562546,147.2170059416338,39.09203607191536,3.43022124272567,6.990270749636342,4.2113287682466565,35.45046558758812,15.395931842745533,19.99076427984884
E-0020913,2.0187404152155373,66.02367413014467,238.5585836654666,10.787307057218866,7.8876173782164605,4.0202760741551655,10.815795098551995,5.67446228548232,8.458810743138542
E-0020914,2.831591967731763,23.6380013651948,319.06966358812525,9.564130229597344,9.613733549736601,2.605796151253667,5.982384376356219,3.1201566095717186,4.4002711960842795
E-0020915,1.685316855742003,106.48390907746001,165.59092243413036,26.085947706991778,6.69743323010911,5.319726916604695,13.590270004577212,3.7989802710654743,6.881575230266017
E-0020916,2.477691518366621,27.120519541066184,216.2292345874856,19.03735923521957,5.851751657900404,3.1547985648467973,6.217083094594787,1.7128006393833317,2.8176646393301157
E-0020917,2.1857012629289407,20.645757831954526,147.67267343097538,23.545652127280587,10.368521496325382,2.55564861695243,8.16369783661671,3.124339677309422,4.196994094221097
E-0020918,3.0758900739363697,7.122502983532841,242.9609480644275,18.366708129490004,8.19621999360514,1.7201928920215754,4.177613033575777,1.9129532539013647,1.9384520354577832
E-0020919,1.173115155850448,209.19966375804222,195.98778516610025,5.883673434313656,2.1073404327079377,13.924993362792657,21.041624127120848,9.690403252047807,10.224380442502255
E-0020920,1.304540741109433,187.1526207907003,117.98316242471373,12.049648911132419,1.3842890160728396,14.76603592174011,14.228296595888906,4.593959269282958,6.526904203014538
E-0020921,1.008476579277586,212.04326477216125,130.63748768959817,4.310817647471035,1.6421749747368084,11.198972152911661,19.66006023367179,7.187653405152941,8.034292190820638
E-0020922,1.7442683049849999,79.04450184702114,155.73537382909,21.262739120762504,3.1275697801942606,8.067760027102299,12.23111075985846,4.310131781559694,5.304587078623768
E-0020923,1.3876929348162195,150.2266248024835,93.6610527197204,3.0306465005152816,2.157668079727603,14.223587021673225,26.457108486775734,9.091295115304767,11.021698445232486
E-0020924,1.3876929348162195,150.2266248024835,93.6610527197204,3.0306465005152816,2.157668079727603,14.223587021673225,26.457108486775734,9.091295115304767,11.021698445232486
E-0020925,3.412932419091445,5.143878073213584,156.27487765741722,64.6909684730613,2.7171032967918403,1.7296819548841411,1.6999762919137595,0.9648547387074256,0.9739111915857108
E-0020926,2.1856745788531806,89.61368540142443,223.2931746255764,25.33860999764754,6.399935390878107,4.665213306875106,10.7690173326577,4.6824589081716566,5.484828528594354
E-0020927,1.7582950091283864,172.4600084845591,105.88372327914307,11.451058369029823,4.556610499484551,5.826121383536918,20.750999281577613,7.3852456314581225,11.855752797447831
E-0020928,2.230915275818398,96.87872387996649,166.11014376688638,10.582342587977047,6.7653941524514565,5.466957821741142,18.22043641842864,6.834262070444882,8.820654649614667
E-0020929,3.8385719798165163,6.242165469424739,639.0654633841357,147.1114197280362,1.9399784893652747,1.4730265142984713,0.9712585890943222,0.8051299267608267,1.8969863915627114
E-0020930,1.7747114632629426,298.507146068922,236.39149767050588,18.743009348731725,4.9921160610987965,3.1335137377411795,23.012846907118856,9.671201507061724,9.979985903752324
E-0020931,2.304468469857878,223.90100967518467,846.1989886969304,54.84522024629171,10.634705673632778,1.4621991926754614,11.109950936435903,5.703045246563072,8.10941981166995
E-0020932,3.6389122771904105,13.812032443840026,1720.259526363774,55.67213661881697,5.124144957109674,0.9363690426019867,0.9607082317145119,1.1825286279444158,2.2454723520579547
E-0020933,3.31640794849063,14.259492504721349,755.1748614516891,91.326666560791,4.54630077350989,0.916382967487603,1.4654707387249974,1.2894508423042144,2.5544307550814978
E-0020934,3.4308146862787483,46.171506593025484,2802.3186463938646,53.04516490215106,12.485054245234329,0.8831916069098521,1.7933343776326307,1.4666576528605004,3.8087371825980965
E-0020935,2.7620219069384766,165.9448954555684,1329.9404398690156,19.13887198957317,20.271876148119606,0.7454150587370392,4.698210863977608,4.2752359898454575,6.290734899867395
E-0020936,1.9108444903546393,140.2579648942677,93.34741801149646,15.535126483700061,25.252380805795486,0.9921300054213534,8.484219773326352,8.446708028310288,12.135488693222571
E-0020937,2.6003353939306697,47.035116837463704,631.6364012569454,55.415678180230955,16.97724116125506,0.8997353088521793,4.678751823374358,3.9451667567264948,3.988413392847332
E-0020938,3.6548137890962282,3.20313711637557,528.9398277522687,38.07373625127877,2.8129048604579228,1.1228043910795218,1.1620793711028907,0.6171906844428452,1.3344638292455604
E-0020939,1.072186504569697,91.23071796471602,11.248368035929053,4.010378044249879,1.2471912441459205,17.698512666160614,26.717911940974393,15.187957204260325,11.22264112159138
E-0020940,1.312360820754533,77.32184386131595,85.97395693685347,3.2720953230243026,1.805759808908608,9.402581058146723,20.096595311268448,7.228699467896623,9.46038966336033
E-0020941,1.785988643104567,201.40942925894208,88.28668568306966,17.509664197660822,1.699678385906231,12.834703836389194,14.429473249448886,5.012624041495534,6.721868412117578
E-0020942,1.6404282378541142,107.29150945465287,168.6539513760206,35.75058100718808,5.354819950284843,6.00163260607911,11.40343519756778,6.9518681760078715,12.089615720399113
E-0020943,1.7012398074856094,108.75306968043078,186.7375088166966,20.749251768108742,4.523785448815949,5.547986049781489,15.216569350743166,7.675206605780376,13.839178196701594
E-0020944,1.6404282378541142,107.29150945465287,168.6539513760206,35.75058100718808,5.354819950284843,6.00163260607911,11.40343519756778,6.9518681760078715,12.089615720399113
E-0020945,1.7012398074856094,108.75306968043078,186.7375088166966,20.749251768108742,4.523785448815949,5.547986049781489,15.216569350743166,7.675206605780376,13.839178196701594
E-0020946,1.5306634974768507,176.17745545035874,82.69907907564509,7.648355872355215,2.265346930650865,10.735133520015157,17.86926101709263,5.889295827747315,9.006691810618769
E-0020947,1.5306634974768507,176.17745545035874,82.69907907564509,7.648355872355215,2.265346930650865,10.735133520015157,17.86926101709263,5.889295827747315,9.006691810618769
E-0020948,1.5306634974768507,176.17745545035874,82.69907907564509,7.648355872355215,2.265346930650865,10.735133520015157,17.86926101709263,5.889295827747315,9.006691810618769
E-0020949,1.0691501674014954,150.28254789795952,70.62074773125626,6.782632368393048,2.502694707830822,12.241889670881084,22.159888937416408,9.673749418483155,10.289849741191862
E-0020950,0.8005837192822217,193.0502606532254,58.45093346324064,8.9352476986732,1.7857997082664077,11.898554905643865,21.774458383833206,9.914954262272685,13.308926163289229
E-0020951,2.4131262311619883,37.10772029881741,140.44535778126408,12.446979874140665,14.598938476341306,1.1584915793028099,3.276809303519341,2.1348906071736464,3.243032833549941
E-0020952,2.7633048519740493,31.264794020601595,215.2795516003389,27.310207926362136,3.1041573598897023,2.623986800447078,2.3479570169961743,0.8776281247070093,1.1629203103955124
E-0020953,2.454924566723771,13.362623242107391,226.11665120440358,30.047290151673216,4.671406918349142,1.8913078979532678,2.2168987978659187,0.8327863157136509,1.757387490366616
E-0020954,1.4906580772223932,247.61329821130593,141.44293007525104,13.418573497809458,3.124595787769393,7.594483656715459,18.090901088820083,5.416883215678302,7.6093463766534795
E-0020955,1.8240952610348709,108.67246679610895,16.165210166251942,11.950119127616246,1.3412515217391996,20.410462286827617,14.677631244173064,6.882527193540176,6.3908096015470734
E-0020956,1.9621314887709307,243.71825949829025,184.0777480165741,7.69598776793024,6.004834484753131,4.85120183255204,17.270451915836354,8.735079679256103,8.36920931695494
E-0020957,2.1856745788531806,89.61368540142443,223.2931746255764,25.33860999764754,6.399935390878107,4.665213306875106,10.7690173326577,4.6824589081716566,5.484828528594354
E-0020958,1.8605141815971278,28.415607777692063,355.82126873775786,12.002318928118727,12.426823912911528,1.562883574602505,6.696452996057144,1.744208288269541,3.311845904630518
E-0020959,2.1580018120393563,28.524233721734873,280.066926450165,11.176151496864252,21.092434394603373,1.2045687175655349,9.777256152863512,2.9609239301046144,6.115754203086384
E-0020960,2.166821131964103,17.248343361510386,233.69517008313466,15.271129298474245,11.925924092647108,1.449950805754619,5.962770090253097,1.7027044680971328,2.799839679127312
E-0020961,2.1157511624708802,132.58183453752807,161.81358779767893,21.86378558261284,10.251115777582312,4.932395797685393,14.351280905573887,11.711512006464256,12.455825884632441
E-0020962,1.3702482951532862,223.98176965252918,93.35561242595318,7.57255268222426,4.155418146201745,7.613559912428261,28.027061602812193,10.891123594260588,16.57955314939553
E-0020963,1.7504794174154157,82.51891747614971,54.52019636635209,8.567195880706247,14.287980125038457,2.328115183844931,20.96450442533249,8.44243395308415,12.187059382520493
E-0020964,1.8629184450710057,92.01538360469486,248.5593184758637,14.681646406832982,12.315339441061885,2.9442148733164237,23.271490755757778,7.684958555914686,10.388671430874442
E-0020965,1.6235963679569492,91.47937890901241,131.41303940289794,14.97226408212612,13.271870777023436,2.374927824320175,17.1042665228934,6.569641827318768,8.799770999604076
E-0020966,1.251745463178259,182.3540998828484,167.34076660928838,19.367343590435315,4.609407045035588,6.986290127144469,12.94511705812475,6.084440270978095,9.192704993532073
E-0020967,1.7774737090068382,195.37608006315324,336.4571180829697,5.733695667766373,22.336486379282306,1.4677839901431413,25.726466097988734,9.849724202700072,14.085110888312085
E-0020968,2.0641105482378923,274.0796814817036,200.79073728575074,23.86355693016419,4.674061238980549,3.032097968000908,21.24826135306189,9.91755392501943,11.312914509373021
E-0020969,2.7777147556388804,173.68491610609698,371.7305031390508,63.56255039245028,6.109827253318369,3.143657165394071,8.275323880507296,4.601435619053465,5.214839326075905
E-0020970,2.9221498778950896,134.1446262097376,580.9111338802581,106.75975438062484,9.504059880805361,1.6911407562964083,8.503512281212442,6.054064781649331,6.467786700666228
E-0020971,2.1736260467405213,302.3834487107984,130.09184147775574,24.362657028179896,8.466154340576496,2.2357037803722757,13.480708734047088,7.097775316732479,7.61282263335685
E-0020972,2.7721731943369132,203.09090652649715,307.8326995114514,58.11545823295075,9.076392696731862,1.841086504699414,7.396815012503206,3.3142049113823577,5.42390998302399
E-0020973,1.9615683401841608,248.96673733912706,238.3249600858468,27.614426044267592,4.600256635258679,2.742221707225426,16.544617814172636,6.061168150480278,8.732607371419924
E-0020974,3.4553716683477957,34.728490289797534,710.4605847247926,34.222421846482796,8.513628223412493,1.0572969286059846,2.858881498361509,1.4043365249417707,1.270638959772964
E-0020975,3.0551695741723326,140.70864703019097,1191.2067539987652,90.39116780628156,14.064024241909571,1.0290388664782366,8.926605568635072,5.177721788819821,6.9832209911438845
E-0020976,3.1478583969586786,102.74588710368637,1140.2792289117776,129.60435035268995,10.732954988809409,1.0797178609643654,8.924522872398342,5.906477650511192,6.3925924536699705
E-0020977,2.597358937672942,237.63315280200442,436.9042164817747,12.982450258952122,16.090560159155697,1.3591927368629557,16.54138248685981,7.163813977550394,7.639960981013144
E-0020978,3.1167370583745204,52.71373036067319,588.1611334136849,149.78038329875034,4.477320738592347,1.3270471041041818,2.707798629669119,2.148333295126161,3.277944480055355
E-0020979,1.8494166705692936,16.633209073642096,88.58658975574502,10.452955391743904,2.893396214953596,6.00947031948949,10.192146421039965,3.2251627543936894,3.5791022614452674
E-0020980,1.699706796078386,178.97376214735831,47.17563550956179,13.808988270103885,2.092824599149264,13.635561126865888,18.326980893812316,8.279268700853722,9.962127856758322
E-0020981,1.699706796078386,178.97376214735831,47.17563550956179,13.808988270103885,2.092824599149264,13.635561126865888,18.326980893812316,8.279268700853722,9.962127856758322
E-0020982,2.1546970623103445,111.73870546594075,142.85644921152672,9.380100462068619,8.488590802384845,2.5787514850594095,4.119297979767285,2.3272749836340307,3.4326740468158277
E-0020983,1.7161915497019609,20.095780422667442,61.29156276811478,25.739828200610333,5.198531734735902,3.88546232747696,8.100057303201195,5.021154454426367,8.39395246569609
E-0020984,2.0699997254544154,76.85345160159893,154.55032360615363,13.703475935816094,13.193584417709072,2.098214472702033,17.858486519272688,4.8620999434490795,7.359546731104747
E-0020985,0.6255500682620917,142.2777740304477,39.371419475078056,2.5934497383790225,4.1142029231273165,5.494580646995999,34.30985630573918,12.213125521519126,20.338354180852352
E-0020986,1.7178628122451371,65.63086028312719,85.21053682972806,2.376118467239561,6.431208494080867,4.2669443530767905,24.64433282989806,8.03609622074893,11.906482304277821
E-0020987,1.142426426005808,41.25214067033336,80.37556146538556,12.127625153412898,2.555899788688919,8.35783141356865,18.39859930733459,6.862720109903025,11.493529199679262
E-0020988,0.7201252983498628,86.96461755809318,21.693309543589404,3.867166416439984,2.1924541529823194,10.28541059063116,28.373539399646454,10.760083495370687,17.784405988624872
E-0020989,2.986958820256982,6.5098841923345026,253.0835296393419,21.855700546841987,1.02991813336155,2.23257688452121,1.0723226081613897,0.44248503521081967,0.6211640749976552
E-0020990,1.4689651775766308,69.5034728881403,242.22139629792855,11.062628373956265,1.3917646448428935,14.954723186920049,12.961657635315971,4.832855221494606,5.166721300561734
E-0020991,1.516720539699398,136.77363415116724,183.97624847354416,30.043310415777082,2.7602474832512356,6.959905709483371,13.117506729450374,5.064288415202928,6.032296566523924
E-0020992,1.3185031049746947,184.41695936524613,199.8798750426219,13.872473310772609,2.3125049454619435,7.848595089759025,19.368636760591762,8.252482477006346,12.908268188575436
E-0020993,2.9139511316742266,10.83721691416343,210.1689733983905,27.823697561759364,3.45872009612131,1.577437469432773,1.659771779002115,0.6314266976132858,0.9249686541070703
E-0020994,1.516720539699398,136.77363415116724,183.97624847354416,30.043310415777082,2.7602474832512356,6.959905709483371,13.117506729450374,5.064288415202928,6.032296566523924
E-0020995,2.260004727744418,56.58850381766505,96.18707711113443,26.301321871731677,2.8780541016496186,7.090017004567757,9.018618075889943,2.8381199135510053,3.76495399580258
E-0020996,1.8819444117008917,66.27081197576297,273.0616382655766,11.411807450931802,18.19047970915058,1.3777708014016201,12.219763279640938,3.427847839335313,7.334659270288247
E-0020997,1.8819444117008917,66.27081197576297,273.0616382655766,11.411807450931802,18.19047970915058,1.3777708014016201,12.219763279640938,3.427847839335313,7.334659270288247
E-0020998,1.8605141815971278,28.415607777692063,355.82126873775786,12.002318928118727,12.426823912911528,1.562883574602505,6.696452996057144,1.744208288269541,3.311845904630518
E-0020999,2.605099294255488,4.913668964144681,367.0185316413174,17.853153824350617,14.439763578411943,1.2075525998382208,2.831768377317092,2.0454436062165686,4.558017308665759
E-0021000,2.4557897229081735,4.9731007109110665,250.2912120496422,18.721991576100518,7.764938661223786,1.508368374405655,2.6614332651050465,1.4935453526070197,2.875560523336817
E-0021001,1.7572765748074402,96.80731993864616,72.65738826601314,15.268334489384252,2.44495676669951,9.333205393600698,14.076746231267215,4.861588606146038,6.168674846868936
E-0021002,1.4563393918943044,43.65090762713846,86.54180682532997,19.85977789433981,5.429235996150126,4.864949191506185,10.78081058540284,4.237293425150933,6.370002976968974
E-0021003,1.251745463178259,182.3540998828484,167.34076660928838,19.367343590435315,4.609407045035588,6.986290127144469,12.94511705812475,6.084440270978095,9.192704993532073
E-0021004,2.4759584583475904,48.156375230465436,214.76052438841464,30.3466586979628,6.653597766776368,3.484198514876461,8.182440458695986,2.9021080908379346,4.86360369911628
E-0021005,1.6732094303625888,170.46481170386303,143.3979318053987,2.5133900529333317,18.445868619069934,1.600761586943233,29.405098599268136,13.890252720744323,18.70360341163232
E-0021006,2.9562120645982133,50.42150056894299,290.98424650508287,12.569816490722523,10.641374218143497,1.924374077615578,4.9486660898023285,2.3690069134227247,3.7499543381947102
E-0021007,1.436996239713185,190.60111231582633,31.61215494889445,11.05440168548271,1.3756333709257018,14.736729265638047,19.11782300923858,7.098276631867149,8.082955526878708
E-0021008,1.8011186307769453,88.93739249611802,273.83668607812336,15.72280904905347,11.043592917858051,2.9831190299027868,14.190194228905765,6.90395059548543,7.491379617751756
E-0021009,2.0271272130961644,58.52400674848011,374.59429240148336,23.36217910434269,18.399530642889545,1.9484101604100814,13.255217155467466,6.80811474465859,7.2241584470561575
E-0021010,1.5019582602437518,215.91744023298006,49.76949514616395,17.653433318940344,1.342676773672773,14.482796010623787,13.830342740382015,6.853423572719246,6.8058274050299365
E-0021011,1.3357556167608637,215.29046568965384,34.67901370389817,7.038036423539176,2.9551600984814783,8.876658800234841,21.71076760504012,16.681640141227504,16.694895707766047
E-0021012,1.5179458297839694,161.6404784131285,41.0385257340578,15.415945585222783,1.5105283909604463,19.644179873692234,15.864636042956652,10.061498570470258,12.193899665124421
E-0021013,2.087011297698705,44.57731158661668,88.45624422512115,15.861682837645258,5.721550044360747,5.198214662407232,10.778217912106939,4.8392014555570295,6.045310085929223
E-0021014,-0.039011460170122955,313.4001737519284,15.073505985889316,2.075755561836882,0.2171756713410099,33.40708499344336,40.56856768447228,15.06558071830233,20.411969781034333
E-0021015,2.060049208693219,54.12866145182194,86.21517297722266,19.0820659416122,3.4291676905615516,7.453126929607855,8.552696523399689,4.30270259590362,7.637842335802753
E-0021016,1.8458587606969914,31.090259153846926,134.83472728704993,14.899098807314061,15.777242932550708,2.0817376099680596,10.334735439232105,3.911032014125912,6.001503999304382
E-0021017,1.9322195244736924,13.438157252930592,245.33975829610176,26.732891931047774,6.537054217507977,2.513553214666244,4.981258873362385,1.876242317813822,2.8402029125641324
E-0021018,2.237240327537912,82.77226139034804,226.81298447040345,27.74454761900253,9.187089720638857,2.069412018080771,5.4791596048010645,2.8937424477651836,4.316797368216221
E-0021019,1.4689651775766308,69.5034728881403,242.22139629792855,11.062628373956265,1.3917646448428935,14.954723186920049,12.961657635315971,4.832855221494606,5.166721300561734
E-0021020,2.3190551501932513,21.5390903469864,237.1695761141719,7.392783808289263,9.461534105670802,2.8950022893924037,8.231421486636092,4.754909963180716,5.681812794520901
E-0021021,1.9646802371161916,98.08161681404678,247.68964045307752,6.619588074220443,6.247345405323858,4.926520089751641,17.44586152985908,5.7720126172673805,6.411376839335955
E-0021022,2.9668874961410405,6.4244459138112076,89.08554452863505,18.594590739407707,5.597370503942952,1.703473577065446,3.2424964290925677,1.264885810372515,1.9910917410902025
E-0021023,2.0802296777378264,39.23959678617346,378.2545252888898,6.006993421980241,13.846220151460727,1.1922802147442004,6.333887275274938,2.500041192204478,4.4318544651994225
E-0021024,1.5917143858079965,109.74947916496228,86.95609872628009,9.069744636791699,4.612357885037369,7.987201076840829,14.499022411850005,5.418271723152282,6.884763554577348
E-0021025,1.5917143858079965,109.74947916496228,86.95609872628009,9.069744636791699,4.612357885037369,7.987201076840829,14.499022411850005,5.418271723152282,6.884763554577348
E-0021026,1.5917143858079965,109.74947916496228,86.95609872628009,9.069744636791699,4.612357885037369,7.987201076840829,14.499022411850005,5.418271723152282,6.884763554577348
E-0021027,1.5917143858079965,109.74947916496228,86.95609872628009,9.069744636791699,4.612357885037369,7.987201076840829,14.499022411850005,5.418271723152282,6.884763554577348
E-0021028,1.7485921256145212,137.96303421344172,131.89420958093712,10.787394414218507,4.220820498051386,6.394970296580812,16.951694039801243,6.068840592496771,8.019974213964218
E-0021029,1.8533923062994262,205.94086470486198,81.06103886943015,8.597376962465054,5.094584005203404,4.1301521253750355,18.93498062625018,9.26100710703198,11.761718515155048
E-0021030,0.3779398287865698,160.9227164732515,48.092922518458565,3.187301426243111,1.2708193344894358,12.80672953820443,17.7507668605764,6.162532607981098,8.679107650311334
E-0021031,1.7806889137837683,200.3034129218784,97.53871450191744,19.61912761429543,3.1899018706675824,9.460636986254,14.862853619712451,5.54314484187011,9.357999982589916
E-0021032,2.8005527531442285,12.232671752530972,174.51160248673136,26.960971981418126,4.737912073967962,2.0356998197560388,3.3931213108489757,1.0685871116375198,1.5206114089773624
E-0021033,0.7109391113962253,201.8084036719795,166.44582057563153,2.9686000926822866,12.615461271466184,1.450110278203981,27.358709326229498,15.984565836902037,17.16663795491384
E-0021034,1.9738366491680233,62.37323655583986,111.61596801679921,20.585512305006365,4.002840224369282,5.00491250497794,7.288806277061609,2.6823931708766504,3.870371369558329
E-0021035,3.086107383284329,3.596675763698515,220.98416982828743,17.792278186706262,2.6766218678702685,1.8154767329211188,1.5715906801750843,0.43154650913318227,0.9955174618795892
E-0021036,2.160193858897452,78.0374743351887,143.4832296646956,22.925343937347595,8.542395030828134,2.9777295960700974,9.492264225365771,4.128686505818701,6.793273663751031
E-0021037,1.7199567163347693,99.89637663460793,171.1845695978306,7.997338074873525,8.36605564022892,3.8382874550520563,14.202978017713827,7.041695155898615,9.010877725992716
E-0021038,1.7199567163347693,99.89637663460793,171.1845695978306,7.997338074873525,8.36605564022892,3.8382874550520563,14.202978017713827,7.041695155898615,9.010877725992716
E-0021039,1.7734836912482022,95.17074973905719,50.7768660400125,6.262038986472778,12.637339620786914,2.606509346873236,13.300642810410775,6.448164370922434,8.908849716089474
E-0021040,2.8638772067493066,42.0228388916565,418.5919785737663,19.594244066845693,10.11063942167466,1.0115495604142422,3.3547295303284206,1.860397521225545,2.0358761308445494
E-0021041,2.76613437846161,157.49622095534005,203.06159034713707,45.53488529916692,1.8290095939979407,3.225849807123132,5.3123814048547136,1.6967949444188895,3.5114137046031684
E-0021042,3.248028096984485,28.212487764889122,676.2238767796582,93.61065803019993,2.380501884500858,1.5437412907680934,2.2950421531683944,0.992517234524925,2.3020513073083317
E-0021043,2.590887438118071,11.175618037128098,406.03527701865266,53.0585896447193,14.412380705387653,0.8656302505231952,4.545814227942606,4.26115792110928,4.473547152620532
E-0021044,2.6625379051051836,157.3426541563822,974.6478183036039,86.68335417657919,7.099978272286878,1.3110040096643505,7.1228772186467,5.021694797763074,6.605186996248984
E-0021045,3.52157743677672,10.927585551747734,523.8304885680066,35.30074973393193,2.0880915917776868,1.2839753330198251,0.7345351176738326,0.10612783699095454,1.3202692138050405
E-0021046,2.4545350793743985,28.267872045980972,277.04532786270335,11.024739328764007,13.89648054930235,0.7599786805698387,3.4331809042596517,2.4097918617566627,5.0286525757851885
E-0021047,2.8137651124490444,83.36405669579472,450.2209876716762,40.2947022187167,17.86194620968117,0.6704911301286163,3.7920444264619446,3.9019260485231486,4.354504309640177
E-0021048,2.73560428597089,24.769739242225093,186.10488634366013,26.74702106267572,11.78747937992852,0.9973011717649648,2.865039085713995,2.442621048876975,3.6576882508592394
E-0021049,2.7129918826247192,148.7841180563717,652.5841666233948,25.049540128386344,23.455486610942135,0.8674800543730206,8.604576612619356,6.175209295935803,7.708636042766305
E-0021050,1.8875389281806654,238.19033180053452,147.14476314225428,22.443224784545404,6.756561455382577,2.9053422180753063,15.817404868590607,6.922486977371369,12.248141175476487
E-0021051,2.828858783727725,26.914225039207686,450.00649210360206,21.47618810396481,22.670257766786676,0.9160089276010465,4.786769439068203,2.7815444696138685,4.668674189566404
E-0021052,1.8809308832692944,133.26314834841776,96.91916781207117,21.312695668620012,20.880539219593548,1.0778638455757132,8.946287145200273,5.732621846212647,9.310623564693058
E-0021053,1.8706578065530088,77.3799273990853,127.86894920956541,7.961081150804427,20.344215059194713,0.8375095299082705,6.976454036536645,4.717361511676893,8.684350487621375
E-0021054,3.01890287066732,102.36450880880183,230.98921568181282,18.040333039772005,17.843327269345842,0.8399836236571332,5.511142160932335,2.948415482585782,5.643218727670115
E-0021055,2.0736238654822907,260.6630404421232,255.7203485444151,20.42004063496693,15.838828068924093,1.4098909749855923,14.949039702086674,8.744209541680835,9.051096675783466
E-0021059,3.8328173802612504,37.89349821875809,306.3609763071069,23.09338889078906,3.349953899941093,1.2893743945387701,1.3138602635597338,0.5418110598976997,1.6881312356385991
E-0021060,2.8950140319378934,81.60090909334657,436.02737537802744,12.070665333382106,23.292931616942447,0.7691569328552946,5.356525031011914,3.3920335503743906,7.567102001199889
E-0021061,3.7124348352657766,60.54500409951114,408.056777632417,16.40725775423667,11.725587731423378,0.7891499169886128,2.88504255900652,1.3326488805371453,2.964864947638838
E-0021062,2.873638472546931,17.983101101373894,369.1400250316887,31.42829541529869,19.690774866195337,0.838995477247196,4.647017184004768,1.8058560524698795,3.6134698950645214
E-0021063,2.394936874101636,284.6053884131335,157.19652527614377,21.328383973133903,14.005308187969625,1.959024839224261,11.322004453128681,5.939991336084467,8.953410676612798
E-0021064,3.7064793970580787,109.94458072076993,1706.767769238941,60.51597022546605,9.3513040009398,0.9807465843514774,3.213018531334222,2.2690989593570503,4.175217158484383
E-0021065,2.0475207749642697,33.033562489538056,240.95258394892699,15.317438758422618,15.692580334512424,2.247650945080103,11.499236480772943,5.90044477041575,5.876914726272048
E-0021066,1.6097058875528358,214.49125927306346,105.18513151664493,8.573399242376496,3.7079042252891172,6.651140769054543,18.36040111609212,7.4378463093564475,9.615771303675276
E-0021067,1.8597877730030346,38.599859119049825,163.0348122073729,15.73935677219338,1.8620625231255632,8.616229843171439,9.99546371748184,3.347617299855687,3.747037517543782
E-0021068,1.2595573101157296,130.79349871806798,46.81553498589762,11.094117988643458,10.686496092121487,3.4497633441773754,25.79284274202489,8.394340288870108,9.751336817758771
E-0021069,1.6268963889287495,100.45338032649721,120.79351869199732,7.032644342970845,2.862753422245785,10.624896990138625,24.359594176718296,5.845485396690929,7.24831426291295
E-0021070,1.8595502831735449,20.707773060182816,241.89741564657453,7.503237223427151,7.504524259958931,1.459386356245185,3.8658962793915386,1.0436709240769415,2.3137572826815327
E-0021071,1.7005426651687832,16.505770920953754,275.99496408045667,7.421146778359996,10.28892374874475,2.026880650801625,7.329418391232261,2.2466470886446372,3.6618420325820704
E-0021072,2.6661297140102485,13.47384962301949,421.75555673102275,21.233871543646377,9.702293374466258,1.527411485869419,3.6160929084731137,1.517651678975739,2.96287158835122
E-0021073,2.4731390010110594,5.738236335567747,309.4454936572503,19.838094827147398,4.339190694949828,1.8891574986070658,2.539774045214156,1.3212337036785138,2.32777055150853
E-0021074,1.7246054081755702,145.22659854371662,136.82199226658665,20.395420394838702,3.872529647663136,7.770148517588214,17.086482682217945,6.970112999684829,9.845379051332252
E-0021075,1.7246054081755702,145.22659854371662,136.82199226658665,20.395420394838702,3.872529647663136,7.770148517588214,17.086482682217945,6.970112999684829,9.845379051332252
E-0021076,2.413500092652922,14.331980407494594,154.53927757861507,21.228716817415414,6.2569122920240705,2.3640484160445423,7.051336650659662,2.4309782225769188,3.118905504412414
E-0021077,1.6033999838711335,189.67230310762915,108.15948507362626,8.835925456805898,4.418554785882773,5.992987870415594,16.09518463351932,6.735399809495726,8.162798082068178
E-0021078,2.503539726509832,23.11660898446564,150.22068491079995,40.899380804885766,5.350404715607975,2.3867488214873895,5.284070061035394,2.575522060626174,3.3947576570397464
E-0021079,2.4105500179483745,11.170107560220611,197.31681364828992,41.680191092089416,5.656431573951058,2.305219781303982,5.410338492661617,2.690737683062572,4.247744789805787
E-0021080,1.3281640066674614,169.5438056037804,133.8996489541457,8.172609482902674,5.009320575846006,6.4925878167430975,23.975828336474894,7.008562939357422,9.303246709441938
E-0021081,2.2277140876737525,26.603814777305104,73.15019181709526,11.981652564280697,12.459145059520234,2.032357674902886,7.599788382015198,3.8838840952203526,5.507618634272512
E-0021082,1.3804211121733652,81.96543735403125,95.83901432246151,7.090970793894208,1.977655188753265,10.182341957143123,17.041168073378486,5.722970708361167,8.229021183027834
E-0021083,1.41838077432778,205.9774810522698,57.17064507226858,3.0853784367207497,11.76593484646469,1.3306530497134261,8.37431153615379,7.701322363929639,9.736474304506501
E-0021084,1.121008498068298,121.1845926236161,70.36413427869057,19.385816447840497,7.167643947921033,3.5117299063099465,12.406150125901668,5.575125707964918,8.628493972385233
E-0021085,1.121008498068298,121.1845926236161,70.36413427869057,19.385816447840497,7.167643947921033,3.5117299063099465,12.406150125901668,5.575125707964918,8.628493972385233
E-0021086,1.121008498068298,121.1845926236161,70.36413427869057,19.385816447840497,7.167643947921033,3.5117299063099465,12.406150125901668,5.575125707964918,8.628493972385233
E-0021087,0.7941907921136028,227.48726062515115,36.55607131781195,7.6040430043547405,11.669687096601912,3.334560852224334,15.652721485951187,8.053831045151005,12.155354737075942
E-0021088,1.452418792640763,191.04741492929978,58.805741539962604,4.966152465058547,5.270425110609719,4.705759225017139,11.823150609691698,5.17959597547244,9.21429360966282
E-0021089,1.5439515894220357,238.12639098125322,79.38935513302272,8.871802640809964,6.732878715937125,4.926078994318113,14.882268897530064,5.889637297765829,10.45936455481369
E-0021090,1.6097058875528358,214.49125927306346,105.18513151664493,8.573399242376496,3.7079042252891172,6.651140769054543,18.36040111609212,7.4378463093564475,9.615771303675276
E-0021091,1.8287982931809124,64.99224206991885,117.26369269504298,18.153020892039805,22.401450542271025,0.6942472347194434,6.739810188887796,2.566974866855451,4.640478265432549
E-0021092,1.2209466280339034,111.91093293569456,60.26120287432547,1.660588109163263,4.880889337407144,3.9853771659602115,29.403207532900623,7.951710584087916,11.766701277422042
E-0021093,1.8488876432497097,133.68807229582393,153.6214784276858,3.918694795073518,11.540447712966262,2.813079941744677,27.752790293202327,7.843508661404436,13.30670439901313
E-0021094,2.122999151609563,29.03537942922264,135.03563506503082,8.110256984953063,9.546977053550636,2.9677129450408435,10.135795063681106,5.659160921071947,6.7858975291295165
E-0021095,2.7949610109038665,8.397480087013454,80.65724115761054,13.874243669817568,4.52626218796858,1.4948276068570536,2.2811160465570066,0.6810660728274429,1.9382671432893819
E-0021096,1.5962484859396835,137.3597850755976,350.26286166029337,11.242208653888046,19.48231515051326,1.5187708010012273,14.970590215464362,3.694579617467258,8.969012107679223
E-0021097,1.5962484859396835,137.3597850755976,350.26286166029337,11.242208653888046,19.48231515051326,1.5187708010012273,14.970590215464362,3.694579617467258,8.969012107679223
E-0021098,1.8836443151153335,87.94468139998419,368.9170757621041,9.260110496282344,14.736913411189157,1.265464233652448,8.33835941379414,2.1177059869929975,4.930995154302584
E-0021099,1.6769668154277912,12.160615836538897,211.97669884125906,8.248108242967103,5.607914271276251,2.4385518907106363,5.638707752160253,1.5489345625874031,2.393201484982353
E-0021100,1.8845181167923208,181.42682898639194,84.46360513658298,22.593286167226175,7.963018736967367,4.462835957336689,15.321028985356156,3.751919036041132,7.546452027333334
E-0021101,1.9762074768330935,80.76852076762538,89.95631369276246,9.037585076620505,3.148859984389881,9.286076314760146,19.699530159945514,7.250541551299601,8.284644039494102
E-0021102,1.668105728655528,203.6910974173291,175.84101390191617,14.281815968909163,6.351261191203241,5.24357841229466,16.96315745533241,8.017896439687863,9.028496200394626
E-0021103,1.9427153364656065,89.14616140297186,176.1673502691806,31.521411812778435,4.494476694240852,5.675205432099553,8.221392526977137,3.5804848956855535,5.0414050103091705
E-0021104,1.668105728655528,203.6910974173291,175.84101390191617,14.281815968909163,6.351261191203241,5.24357841229466,16.96315745533241,8.017896439687863,9.028496200394626
E-0021105,1.9427153364656065,89.14616140297186,176.1673502691806,31.521411812778435,4.494476694240852,5.675205432099553,8.221392526977137,3.5804848956855535,5.0414050103091705
E-0021106,1.9663372254922726,132.96670059182793,70.28002597768149,10.05994535061254,2.618202221517308,8.806605196387018,24.650074598134083,11.450890046581337,15.47068651929495
E-0021107,1.995175681122554,42.59057165962955,75.40253589446941,8.38538115105686,14.307874019612784,1.9131695310940802,17.352386922157876,7.689512446545326,8.592957605229412
E-0021108,2.0875197953246283,51.2591846244546,71.54681981833451,11.365231429249585,11.79739465391925,2.8022331668066967,15.39954934420533,5.905910125132437,8.155007972433154
E-0021109,2.892861403252799,20.92052640782205,678.2132969634965,47.44355789546164,8.221917588004152,2.1664883648308058,3.3881130810000815,1.7641389567138772,3.0009434752740987
E-0021110,1.3403812689928487,206.75394269696454,88.45933143418287,8.27971803032671,1.8098670700982675,12.041646426593644,15.313196910952252,5.502616395453127,8.951060350214195
E-0021111,1.443423667798017,47.12856286804151,72.72208663384473,6.660926949160617,2.3818320672999143,8.578091507063299,11.972472383812095,3.726198328584155,4.584886325991859
E-0021112,1.121008498068298,121.1845926236161,70.36413427869057,19.385816447840497,7.167643947921033,3.5117299063099465,12.406150125901668,5.575125707964918,8.628493972385233
E-0021113,1.625978069062642,115.74890643605805,51.92883902007329,9.61434058897635,9.594814070982283,3.8601856165314206,12.08411679905356,5.059350384493138,7.418482351781016
E-0021114,1.7568926182522278,55.5817065942668,67.64070392208046,5.887598683879045,9.935070386127002,3.1142987323069344,25.52528806976387,9.084643328719903,12.51724255219179
E-0021115,2.172936611461985,55.642712815981106,330.8975378186137,15.299288062879725,19.524600068061215,1.5843976280362944,10.276839407443806,2.669780399729159,5.429500625821522
E-0021116,1.6112233848662192,110.03256957944272,89.63142687677868,6.613333611232562,2.74188406860971,9.83850557553374,28.239890973273848,9.887319266963262,11.260040270404389
E-0021117,3.2997917172652333,4.386086034636773,138.77307021673096,14.30137171428693,2.5425731894170243,1.4342842615921652,1.6583685189994046,0.5289764191081704,0.8870432199730139
E-0021118,2.973496238422209,12.147548018527484,313.65489590217584,20.27127979080995,8.118146533725964,1.1994630758061753,3.0852244567116767,0.9668104171656355,1.806399341780445
E-0021119,2.2360606337416464,158.57729624947288,66.42775603942259,11.40353325439373,5.726102638948382,4.801633333847572,14.254067731051697,4.9273472827784,7.083858597962359
E-0021120,2.361286323360201,87.6127680965873,142.0030334615082,10.450230468221305,2.183240342981708,6.971053101775879,7.456549646964854,2.398317627182322,3.4823592791225733
E-0021121,1.4240742954016177,181.016063260915,207.313239121691,7.347996461480593,5.250484083380621,5.420986849411369,17.145278425671833,7.47643134189104,9.373886489245313
E-0021122,1.8203155767188872,141.2827277900223,154.16099724734448,16.35499496444159,3.9556330029677884,7.118848591824229,23.281815655804074,7.871256219928815,11.748587477285625
E-0021123,2.355324682073624,171.18628785231093,1082.6973772549745,84.54034831217791,10.214360237091322,1.3899588168748096,10.648001774883438,6.992334781827549,8.322028084301524
E-0021124,2.7763244645898446,254.84236317020984,443.80869058074387,37.68064512665857,24.507978661547707,1.1614277384492095,16.833022053590668,8.786656123863313,9.931655395705262
E-0021125,2.7341779917077464,289.0690160105822,414.57418877091015,20.87522774647526,22.348373652118177,1.0039883319221323,15.044404176162262,5.9680899740575954,8.280948448844832
E-0021126,2.8805148044970497,256.40681764255754,402.66630613652273,31.261627641583722,25.874674276126214,0.9644220757128873,15.839941459161002,7.166572276338598,9.967128346642353
E-0021127,1.8557428695804463,41.99557582919479,153.20438072484072,6.36788436875215,2.923860992578555,6.10977571684863,13.474283834277323,4.047180836060878,4.212936898800948
E-0021128,1.3797978984936945,231.49192662335102,355.3432363986948,19.48554279347777,5.826076565982215,6.078383623119457,12.130110892424897,3.780166328378972,6.728087269305017
E-0021129,1.6355360044765805,70.80586078447398,117.82463222853525,17.985146323860132,4.813344933086694,6.143863281192016,18.373762106270707,7.98700003179788,11.873763540476624
E-0021130,1.2725815048604805,157.3073820098287,76.65263276330245,4.004086671793739,2.2910886705634494,10.133617347279062,18.655878860944366,7.845334466541912,12.854004189717282
E-0021131,1.2725815048604805,157.3073820098287,76.65263276330245,4.004086671793739,2.2910886705634494,10.133617347279062,18.655878860944366,7.845334466541912,12.854004189717282
E-0021132,1.2725815048604805,157.3073820098287,76.65263276330245,4.004086671793739,2.2910886705634494,10.133617347279062,18.655878860944366,7.845334466541912,12.854004189717282
E-0021133,0.3210555791551753,200.80360454468536,37.60358424405576,2.3323258951565555,1.6285428111329001,16.808213040581137,19.875991430630606,6.361724386464442,10.35294073557085
E-0021134,0.46606399355253053,139.6563092253583,67.48005342067881,6.3853465415600805,0.9051217671703079,25.867955274758376,15.074424552043672,4.10588841945186,7.103750721775586
E-0021135,2.7910985353510878,14.414134771430431,400.24539932946544,18.479792842536593,13.657659953214438,0.7538710234914369,3.8119228849221103,1.925269806768374,2.635477029854599
E-0021136,1.9159235067506435,63.3913450091993,86.99643020455319,8.764388211346665,5.890894087574374,5.671251060840011,21.881675552481994,5.856231007911733,6.800253007172132
E-0021137,2.278075017419665,42.89879998762174,346.6796394837493,14.763774819775547,14.590038588703994,0.9106288139545652,4.838307637457725,1.4260312676725668,2.520017586808179
E-0021138,0.37091712814426075,168.85209120079745,73.6721191037474,3.6956372985982657,1.2626692470003131,17.370683407898618,16.99174661083652,5.094750393849146,7.080918869741885
E-0021139,2.0608313760838195,31.282270091412258,63.47066672471957,11.434613211642214,12.16673297514833,1.9358579859000205,11.923101853217752,4.213926264192413,5.407452732555525
E-0021140,2.1099015856440704,84.59519896110709,49.84161885759729,5.371246274189892,12.57300612380812,2.415657125603803,14.832956086522815,6.786905784731645,8.57861848355569
E-0021141,-0.33472728025990445,204.87184441266598,35.11425539323764,4.193278094160742,2.0808308302078204,10.735560002629356,16.364557116769344,5.346615202366459,11.902539040938592
E-0021142,2.589797642158985,101.66408995424351,277.12721917654994,17.43416244750777,15.764669993129319,0.8015521930527515,6.798777041264605,3.212417831494738,4.732699360581709
E-0021143,1.9397770954775204,204.1492640408956,254.4454075870118,19.191545800389935,12.067959333179589,1.6782769306495442,26.513220838480436,9.888352740424098,12.265763977269273
E-0021144,2.4239148480023966,8.31407329753061,124.00709895229794,19.844624592103344,5.696190328725729,1.3605601076332328,4.144194040259797,1.7608461866704337,2.5609781648506718
E-0021145,3.7498125302811567,1.6815258371008885,133.97576134236647,27.651495370548144,2.326102627638909,1.2703322418747054,1.0790069257587465,0.29673386626030096,0.6932493939506668
E-0021146,1.4884592351482173,158.00642433794948,98.02460689501328,5.141760593127391,2.3477432811331083,8.655660928922538,13.436708029497778,4.077698855987336,5.7201181877925125
E-0021147,1.7806889137837683,202.89490348425159,97.77549389300513,15.222140403942266,3.032219130057882,9.510487762540302,17.439856924329035,6.636031033804966,10.706199360484733
E-0021148,1.5264982746371927,186.7477117495333,92.87688019927428,8.34536063377224,1.7057915342601975,9.40332909179276,23.26992546811824,7.881565269912537,10.138669784082577
E-0021149,2.1503967864795985,43.98080612956099,150.74866202291733,18.38752269237637,2.076328325506087,7.258518668711486,6.323388251247394,1.8654511162408265,2.62365747615313
E-0021150,2.5214640937473303,95.2191528476458,379.23429012776137,19.234188262549978,6.661181138659893,4.203846108541105,7.618854892642824,3.1705758759692295,5.989771795423315
E-0021151,1.470923513178336,150.0380153016496,43.183357982893305,13.668536811785538,8.892201279062714,3.8853514388373744,15.53273787165193,5.334606215397896,7.518297846518796
E-0021152,1.8279685758571245,44.303132153310955,42.68314004649244,16.02514191270435,6.448118726951697,2.8887846272219195,7.588049662960297,3.015200504006863,4.03395431885462
E-0021153,1.9573378344107808,60.68459545633605,101.4579481813312,8.647694937811057,10.819014399812104,2.4306599638771313,13.57872992682557,5.1354235701408255,7.715620995085199
E-0021154,1.9955062843388631,10.99902868138069,51.771038562800804,10.546876589682233,7.739791772836278,2.184679032746744,8.417247512049535,3.1599403497989993,3.694166882831797
E-0021155,1.8233203284985315,28.98548720372294,54.83618535472993,12.822403749372096,10.38133084490342,2.2994208934231586,10.405317947783898,3.911478133144799,5.500665063756567
E-0021156,2.450587487370022,24.005353459569754,50.63516478237831,14.829046360613875,10.373635797660704,1.696552905213068,7.242319067760712,3.1143948503337264,4.035135652900938
E-0021157,1.4254404886812506,65.24364540627623,28.45134151993742,10.680317197099978,8.318367646021303,3.24641201530733,20.299267345974524,8.672423783627405,11.560822088112857
E-0021158,2.837759684334093,5.831804261699611,79.20369872654639,53.85664034357515,4.813064235558475,1.5134378651026714,3.4477939163279103,1.895201887628407,2.6890557934951653
E-0021159,0.8069173475950795,151.6274680968247,78.7623957871285,4.056820608183949,0.5990713760203368,17.97698000448414,26.396982453201183,8.039182197169207,10.723911465032074
E-0021160,0.9340262255826669,128.77923939448686,67.87064946204839,12.89065403277078,2.2562750317873634,9.205881640495212,16.725494036949666,6.536101168759812,6.829897427634376
E-0021161,0.2670324348965895,124.65842862520468,33.69906282024606,2.168451697392948,4.177246908560126,6.0321740182591395,21.812428521584206,5.748135743606894,9.082451844669357
E-0021162,2.2309145739624157,152.1893471192939,231.31833231899333,17.607187486938976,13.58808123844054,2.2143414841502436,13.367859547909076,9.596744239984998,12.47641280027847
E-0021163,2.572635687500167,14.566304387065445,391.6663237902887,37.124087269397826,13.989007157970239,1.219872926684706,6.464602465971744,4.5922876683306715,5.822209700920087
E-0021164,2.7964906352771584,182.52396962149268,255.07853306865206,34.3840743876847,7.894564100211366,2.038919943226522,10.132858671730146,6.477828406843441,7.146575866473061
E-0021165,2.7787562344425893,264.4855382322451,550.1468397277517,69.6718105524104,7.415369990276643,2.457494117678868,9.58221940309096,5.3741577519805865,7.749946577178291
E-0021166,2.8804619373163036,231.84929409743424,228.41746626349754,71.59324746028717,4.096481466136311,5.191471327415511,11.31570999213283,6.031670981075694,7.365811029522889
E-0021167,2.944701529416106,155.6759550472386,275.2830147597982,97.3332002415662,6.339581812504317,2.563394934327134,9.329280562779555,6.1857519901730615,7.573971005879583
E-0021168,2.6335464305728515,8.807145861027491,212.57543152889704,14.327081786082987,16.260073073772556,1.102445025790173,4.934018710698787,2.64857908987384,3.625461840515568
E-0021169,2.6375040113659662,164.91675256479945,256.59190358765255,9.129085168844963,14.711529302184937,1.2539792883168996,6.901206328498455,3.3731508557950134,7.495080951799359
E-0021170,1.480700114906995,228.3619502481296,61.37304154228784,5.823239037760502,17.88127552060837,1.2311718057793635,14.614903832328054,8.684752020186126,11.746157309921688
E-0021171,2.9715529461791017,56.898617858459964,1724.0699874923278,111.4533266596615,11.904304319991395,1.1755978656287571,6.1196663246272465,4.963851818672543,4.732450315617083
E-0021172,1.88245487522217,198.66453557617692,637.3224588493108,65.01742983667097,8.36365953830938,1.6418950236798733,10.780101019835852,6.246763899638701,7.415914555948518
E-0021173,3.369557859107774,6.407427280146867,899.0885179938238,168.57817796514564,1.7919556427291239,1.39525839344067,1.357112019508413,1.507702864492579,0.9807727692485104
E-0021174,2.265681813086587,222.28769471394818,531.4474080546944,20.427638769425055,12.069820492495106,1.0405893083579891,19.788010769209556,8.269564882568577,9.200354047832967
E-0021175,2.8903829453961953,96.09544138159737,447.96710988212453,22.602421988247524,21.52933818874894,0.9483759523240699,12.165312228708958,5.3033326938559044,6.49688181060701
E-0021176,2.053923007113224,212.23094385938268,282.45569157117507,22.06989005542173,24.81392489845758,0.9535762101201323,28.41710367784515,11.257294428345283,11.382813300209211
E-0021177,2.6464534041619756,252.19198211718032,252.45946867399275,17.76726252819639,14.473802744693716,1.6129058034104653,8.10743807141465,5.016528280875023,8.162528072681644
E-0021178,1.9641457266682338,128.26473271655598,106.6306351001087,6.228594490258816,24.32020360145238,1.0105802165360551,11.851706217674332,7.32121195695862,7.821671218813343
E-0021179,2.4980691487087365,31.1842000071361,265.97490167527013,26.645663792066415,18.16422111107274,0.9284308968768358,4.05059091303978,2.668299483806432,5.84235184921275
E-0021180,2.33344889693666,51.763327919811545,361.66205426867134,34.873987348531934,21.060441640421832,0.8840450354066188,6.671783848226536,5.362983675007858,9.816993672649891
E-0021181,2.742436111126327,8.762535521939418,124.10251297951879,14.618049416793747,3.096754876843126,3.323184006666335,3.028705002684526,1.9246984265940401,1.7344748817015603
E-0021182,2.114772580165325,62.51104003099111,135.99266883972953,12.342194581584971,1.8339243261678133,12.288000199828975,9.11472989989361,3.4058769871135817,5.426740157278997
E-0021183,2.114772580165325,62.51104003099111,135.99266883972953,12.342194581584971,1.8339243261678133,12.288000199828975,9.11472989989361,3.4058769871135817,5.426740157278997
E-0021184,1.79145931473076,88.54744084300411,97.5949043865657,16.997151389503685,3.179781137077795,5.494496846356837,11.77923394740093,3.1781581391623317,4.218097409199598
E-0021185,2.650027721906877,16.504311701628755,189.55127274424277,21.184529797415845,4.694126399637711,3.3882049820344533,5.800167433200408,2.2176210985705627,2.63411687285663
E-0021186,1.8097729708942323,59.46511408581574,71.06389944551412,21.687290875049392,4.965105998703805,4.764715849819302,9.714490545707207,5.107282459323524,6.7899042640687215
E-0021187,1.587070662720462,125.34400357908093,129.59441837681624,20.8706952519278,2.3842171692167473,11.034200863941749,14.801294880689605,5.091920064982097,8.828896298934641
E-0021188,0.5805049177250081,247.3713613802404,37.644337302599446,10.939333039602582,2.4480596615873824,13.553493934916947,24.907543253830596,10.040767042328318,15.938999465779904
E-0021189,0.09325951689380273,193.3285602851029,22.802667049010903,13.458867185956825,1.4850078962915358,17.281857746096044,21.25425987020308,7.448997339781885,11.147026703886086
E-0021190,1.461763076854859,100.19796171457597,69.9975681186845,8.360987195734733,5.404592802714161,7.586261037192256,26.0562616809059,9.766275303733067,10.633487448878014
E-0021191,1.7369152734031326,181.29901453086273,94.27474494766247,20.28007462392561,5.574515766788744,4.799272953778959,15.892785774685102,9.102729932812919,12.542707748100991
E-0021192,1.5494630764779045,83.0806360871992,93.21325750486638,6.655390548811854,3.1073501576184714,8.177719651529223,20.151245293718894,7.506484489221227,8.74917424103572
E-0021193,2.014365658034955,120.54535722762256,69.33370296419159,10.7379703512843,10.302663387210544,2.9051602554588274,24.920940216219964,11.083292310226113,16.287330637481272
E-0021194,2.296334584191856,150.51815455106106,102.07161861740765,20.499283832308162,9.181203316896735,3.061803137123831,14.400730359477489,3.5632846891224816,5.463918646185496
E-0021195,3.336172251448124,46.99054012785576,399.3275675137942,29.41413078477238,5.969714822546558,0.991555754634101,2.1829831716444184,0.8441965943821174,1.7480141965773384
E-0021196,1.7377644262255174,100.59751907306782,118.67443778832234,4.448202852527602,12.013994964606688,1.4603946867071578,15.00205441538542,5.130375347930334,6.615622349614954
E-0021197,2.1077984618833225,85.13574220803504,308.2383679527211,10.513290389023457,15.867100519517463,1.117738944280792,8.926737959014492,2.5936954242572856,3.210744318230883
E-0021198,3.3462741145368033,1.9427768236078624,278.8980887233139,14.960771794826249,2.4404380940200143,1.1032235607146073,1.1406496886987967,0.3894237277689473,1.0444116646476982
E-0021199,2.0231919158412763,33.85598893041373,180.85366655432193,15.988478968203397,8.681449333953642,2.0112445071083096,8.390170872001137,2.3791713352516775,3.625636482499115
E-0021200,2.651335284319825,95.43046027598906,248.03618490321995,13.180906898907415,15.74379279020945,0.8342880304640427,6.486312162525634,2.7194551952784143,3.525172410405359
E-0021201,3.7737451394154844,8.408556240747952,340.78214256476434,18.5370804151506,4.766756592557456,0.783680831659125,1.444564523849414,0.5011932224327986,0.902499911806984
E-0021202,2.896168374972895,14.133592745203856,172.17473691796673,20.268216378982327,3.0522301027077394,2.0182787519604095,3.903927935671996,0.6455529299672993,1.2983092889434378
E-0021203,1.8916864552710653,138.15812424752437,92.82403081196743,11.664325428178245,12.507484951831017,2.483608863551631,16.797839778537178,6.740302829180892,12.208035122130312
E-0021204,2.374890520246808,121.0904943683288,121.22605074073272,39.39612698942707,9.161762359035038,3.7638488651703597,14.62712040302648,5.223173660627693,10.190119142853687
E-0021205,0.7736785073948135,105.10037761389283,49.0125277125017,2.7390877412570402,0.8371340388629154,17.302301237903965,9.013645162891045,1.9186020603588112,3.0219255415929984
E-0021206,0.4135104447153287,115.2479107170736,80.15833441815202,5.323623765980289,1.0461416626663314,19.826075759510484,19.719720985557398,4.687277357522016,7.188241457601431
E-0021207,1.9309871395121885,129.32046579678823,222.87278557708575,14.24495917358364,17.569161269903834,1.247533429918867,10.925888532877718,4.584749353987897,5.861974994733674
E-0021208,2.364801693583191,23.407184220801614,103.88241559775533,13.863093758465116,12.472182107370589,1.4670993090620654,6.385671567910616,3.4124531448097533,5.603128283728107
E-0021209,1.8837497301939945,191.76361569422713,69.7215900394474,8.9917703283217,3.480905083208065,6.975752368237279,19.796061331730318,7.265106272269829,11.253222991105499
E-0021210,1.472738370366439,208.35691005315513,133.98100791256078,7.134645833223674,1.6904353275502126,9.51715607698204,14.974878924240292,4.644445401998253,6.496189075102385
E-0021211,0.4978163497630227,130.52748414766646,45.92098781008441,4.050827557237921,2.8852453279637067,6.6574521422584025,10.853631684409162,3.655767284106234,6.812319813624274
E-0021212,1.2192590760817412,200.42508220914738,92.61802892624395,11.745273730781069,2.3341769428924857,10.816019869245618,19.77432728055103,8.670633286615155,9.991761511941956
E-0021213,1.1340342791768347,187.25268291070265,80.75522021797039,5.177632342574998,6.299055653236256,3.517502149333569,22.912124069146753,9.343493895944796,12.532234933765919
E-0021214,1.696792735918577,148.3708061553046,96.31715640364163,12.86282500914876,2.3809250022533384,10.506358270585377,19.065414032499827,5.697464053237253,7.238070977373796
E-0021215,2.413755637312477,39.49958402778253,188.01811961684382,18.285147455410247,6.369091566662811,3.3494436583413023,10.868892563883207,3.3105761602258252,3.9848911886863627
E-0021216,2.0201217727553344,78.11810148586639,118.18896088242221,18.67516246675397,7.254789856998813,2.919054627603795,9.232343413619832,2.4993134508464103,3.874516274889732
E-0021217,2.694531432854385,69.08229454259914,339.14747089478294,14.566210647619455,10.225257509899329,0.9644928510141769,4.093305837377058,1.4761061590604396,2.725859854325247
E-0021218,1.7045818003614983,125.74668658466086,106.95849911339084,9.434542994143175,3.2398884214946473,8.487038556778522,26.403729847910093,8.352713692296382,11.507612210324776
E-0021219,2.2872539599785644,81.59149676440947,331.29436569558635,15.132896545816777,20.68568896940654,1.2717094475264343,9.73132277315508,2.278469602927638,5.111558365654577
E-0021220,1.6815102149024732,142.47742085315463,142.08181137300983,13.189584304121095,5.402901104274729,4.997661997400076,16.795274086176278,8.403772952347868,12.774080829673686
E-0021221,1.8059964033995977,115.43800156981116,85.0097442718685,19.846845646434424,14.71951144518238,1.7149168509770987,11.866021036624455,7.576200794015388,11.574252032640159
E-0021222,1.7483807407139715,87.4397335052369,83.76025947882142,11.43564365440347,13.416078234581262,2.805562299938588,22.65193979844814,7.810869013073534,11.984253776049796
E-0021223,2.4894070962287187,101.4127109596559,183.24299621138562,14.64904214925403,11.933727880069643,1.002083665348013,5.9915098456778315,1.8541649892869723,3.2423071038096505
E-0021224,3.481033034921905,7.538151243259435,185.26912646559214,13.136872600730028,1.1060145996755177,1.4174419245282777,0.6856255180390245,0.1575657675017785,0.6656963436767014
E-0021225,3.1697114156717037,4.329471522599212,203.86378045681207,18.773840917498074,5.585090942211163,1.0648695937412227,2.6901401558342384,0.6453850935612295,1.3225661666927189
E-0021226,1.3912810708876682,60.15189204292775,87.65215792247183,12.866049504636887,6.571511551573436,5.136357234012699,16.44039807272072,5.5090137003538935,6.415380618187437
E-0021227,2.2417578818209902,76.93626456507896,278.7823797543375,13.17236168958163,18.370271168862082,1.229337434894942,9.802765913675069,3.9398869425662575,5.002621034657136
E-0021228,2.6221055754086264,41.37414483654443,391.5633591271149,43.83608552896892,6.0656431608973715,1.9418315621676825,4.522864297715682,1.5542563413122628,3.0296137451244074
E-0021229,3.716643172004506,1.954676523499243,229.03528257485974,21.91172954771963,2.26450168868244,1.2084710481551435,1.1313185181428098,0.30797299372906867,0.686881893944391
E-0021230,2.871063877573172,31.481767890686193,265.73309804786066,25.550044546120358,8.772870630822755,1.7852762021245352,6.28392874033294,1.4868252116949956,2.808481946530857
E-0021231,3.6024818101831784,49.719753000753535,252.90733823999057,22.772838662198126,8.67066869609848,1.0214165752770599,2.5241543757553506,0.9389591398415812,1.8068333864170127
E-0021232,2.096764095809725,79.38038969223787,135.89071417390537,11.841486383861803,14.225125594398083,3.094143524850585,24.674311708667883,6.687922964348446,8.452045747307304
E-0021233,2.336570209503618,103.41613231294902,250.56373387798737,11.38942737114337,20.59001322208022,0.9161248831855455,10.689258488605736,4.620199934069601,5.33836101826273
E-0021234,2.251390202924436,101.83330055453715,316.9369818844519,9.58239323374217,22.009242354805355,1.7092744804223434,12.126913568761577,4.178812409967807,8.476074666025685
E-0021235,2.435368014245561,93.80522512245389,141.6180536191039,20.440895782446763,7.329262451204685,3.7863392526394395,9.979606889852676,2.9910194889733894,4.424801620771723
E-0021236,2.435368014245561,93.80522512245389,141.6180536191039,20.440895782446763,7.329262451204685,3.7863392526394395,9.979606889852676,2.9910194889733894,4.424801620771723
E-0021237,0.3519724286419448,137.85687351350526,62.9945871999161,4.666619921529976,1.2625322112633584,16.386406904553805,16.774866125282227,4.33854025112911,7.483729297481897
E-0021238,1.827163697543369,162.73930228407434,120.33895728352908,6.038264089550526,2.998895236004433,7.268482152126671,15.530833446065246,4.3071142015506645,6.3368384011364425
E-0021239,2.3521220270144547,168.23053241862814,225.82164176446926,37.35752858958162,8.251023707379314,2.7973251875610696,5.927708717821973,2.857316690148745,4.800525942192132
E-0021240,2.6084028381737463,65.48042555196852,135.5354437464689,22.525487034187428,10.75632364657392,1.377354654978416,3.354355122174931,1.8540513640114182,3.781668495888054
E-0021241,2.084244953348515,187.980584352804,186.5208355770549,6.936785234878245,5.258567279610859,4.56168198335471,10.725721702309615,4.638854020502869,6.50913867501474
E-0021242,0.1581764656804506,185.05593755970716,76.80250606319454,1.8990914721195342,1.0815197561635306,16.05864616060492,15.527386676904648,4.570638329590687,5.863255064597969
E-0021243,2.213168959585839,197.61216532124763,593.1512094622832,34.600747289746415,9.28024462206578,3.7337735201961353,10.261202141320485,4.025855954685383,6.550508159803661
E-0021244,2.0616819990600947,166.9440521572019,51.0524016445272,18.722815846935337,6.217143370692367,4.228653076400906,8.150820947861153,2.6817230777399894,3.8976270497459184
E-0021245,1.6191000491048564,45.23590587905577,67.11005304780075,6.786128039757044,10.163586530457406,2.807681026057019,14.991834474203362,6.729972101683865,8.067215448377507
E-0021246,2.9628428995307035,95.57530927384082,1239.0050563171071,164.44656600782076,6.897133497000589,1.2712633190982225,7.397787290552789,4.93543481724457,4.9650898508111725
E-0021247,2.8608504055513753,202.05499375478354,918.0330418386271,80.99960034100725,9.194464707031344,1.5254076696824634,9.004201081847615,4.9940076650728145,5.97267197840312
E-0021248,0.24889796099252065,248.87330658938313,51.639536959723394,2.222077744015943,7.035157963644732,2.4098032585912215,31.74847464197316,9.062503612689381,13.638153705221924
E-0021249,1.6336603835874897,264.61973856123933,236.9863878957781,11.555723196250874,25.650895771983436,1.04846471619369,34.75849875899332,15.32822666634663,17.757307449678816
E-0021250,3.0641297935653524,162.01308505883426,370.64166317107976,13.09864971294085,19.82929946759856,0.8795708653963664,8.0428663306549,3.6505264289854233,5.5973083871447935
E-0021251,3.346090455573634,32.63102915618376,370.3382798975888,16.594381484484998,12.891670696640306,0.8990665512755928,3.3690392467768278,1.6287542397555015,3.0570195487193206
E-0021252,3.411532945893927,133.4157943469448,339.1656572726092,33.47141680985333,7.226401222601811,1.1888008186066048,3.683377389643654,1.0483775096695855,2.0562767517830975
E-0021253,2.182525004104647,24.27477890754135,76.0408421631941,15.108686619634454,2.603202653470193,7.656964855138253,6.963584459921054,4.001340032039832,4.471676029820801
E-0021254,2.4663781762918497,9.3239980133169,102.13995717541135,13.58481446290413,8.650929002869312,2.126796583911687,6.085798075797542,2.3102518570590944,3.401303195605166
E-0021255,2.8939460018372767,15.341219062982702,165.6734053099645,17.539675838639155,10.098315424079129,0.7354865418944931,3.4402753729225886,0.8682032202182812,2.3960239220235584
E-0021256,3.236308702392834,11.607881202187851,302.3686079285552,17.43061347035411,10.374456218421088,1.1680643760454235,3.6717343473180626,1.7145981291657035,2.343323632496137
E-0021257,3.1485830084331297,2.660863941485915,258.3079320735629,9.257591273404516,4.530726286267657,0.9883208227296885,1.5264446532105904,0.6662778241720726,1.640991140430611
E-0021258,3.442084843882675,7.033891626357399,162.4739244779832,18.273790695673075,4.425115454016701,0.8604003004009505,1.2915893704889136,0.5270133674275082,1.2003430999203957
E-0021259,1.6484616533743017,63.791896118231485,59.28011489928097,8.001010032773976,4.004794009050186,7.478092407367437,24.671102864468054,8.18772865775797,10.79060226980621
E-0021260,2.0561327537206857,94.2145941216346,105.42930468373348,11.311156761039834,23.72331374924337,1.4108630488685143,15.106516180381089,7.632363543952577,12.066061690050926
E-0021261,1.9667827783987817,94.60798180067528,131.96222628690907,26.761180321927615,5.120691660122111,3.4765706147868563,13.042152481379071,3.9222595576302086,6.699456618942295
E-0021262,2.8640521853598186,11.32471023758967,209.88752733588728,26.416729187807718,7.6742298718077375,0.9951687110705443,5.411340782573913,2.0296678223907145,4.331642703841654
E-0021263,0.7957417294667823,200.20529645645144,137.50256235069583,15.924421606476566,3.934489955375493,7.774063827716541,31.41744709850471,12.236358494434176,16.1006766496286
E-0021264,1.616410160052807,173.99164188977576,85.30802467906388,10.069869255182466,5.959037805276312,4.802535079205077,17.845184253746243,5.45750351334832,7.57221760775779
E-0021265,1.6453552296251504,159.8869689871795,65.32957822641156,13.516106757264533,3.7902497742705865,6.712423768552272,14.67638422263007,4.327319654369329,6.775781466530206
E-0021266,2.041808476505622,70.74520957027617,45.62063167986803,16.06412836410868,3.565735567585325,4.964719165375682,7.575029160842608,2.317422978412274,3.183690568962099
E-0021267,1.41217252229628,175.96162677322118,147.0069219069079,9.52430040007996,2.05418941954326,12.709280602126867,21.274548926303353,5.928564741148254,7.679857867175614
E-0021268,1.877346742873728,110.15620718895215,87.42768617611019,12.246326577925263,1.855822075200162,12.661193241629588,12.741041413078225,3.3159016177744594,3.474243906134553
E-0021269,2.377797248649921,110.3635393689356,209.7978169061957,38.21905007783905,9.158036178754896,2.9236779743225774,8.1656818770632,2.6051028564194794,5.002321477047415
E-0021270,2.2932585241458896,154.93806662721354,116.13319223837647,11.058957113908265,4.348014019199129,5.722596028611627,12.147167473934399,3.9626752195919317,6.155083776250714
E-0021271,2.2348240290657215,23.47211179255727,169.15527084648252,16.23216410681033,11.551487634180841,1.4773796331675477,7.008167380382851,3.865150378968601,5.936006182607942
E-0021272,3.2153694280335734,8.653747119312703,381.0892962605215,14.288761721886118,5.119310448406413,0.845593460626468,1.5508013030205672,0.5749651471391106,1.1318424073495699
E-0021273,1.8137886430960355,28.283501233177134,61.05756016679293,7.887333925198143,9.9251995161213,1.9750370917601063,11.465495604944328,5.964847014801905,7.422984321404886
E-0021274,1.7186150668968165,37.3077834063509,81.39940213869819,8.731360569469562,4.7852970788390365,4.94463353109165,14.087770882512658,6.733763825641569,7.760057166431924
E-0021275,1.9625129993203245,18.441195809543583,58.734928958992846,17.104785583823777,4.402454002566756,3.635878323274095,7.393730314151287,3.076423812547183,3.8346057602628685
E-0021276,1.7288679240398044,153.47969872944202,135.76653370142137,6.455920404097291,6.148860638082916,6.009056534186657,25.14954326653021,7.776735292988762,10.17332565091511
E-0021277,2.1171952482211513,164.04551299679332,97.33253045435819,10.08519548785971,12.018338874043769,2.0472739268795133,12.795037975364158,5.653025776536336,6.9139618949438075
E-0021278,2.186510216068378,51.289019730469704,104.04734005203943,20.522492873633723,1.7573766910568944,9.349585289018894,6.190665951802918,2.0463614520798963,1.8710109351057296
E-0021279,3.5811631644612096,10.068789694735523,614.0459883100415,87.80206363579474,3.4380588605928764,1.1397684779215131,0.673839213452453,0.3949789435149084,0.7685433860859736
E-0021280,3.458833324355719,70.63115715048295,694.6550258283705,94.55176690362183,5.934121713956833,1.2779336351808903,1.7187631121729625,1.1267370988469425,2.7592118261027863
E-0021281,3.7221943417966377,2.0076757284616535,775.9145866338829,112.0099711359398,1.9123102662013955,1.331448157800049,0.6172015499135318,0.495257652396361,0.7999788218320195
E-0021282,3.5771717494745685,16.42218922191965,592.6536843179202,86.53843117213265,3.231633163056557,1.164273013223842,0.7872429373941847,0.5446523731792999,1.1859405857033234
E-0021283,3.552247896377634,11.332484783894056,791.9771635579008,102.70400511075192,4.041704668795943,1.0889944480960265,0.8213644982512712,0.6225624006454125,1.4452676090613281
E-0021284,3.22960658200102,91.74485327042203,496.7940280069993,34.81629799131219,12.905778233170658,0.90270987017278,5.018664288777124,2.726100217335178,4.079573090370256
E-0021285,3.3331731307754477,17.606648956849757,670.5157044669584,77.15514987791225,8.76685406845806,0.9371837432102689,1.6357521260092522,1.2373055251528775,1.8335581507206422
E-0021286,2.397287754650313,212.02992405356179,357.11698463377127,70.22990321031509,7.741489884807227,1.7196636083966381,12.186752302852355,4.959894691250926,7.081678228921677
E-0021287,2.669325576320343,216.86589740985158,680.498263470051,35.33677166095832,11.270989838832321,1.0824755791732072,11.490199818985845,5.579098540186927,6.767744094369193
E-0021288,2.969336884718735,167.30909730708873,683.4012502788345,110.40446940162128,6.633875846275838,1.84611382787798,5.748337924298626,3.087571432624456,5.034285642359984
E-0021289,2.477092291996556,182.13885056337736,618.698367957707,53.1196156128749,13.08915716686177,1.3615957613344098,20.849030584347517,11.919724976435962,13.85500759780067
E-0021290,2.3426857864383743,188.80385197904593,1106.7731807255939,89.36001328666376,10.513739381475572,1.5973888474799165,14.395317224471766,8.270797269703655,9.795294888277168
E-0021291,1.9603576760827361,185.79045137520393,314.1571857164263,43.629399988182755,8.166201366806675,2.383339645262136,17.031883778185556,9.059372219169408,13.472935750087482
E-0021292,2.4967880602457084,171.0722425574172,634.1578246376909,68.4823462401032,10.374486985238102,1.1707332627704108,14.97194189184269,9.484601261918684,11.113455585573941
E-0021293,3.215338076875939,52.95275779928864,1232.7426251846864,36.05469894769117,14.114285417982098,0.9259473726432599,5.62227987167113,3.5789387785566125,2.652670840256143
E-0021294,3.1644203183967936,155.4328117281343,843.3257025201025,22.492154050467196,21.322040537060477,0.9585113672141614,11.178902623392643,5.414668999794511,5.880420930785554
E-0021631,2.859948269152529,93.60491154746369,775.4058617159224,40.64480976357108,18.871464657588056,0.980498462756264,11.195875921529323,7.0223198181836,7.0643475504711235
E-0021632,2.5090316231352405,179.4762648772741,515.3967616307989,29.18122475323267,18.379728178470366,0.9414526962636199,16.081242956516522,10.727034040817182,13.023442152892976
E-0021633,2.7908373556734194,47.45699757492539,1051.9366207795476,143.12876112052007,8.278858276115528,1.0072455506252862,5.8685577237348445,2.95837561754694,4.61159244000421
E-0021634,2.5413339173924774,255.69217309021172,329.8266828393652,23.96363757134014,16.25473267191516,1.2844218913124394,21.300967296578467,5.487932981355344,6.974178171433781
E-0021635,2.093741898762575,287.02155188014336,576.9428167898716,44.890732385435115,9.371576724191,2.6357395932695113,24.437496329368646,10.297655620060905,15.160999727008791
E-0021636,2.093741898762575,287.02155188014336,576.9428167898716,44.890732385435115,9.371576724191,2.6357395932695113,24.437496329368646,10.297655620060905,15.160999727008791
E-0021637,2.475437742105688,129.753876762565,749.5909416631399,94.47366742618445,11.035777267593433,1.1995341857072679,10.265457722076803,6.901100209271688,8.73717731873476
E-0021638,2.3649297931352664,123.36426231719452,1263.348835855064,128.42620099900233,8.713479896502385,1.2804036144234767,9.811402326914056,5.59844263033128,6.4624590830265225
E-0021639,3.0875820419329694,36.54480614719701,374.4121776497959,32.83340910994443,15.328161734838188,0.7934561661827683,3.061674973368806,1.914802391241464,2.803629435901302
E-0021640,3.8779184390097363,23.687847211843664,1338.6894348843823,121.45244300119597,8.702177781990962,1.1717174709123037,3.279420687063379,1.5542704669238132,2.6223119678001754
E-0021641,2.326008608450301,109.74654180579344,134.1172376578692,13.104523836824649,3.3238066850908337,8.07024951046974,15.120080365266649,5.520130220712086,7.7314943292457725
E-0021642,2.4493350751334826,65.06052860771871,119.12349994926134,13.740133848335862,12.102882524710232,2.3821097569342857,10.731810340159017,4.128354644588866,6.8866819353654645
E-0021643,2.270745460156625,138.91726049950825,168.38274660275704,11.720502468319836,5.211185304258053,5.191758779681156,13.139304742472488,5.1650611164089515,7.134998237632203
E-0021644,0.8222512520436234,25.536321518118637,61.72028655106401,7.34735371554982,2.2773175834169432,11.6169150266737,9.53944009345366,2.417822782791242,3.593419638523305
E-0021645,2.380094560851791,103.81997036652746,205.04211174540765,21.969981073823984,7.737410921881296,5.236294640661369,24.220717865280946,6.505658175268244,8.565374226493924
E-0021646,2.8717275143476964,168.69927220819434,279.0348927658615,25.448802193617237,17.976917638269374,1.5084805948821896,14.142220962878046,4.7893367876270245,6.204503387388332
E-0021647,1.4188797491260725,57.162909332743034,97.55506548639828,10.857403641356493,4.245431933854012,7.227502182182884,20.04527073191577,5.427214604716342,6.209881365558914
E-0021648,3.745688123238944,2.762885915968974,184.2722367985737,32.43211202209418,2.282123183066353,1.1862105858476506,0.7698414387646111,0.24969613664146517,0.597546586073935
E-0021649,1.889793346951732,254.83753358341042,86.09667557633912,5.842375059462752,10.693413153984588,2.1576088779756426,10.749356662620764,3.2212110110782852,7.114352033203592
E-0021650,1.9351486859283964,38.25383361715855,103.49355614609473,18.02140089544233,10.509947982133623,2.5000031811577537,8.252792694427322,2.4496789691533527,3.7985696507737114
E-0021651,2.416642815819787,137.80320317365246,370.6634499449506,16.445856438980517,5.6881866343007825,5.548193960018582,10.045046816071547,4.089908504788877,5.472621335847446
E-0021652,2.799193927359556,91.76802557546056,131.62482385133274,13.016384588390668,2.491017659283419,6.995116536970223,6.545899359076807,1.8369258603513934,3.0390826901521732
E-0021653,2.048638416279685,86.86058324398444,55.238392185695886,9.894716028931652,4.59252398024642,4.198813578972392,9.58189445608378,3.1601024911314397,3.7232364144561814
E-0021654,2.0957383852352622,11.988209697190927,105.84197390330549,11.977205919547515,8.01300836637365,1.983080300315299,9.074050537031384,3.6261569209135023,4.26390995973358
E-0021655,2.3914604866467926,105.72171686902928,316.13193260300216,48.78089605903855,7.49906121780302,3.829148480585032,9.848654747604245,3.342781137218541,6.0369779885889505
E-0021656,1.8281363214784505,163.9502107045818,65.0769050313157,18.155605126061086,2.3532155913148363,11.085013882171031,10.477603478729216,3.151801434816682,3.8229303981303384
E-0021657,2.1692303806467095,11.207239958897016,55.694249669231525,11.090090607010023,7.294129448632444,1.6069669418839132,5.84292404546013,2.803712449117676,3.673736304338605
E-0021658,1.9687554655767825,95.59953339331643,73.68218543634444,11.392771112097947,9.90313676598993,2.35653850146185,8.430918097118425,2.92300038718794,4.875203658715157
E-0021659,1.841426363780152,175.26208406443476,85.6429036194678,16.557733516720134,4.984527864805785,6.117177738473094,13.063913275244209,3.8592574237239083,6.042904320072311
E-0021660,1.8471197328042608,103.02513163163816,99.95325285269828,6.066060719014494,12.980754873600777,2.355099041867491,18.76858102434537,6.723608779614953,8.772970232067188
E-0021661,2.1767443589376367,51.60300352179272,279.082059238653,12.710111078875144,24.482512010828366,0.9812471245208733,8.635398412675993,4.051816445468405,5.582643270197751
E-0021662,2.565227054406882,21.50286560327302,277.6210440403521,19.38758543765129,10.784314979718651,0.8831148589580242,2.6898474203783462,1.2166060348169352,2.0829197151481775
E-0021663,2.7025852582780954,67.59954692399324,175.62268560973598,10.02670973947858,11.329070607621597,1.2168443478965194,3.662134471143449,0.9557807141231289,2.1401338782060475
E-0021664,2.809250978784437,6.953139114003946,287.1263886356567,20.48372600225334,5.86908776593431,0.7872600586131508,1.7815041365694206,0.6959545526459392,1.2782853648342598
E-0021665,1.663297068033846,31.236297796824264,75.7946586882241,20.77379803342539,10.811925731218452,2.3475456059363387,8.763459552765513,4.327201703332889,6.6079663696621
E-0021666,1.5837055322898053,165.95060280129522,55.67219708737091,7.490460567005807,6.052031513750625,4.728375041191519,14.116648318574654,5.376600367991111,7.6753720457253545
E-0021667,2.376262455487354,34.036066752477765,57.78163585948581,17.680486130772888,3.221973926098784,3.274351936439386,4.209025905976072,1.7999896231363497,1.9420501288366208
E-0021668,1.8758396185601391,150.49871611073306,34.5709380320074,10.228535537346739,9.723544842017812,3.1864223425594007,17.356960797506712,6.431140427281393,8.046524853164273
E-0021669,3.430615409739418,2.0042547957401653,179.57593516519293,51.47758900968367,0.701665792703406,4.729145527155592,1.0518964870784406,0.5680484150364927,0.1399184496779532
E-0021670,3.436880710538641,1.9939148752586722,179.57593516519293,51.974363552951665,0.6137862284192154,4.7668747664234905,0.9677793496905976,0.5479808180709437,0.10651326935489194
E-0021671,3.3165541548359165,2.127946788104248,201.70443274293072,53.07785974775654,0.5189014924217915,4.9082774961500535,0.934723398881719,0.5290812328410728,0.07620419568132104
E-0021675,2.848781969778287,186.182260142702,235.63926333606943,31.109042174082525,13.287729829879988,0.9703866962190956,5.918345385222949,5.977914069565818,5.087135588170173
E-0021677,2.869006451961493,123.04434234583637,246.85034952269476,38.20379774828674,12.985169591105034,1.006654469196794,6.460228893376861,5.442525294613039,5.78719484415576
E-0021679,3.320814422523303,11.253485531260063,1147.624186614567,123.83739249412778,2.207331071973149,1.3076640511748037,1.0519051612871206,0.7112465484940913,1.6942701255644008
E-0021680,2.804119702750805,17.650895107192188,337.4945927416892,27.882409127645857,17.614964219758924,0.7318803606712402,2.8548575911931926,2.748951048798051,4.416324283657772
E-0021681,2.6148861127806007,189.7216792161156,640.2293838384248,25.20988585651562,18.403036479750938,0.9348076331496976,13.539699882125305,8.719188175315843,8.4436729919818
E-0021682,2.9001190121617215,72.30800467223641,1081.1746338219907,131.67318674542776,9.030610941023955,1.062916350377262,7.84170480294522,5.436643421527418,5.671786459739757
E-0021683,2.7488332393392247,109.51570267178214,1290.0240407535882,154.89492984910754,7.095921582072242,1.2716620092149507,9.054969851355416,5.8996723533521,6.111883725416278
E-0021684,2.3649297931352664,123.36426231719452,1263.348835855064,128.42620099900233,8.713479896502385,1.2804036144234767,9.811402326914056,5.59844263033128,6.4624590830265225
E-0021685,3.2794416332078726,87.53634732883178,403.7897142900038,11.079585181977842,20.733378059771287,0.7803137657011545,6.048970969736681,2.2511692735286175,3.7125711112626347
E-0021686,2.8446935657528414,243.92706502682756,631.8510982971986,12.008315742756109,13.89527777956152,1.1206402023086992,8.740418514616623,3.36831152247884,4.50301216808045
E-0021687,3.358376642409732,122.08920546395723,846.3583511253254,64.18929361658864,7.119668359494487,1.5436582933269316,6.258826012096207,2.5215592967204814,3.3544646265726588
E-0021688,2.895373263193388,204.8299293848842,817.3317536552855,20.76299543341816,12.410226125046538,1.108013692015968,9.111324706241883,3.6362516778048937,4.453800776316155
E-0021690,0.869907324054483,262.3545404904931,80.55682564620675,3.3896060372100636,10.289993803306727,3.1401712318297745,47.21988417448705,14.32852254510156,23.084938144431543
E-0021691,0.869907324054483,262.3545404904931,80.55682564620675,3.3896060372100636,10.289993803306727,3.1401712318297745,47.21988417448705,14.32852254510156,23.084938144431543
E-0021692,1.0488390588005316,229.1548739825979,165.21949824616837,2.2918899396867323,5.422026091785041,6.740578959879602,39.797283343576915,10.213669709220248,17.463458314032888
E-0021693,0.6445126955847161,221.60883216671925,170.64754092352902,1.9933214009871607,6.653542711264387,3.8799403987770145,41.2109517119079,13.303783669185746,13.611707330317635
E-0021694,1.0194437588296743,223.1905804431036,35.26387507289016,1.3274235086526451,3.956319603855882,5.718494391622497,47.93966531344801,18.169286888012202,20.396780787264
E-0021695,1.05725086827581,197.78965207128255,81.16481494446506,1.2254863173129507,2.1350617325043317,11.379553799871017,24.804987867715052,12.632414920915341,15.033852761058442
E-0021696,1.3187651936476639,161.29229303499187,96.63434041106653,2.8912943735985537,3.7208937096602797,6.372750536805391,12.890383911666738,8.609884231131607,11.674455618506324
E-0021697,0.47378245744312436,191.35052284977942,36.47805159890637,1.296890235490367,2.4037726816096923,8.566780800000581,23.475684357047335,14.880939226936952,19.928400353954757
E-0021698,0.6870933142289045,191.10850284738638,68.45639601299075,1.1993080727113548,1.9961065409650982,9.418387543589425,28.44012375320745,12.805630953823036,15.359105282499096
E-0021699,2.0097286700725965,17.291244003880617,112.55341278325915,14.474271078950531,2.0409848886856437,8.502180775244227,9.68522334352486,3.0366662241839832,3.8593367744945555
E-0021700,1.5646894632192365,177.28271290315118,68.88253022932044,4.131586155092076,6.736275733513172,3.731083165609181,16.412713555015326,8.23419623846023,10.272881917693711
E-0021701,2.1368687469452,9.926519369102639,82.08331583471002,16.252738076783444,5.72917637483218,2.5118185568059985,6.386759114131985,2.6177257138810317,3.6005001049021903
E-0021702,1.460079542469627,161.6676269514355,95.12793652044165,11.805464345329268,1.3523321960055303,17.977560387942297,19.477509949258643,4.9387089126045245,7.210867033121806
E-0021703,1.8695511872405883,104.35969249413783,61.16040061764262,16.18313324020854,1.4050843163528088,15.524850428761502,12.508739479046941,2.9971847700291203,3.5645774557255883
E-0021704,2.8523092492940103,3.287895626832272,103.80856356304085,14.332843145625167,4.8168564748975,1.1242445055935024,1.6085260622905029,0.8815831276753789,1.6450037893282954
E-0021705,1.748213279772787,117.67626400325975,78.128812264784,10.804657422802322,10.031437801151982,2.2526511662674906,10.467109193510993,4.384473059947291,5.864589879465104
E-0021706,1.7906801779751196,182.01677248130636,260.74334153950105,6.029925031590585,18.030470877628687,1.354228468057714,8.862008605188695,4.358968105029694,6.461373794515392
E-0021707,2.2425105928186997,147.4209338493436,178.88617004751944,5.897649179766387,18.41503135451322,1.4035687980523512,8.940540991692286,4.206854797581452,6.822966167094471
E-0021708,1.956844705373998,54.15642024346446,55.09559973804421,12.049613285466872,8.715770593689045,3.140946738279861,12.9354191912219,4.9261123689088695,5.9707012923794185
E-0021709,1.8264240534297396,203.0793432148148,370.5025126757788,2.881215392684038,12.821526451281327,1.640968187584222,10.356970727263997,6.305962787572459,6.977874901636578
E-0021710,1.9433890736751018,214.77467770211013,255.66336447453318,4.515982518626456,12.21651513931605,1.733878860236002,9.82372737869427,4.575169058970516,6.5895015256477665
E-0021711,1.9033973188752003,158.73626343597877,284.25009119837586,6.990179018313006,15.007682903307922,1.4031519715852112,6.644572859087985,3.8362875419347406,5.394655288151688
E-0021712,2.021425026028926,39.52762006654033,389.5171805291771,14.497779627066972,15.89428288989003,1.206511680505919,7.764621324453467,2.932767770495396,3.8958373978090752
E-0021713,2.0208428183710327,60.7814010397093,568.0481348405896,8.04313098220383,14.74788063288648,1.5030433033855084,14.08190683898866,6.619418545061543,9.184606627039628
E-0021714,1.2813230979671737,178.6098105578703,343.9403517624132,9.286550702961108,16.90857027359434,1.4240406011630362,8.34081713983328,4.790183039835183,6.71958092762129
E-0021715,1.7428908113561592,203.88655776590053,434.89397991981764,5.282467459004183,16.73738697863697,1.439075442340236,11.475497285896918,6.789035696535234,9.89024027440319
E-0021716,1.4112300718733979,216.69324792189565,216.3042520052058,6.610501690514555,9.098362076171354,2.6979145483286753,16.31320934593452,7.906167646565538,12.103170475071012
E-0021717,0.6711691955541246,263.0677865784357,97.86078234264568,6.692678408293872,5.059578591039449,4.101821354752721,12.739291016650117,5.994321856009614,10.764709405565105
E-0021718,2.523542877643369,16.482408848973943,70.37257927620972,15.77313348574763,7.233667215488569,1.6265950943561496,6.611706825551617,2.6670174761191103,3.3235032038446186
E-0021719,1.9518353574151657,26.120274502966684,170.59388196265365,17.87744465276069,12.258939720796263,1.8987052278494987,6.481373786566818,3.8613619842756446,5.134733761369166
E-0021720,1.3360353358256143,246.09810828577088,76.8994417025681,1.6203330037106307,4.711217855158491,5.001523061767345,14.81792877665551,9.77808534381476,14.982098294730125
E-0021721,1.3360353358256143,246.09810828577088,76.8994417025681,1.6203330037106307,4.711217855158491,5.001523061767345,14.81792877665551,9.77808534381476,14.982098294730125
E-0021722,1.7854098971166465,45.88366599749087,89.08269018534301,15.32928711476397,15.743421788403891,1.9873959898173654,11.71726268485717,5.573916087051496,7.7676166441704755
E-0021723,1.7854098971166465,45.88366599749087,89.08269018534301,15.32928711476397,15.743421788403891,1.9873959898173654,11.71726268485717,5.573916087051496,7.7676166441704755
E-0021724,1.6468222535271033,107.36406966114804,117.58055407804078,9.372318210727324,12.667479013574482,2.4772223176766595,18.45535935546842,7.765312079732445,9.626567480037478
E-0021725,2.016205902124376,57.26300614571618,61.66221861598349,23.754671388914694,6.227426988798843,3.634262701841228,10.684247056849857,3.9277102774683783,4.79112035454882
E-0021726,2.380616620280834,29.43557650328889,87.49005455080314,17.01168413563216,9.524100231016682,0.9647749900711222,4.877671694778131,2.430622532091146,4.095164825801967
E-0021727,3.0377418467819397,13.867043904573507,103.94938790545193,26.71258328782192,4.02160978867082,1.1052647186886664,2.0638729075019286,0.6445953141351035,1.6161207045347175
E-0021728,3.0035955557939804,5.824350416739519,149.0370343659065,35.928980692261185,3.0611940692087076,1.409641251281552,2.1743823722397404,0.6784993154492638,1.2222323710741432
E-0021729,3.351193421087315,25.082925004847677,543.4723923372584,95.13827591051896,5.464922387307599,1.0885748627239225,2.3060433519819856,1.6918833817161383,2.6965433242157077
E-0021730,3.9743513791566096,4.195098469937667,468.3805182919267,31.069451256791897,1.3582715511171608,1.1473108475682305,0.687884493044718,0.27703038834612226,0.7550644635299437
E-0021731,3.0912963452606737,156.57977247915176,396.1420718911018,71.11859017954487,4.379946002077414,1.5080502680990355,6.065913045170576,3.001424032837255,4.35670298935533
E-0021732,2.251453761930305,204.7480217820396,776.4163347693504,80.23512885740386,7.361331842855459,1.6471703996835394,11.88625630621662,4.843930233306726,6.3406290705191575
E-0021733,2.9001190121617215,72.30800467223641,1081.1746338219907,131.67318674542776,9.030610941023955,1.062916350377262,7.84170480294522,5.436643421527418,5.671786459739757
E-0021734,2.7488332393392247,109.51570267178214,1290.0240407535882,154.89492984910754,7.095921582072242,1.2716620092149507,9.054969851355416,5.8996723533521,6.111883725416278
E-0021735,1.8191567825280757,234.35541918747677,508.65913791310385,11.631503047967437,15.50496232964818,1.0792302453312719,21.012932800236573,10.05241449851103,8.634937312068319
E-0021736,2.3669600775060884,275.5445653150997,588.4444660431743,20.99739584230223,21.869012782082194,1.1209670360462394,11.852273087952762,6.3696140892566016,8.195055265158825
E-0021737,1.4704883665737134,256.0504365321909,114.16155175522927,3.8143742852417595,20.453580981175186,1.3735679422741114,21.264562926764558,13.254007746829407,15.045261666117655
E-0021738,2.1902847869081103,311.58259797073555,273.9899425327724,11.976372396392687,22.21363353627498,0.9277561857468156,16.933815330417094,7.830730767914007,8.487951279813728
E-0021739,3.019588000727233,142.27714250981046,753.3341231268993,16.000035090099836,11.899589825452574,1.0372528780904169,7.759554840881497,2.6400641271730843,3.3734187212200974
E-0021740,3.0551100299220697,141.25471882712353,789.7961157794342,29.796630360487605,18.43591482142173,0.991651808768279,7.2573322058969945,4.289327052885757,3.821405397358574
E-0021741,2.0945397693994905,221.69217480166083,694.0956609594465,24.212912324872477,14.280546858160204,0.9519886942235383,13.349451954844147,7.153599928494512,6.92550887031418
E-0021742,2.950423317330658,158.97401891203737,397.48118322331476,71.51861041152694,3.1655586391933728,1.666875584001946,4.58343079079595,2.080121558977383,3.6422039792560805
E-0022435,2.5856178552597826,9.940165995933091,86.28592904574428,33.6986025172026,3.1466791187180965,4.186275339791319,4.129316327393883,2.6639897580856213,2.907755589729284
E-0022436,1.5141286050651566,8.238912886539534,11.053924074865254,14.072069107146781,6.421723955419802,3.2548231528925458,9.709711901555014,5.436891096016401,6.477057118199245
E-0022437,2.1555503058799355,130.5390313521572,148.95882447620198,10.898930967148733,3.249038722461153,6.365452586642901,17.908777893009052,3.7543352135981936,6.074435980554497
E-0022438,3.91137075002639,0.9732559958513667,146.47360342979155,30.752903710553202,1.656920411068161,1.3884018898439483,0.5443164644135708,0.20751796279509543,0.6154929514853787
E-0022439,1.7778974104038758,101.75061826128658,283.2194935133135,6.156109488496374,27.47106578794467,0.8236511403304287,23.74663395626962,10.527163877282366,11.608271271405807
E-0022440,3.0798823557786443,14.138045177734426,1050.7517748765017,32.6778561543168,14.604908186706785,0.6590783424891832,3.396682181366671,1.3539162094225745,3.1765484690863137
E-0022441,1.7792272657171522,150.45600706052778,90.4666183391217,10.441382849574424,3.966559850162952,7.201845244950278,9.960057206701302,3.8876301047473687,6.518896447178483
E-0022442,1.8629679436755218,86.41648979348825,105.91327162455147,9.285553617176648,4.9762120226191175,4.731164717001154,8.56584279356267,3.437813618671668,5.295794473107201
E-0022443,2.4578956321027654,68.89394020146672,46.34900946967671,16.002144256615676,8.700744445628185,1.5898101783261611,3.955379784068548,1.8745002862354554,3.4256612068174346
E-0022444,0.22656290209371402,224.33625146038898,42.507389415228516,1.0179345594909817,2.284356158145308,6.9458290564603375,15.419722078966897,7.426411378528237,11.808962884017344
E-0022445,1.59312674046858,74.9617143036051,70.28984172484599,7.347478013751482,4.811445576509142,2.8414803156654957,3.872239681935936,1.3439616174252205,3.2788655246579403
E-0022446,2.1776078232930973,35.60522758934729,91.43268571256031,23.744365345442795,4.475350708242509,3.870163395097692,9.573044711278495,3.365933712367704,3.8267415560097606
E-0022447,1.8355558043091371,84.56044032262918,209.09102325243973,6.324178116979061,25.8590286008357,1.1926966235459675,14.76030489837149,7.406410269430011,9.150130393919545
E-0022448,1.6809864857399668,93.1540984072378,123.33209234915914,15.218630889910314,9.005374692356755,4.633515977162528,17.443392206826378,7.505720243366509,9.970957038148846
E-0022449,1.6809864857399668,93.1540984072378,123.33209234915914,15.218630889910314,9.005374692356755,4.633515977162528,17.443392206826378,7.505720243366509,9.970957038148846
E-0022450,1.5201501306002132,154.19540870444783,169.7464794321624,10.068886600462596,4.227676307876539,7.203012729274177,22.097828422748968,8.023310502068911,9.467249481761613
E-0022451,2.7410906663669525,95.09922307713141,61.90120155726099,16.53846240267799,6.904659460759715,1.751741874037003,5.039522740410683,2.088401913873172,3.3003168340559923
E-0022452,1.8729276681660127,132.72258630984135,40.90804521029118,16.69715564968995,5.006271213190579,5.478416324035078,17.70081360474996,6.756359478416071,9.340083793619451
E-0022453,2.0020457383431753,42.467865824401706,59.36660755593237,5.99860517066579,8.40775121758499,2.390647616115621,15.017730683482725,7.59088952686721,10.087234914952955
E-0022454,1.6475223558367844,150.82789929519808,96.44216838763931,9.950267129529946,4.59363192192246,5.5681215248630656,15.686688776241516,5.7126407061823095,6.675856897813916
E-0022455,1.600269318614736,179.08612569588382,416.42748250475097,4.391061724687228,10.637841864887667,2.109219760463698,7.610598940804039,4.093528285557791,5.889836679185611
E-0022456,1.696461822900338,172.01028857799216,389.75651542071273,7.283223094019714,9.516812685914221,2.5601632009953397,17.772146272121496,9.10783043497028,11.06335072310049
E-0022457,1.4362875369804202,144.20883193580502,84.33187816846562,6.913393916565995,5.94092961130897,4.598753574010482,19.461306121143732,6.02373894541135,8.272161140840042
E-0022458,2.0956523544198067,59.20021909438371,57.88108437342644,26.239275837961944,4.99678879891998,3.4384022513321373,6.8022752716037305,2.7577091367567683,3.2449188658300105
E-0022460,2.322621330100466,112.4558549056772,1253.7944172903717,94.50551452663247,12.819186751470745,1.454505661644937,10.914234890869949,5.121582504721597,7.732772507915515
E-0022461,3.3107287316217504,27.261716247046365,619.7424576886889,145.3617396914361,7.5925354062527495,1.2068713992172682,2.2405564622681053,1.5588537151334398,2.0633951063002174
E-0022462,1.962063885333579,247.5534279450474,661.9620475050313,20.29140727660794,15.806067917892673,1.0242414489305238,17.118943054976473,7.88974519469487,7.604024147849792
E-0022463,1.9841456374779367,255.97520003112496,476.1036041123128,12.323776370714297,14.937267669367152,0.972739950838864,15.638943198162748,7.793666544246655,7.4636823050280015
E-0022464,2.2290579538083173,168.3442701158274,710.4380986276049,17.386247631555054,14.305263621450884,1.0020346506353108,13.934435021851845,6.319508341278282,6.1408345987724
E-0022465,2.8927797770258374,237.72951008147106,456.0360633355093,33.119024631819,16.798344294814882,0.9686475436883255,9.18212822733095,5.125771148024104,6.395190112230835
E-0022466,2.9553437615821987,160.6436613445263,1141.0400849397893,43.94593419470606,14.78655858184381,1.3136222289149968,8.445975553822546,3.640434236872959,4.162783758570011
E-0022469,2.5814946231068756,21.75195802603983,163.1545199606289,16.942228391642818,11.009567367135825,2.6125123804763746,10.646699991762421,4.70935442804478,5.142703346560781
E-0022470,3.4933303381117207,2.7078792493590087,383.6907455819121,39.92375609808278,2.871536410548509,1.2785334880583394,0.7154589293709397,0.2725574259043702,0.8891624694362419
E-0022471,1.7853922313225605,22.05478472828702,76.48030623111049,17.35338012522501,5.717716091772395,3.7550414275309882,8.402562305395126,2.5461123894693265,3.457370965391888
E-0022472,0.8074162121175591,170.1859685327164,134.15198738271002,6.806603597081258,19.95119420842913,1.0109686593674667,24.052635187075246,10.490297546818319,11.47986236014534
E-0022473,2.4360895535150924,60.084002791470546,248.6258850131581,8.430734291641306,6.851060183507055,4.8049489465084445,15.965578927226593,5.724219580571933,6.388144739774305
E-0022474,2.2292140558656737,20.885784363871334,370.71718518653876,11.421353547499669,15.637099410031494,2.0130878850154663,11.49864581457011,5.57570497940688,5.512826458839202
E-0022475,0.8234171916535331,81.62629319777105,21.127217198277968,4.561680097964866,9.83215014719836,2.6046212910104196,29.914075759032237,27.949602932538156,25.20591184369695
E-0022476,2.4514314174080125,204.22505693970652,267.5919203212288,7.657537261873809,19.903767333329142,1.3150402383007544,9.016116110916371,4.0798772926643645,5.892472111018305
E-0022477,2.523257711061759,17.35777262300789,316.82832248231176,15.562694189935986,8.012516853874166,0.9974462272536841,2.2520936249107253,0.9292355775609975,2.1359356852644535
E-0022478,1.0710449975585676,188.07864701500455,96.77874668534035,4.246888378526014,7.816252861524396,2.9978524255858745,20.207528436037506,12.371017417706847,13.536005462845202
E-0022479,1.7674397035461982,81.57359655639652,236.28133361534972,3.0057433804115625,12.734638974730073,1.8624446769769574,16.50651062598888,8.721370989830271,8.764200939903489
E-0022480,1.6766068124515974,154.4750717898315,186.3655348110053,5.852985722968077,18.625841083575903,1.2239683536526176,10.691617166204187,6.98487957555845,7.963196829060808
E-0022481,1.9873904839810645,202.94116417438534,136.62124781929572,9.983944708551151,5.312442451187424,4.93897707747918,18.849017311506095,7.0362700423846425,7.7771352720634255
E-0022482,2.431139145674243,160.94785712805535,148.3896774806326,11.600965366271277,3.371540107536387,5.090874318902531,10.471198760453522,3.0579223535635953,4.25539098501903
E-0022483,2.59141561974084,178.56774673671896,90.45515468921609,24.442745515476258,5.3846702584225365,3.601645551320487,8.831051744715738,2.960334218811372,3.9267833057479082
E-0022484,2.585674703540255,112.81592052431012,100.4639130250906,9.941450459056082,6.395572684005579,1.9337719774786442,6.767952375004375,2.7370299160936726,4.058861923584722
E-0022485,2.5384026174168928,130.38236910950698,73.0140668503138,10.567986308237272,11.249046881866912,1.9966001415843728,11.048170490489282,5.063858630051908,6.6691186117916255
E-0022486,2.076252394141538,251.25557412209355,64.94026467763042,19.125231644854335,5.360555808048231,4.196981073715096,9.89053861282947,4.138116898370733,5.677192857818717
E-0022487,1.9511100695352137,147.80233484706545,80.51189993502831,21.027727079726606,9.298906940155511,3.166344321453807,14.36104634474686,6.1901786248561965,8.195213060589541
E-0022488,1.8552832321151385,20.59224659740528,78.25935104052554,13.124166144122118,8.085050432849433,2.282111669893123,9.748629651571662,3.8249617979692503,4.338624291058256
E-0022489,1.6729670216247654,30.499023396731957,53.35633017390087,14.174809360726938,8.140737680128426,2.7082622722850456,17.009909720107434,7.439382849084883,8.368990118647467
E-0022490,2.0301434838126773,71.07312194768684,112.77452336710427,14.185186475162139,6.604073518345038,2.9941795596873373,11.491053322886641,5.0828062160722665,6.79066737915235
E-0022491,1.4201114750419461,133.7818805512803,84.29982985559579,20.643097744685846,11.487588655422686,2.814575190838957,14.969281367514261,8.842246442070937,11.367468636523343
E-0022492,1.4201114750419461,133.7818805512803,84.29982985559579,20.643097744685846,11.487588655422686,2.814575190838957,14.969281367514261,8.842246442070937,11.367468636523343
E-0022493,1.2792573419707105,170.88547596048363,62.36681390421075,10.074183462603377,5.250247361150575,3.8332819652599466,15.929220511842093,9.426544426627725,9.995207594087066
E-0022494,1.6731272499749652,124.80333487242501,121.57536654926199,11.478972041272804,6.815002054448279,2.395352579988384,7.233281851949721,3.2481918640923673,4.736634618342595
E-0022495,2.5399459493552823,13.114995851221728,365.47514405287717,20.800584992686694,8.020539630401403,2.630082129814074,8.61231481403574,3.6900037559606234,3.3692331704276515
E-0022496,1.5955762231503292,100.83382441469456,40.1670044682016,8.662388960615338,8.336001279530466,4.5411975376622165,20.912811291273595,7.682529425971481,10.329635429375365
E-0022497,1.5955762231503292,100.83382441469456,40.1670044682016,8.662388960615338,8.336001279530466,4.5411975376622165,20.912811291273595,7.682529425971481,10.329635429375365
E-0022498,3.0450337171180144,38.095075755621195,321.9674899607438,50.99600821060841,10.2430834335938,0.9921385876472745,3.6490860039364446,4.566826203726226,3.2342540986776105
E-0022499,2.425262528454304,62.95321886989635,186.88424057720874,33.996626864215884,19.30081134027752,1.395930288774072,9.306878447834293,6.927476068767315,7.181462900971292
E-0022500,2.942452046145852,183.90834701362095,284.49357013866177,31.397485287568447,10.94434069760213,1.7088460399532321,10.135764225319072,8.601553326927405,9.469718682484292
E-0022501,2.653486327916235,190.4165882104175,833.4205610539586,37.63093460831217,19.35659736837776,1.0141809718749442,13.992356252430135,8.881740685813998,9.18835796482609
E-0022502,2.4891577868240726,194.31972300215327,801.0170129738275,81.41025923439923,8.288377720582563,1.3452368092253406,10.436241229245576,4.773447485486522,6.703854693292687
E-0022503,2.28076491305877,70.41102245452083,1001.7400689296809,109.27686051952192,6.1225648959761205,1.7847457969539813,8.918183114809354,5.363271224230137,6.0636319529948715
E-0022504,2.28076491305877,70.41102245452083,1001.7400689296809,109.27686051952192,6.1225648959761205,1.7847457969539813,8.918183114809354,5.363271224230137,6.0636319529948715
E-0022505,2.2277315808579963,281.7367863070158,279.6549669320266,13.659006579827539,24.448285607735876,0.8876093451197629,19.46803339762112,8.398598107103078,8.753880443212521
E-0022506,2.1584222497704366,286.7080542422063,297.68694077748194,16.39693097497466,20.849738859133822,1.0529637947487367,17.96496198197462,7.438768275267831,7.723772772528383
E-0022507,2.2048220063536887,241.228916520241,232.38998978400917,18.272568058364083,9.898182870888386,1.4669419073025036,16.635001598443562,9.089692455684743,9.819956898960713
E-0022508,2.838467897753672,233.21055566818362,789.844488199446,16.677047235075,15.774326961653331,1.0880310749026076,11.29815618755046,3.6763845658779273,4.514666181592715
E-0022509,2.761208658559667,253.72722163069164,777.5315794018338,8.06799094473679,18.214347068826214,1.1940777432470242,16.515026168585035,5.3943558585780425,5.965689605932318
E-0022510,3.6214485866961335,18.360293507074292,644.1401625671446,95.14369087410934,5.63063403540411,1.100109765052946,1.4079080491759235,0.7752187874316058,1.4769320559913934
E-0022511,1.8134352012057344,68.50853030927365,69.57071420947794,8.156262510021337,3.7473698427053903,7.2017771228030325,20.286217914160655,6.098921418916463,6.802687857182294
E-0022512,1.3359641896119252,200.32787184523542,90.40585571588768,5.062690087994992,8.626171558780767,3.2946414922773015,39.290351553518384,17.30970451741351,20.46203747051111
E-0022513,1.8223606770461058,31.44351776018902,297.0514899109103,5.857236340274651,13.308149679846546,1.065926286087593,8.03603720842151,2.7918720841867444,3.7836783780112833
E-0022514,2.0843320492150927,94.66793626445465,204.81456165928998,6.308568737192067,19.443450997964614,1.5131671099185249,15.403609944988766,5.881705462145183,8.630528771622027
E-0022515,1.3710729819813539,105.56313179610603,153.80596815653468,3.8847644470855864,9.413079552344836,2.4980137682561057,17.291741825859305,5.110369147554198,9.26338053740149
E-0022516,1.826644877864641,152.2082593213597,405.1163201750327,10.13145225679344,20.594494429634473,1.0547125956162358,20.481258003909318,9.173391127961894,11.242741717296237
E-0022517,1.4404320440778664,140.71337993242113,56.133071875405285,4.614655219658287,5.083554578751076,4.9897656983125325,24.043589859055402,10.082318577142104,11.417815050805478
E-0022518,2.2652302828025386,50.150480860626885,127.66474644461638,11.279361847382974,3.9203225786840594,5.9196679078207515,12.035206837813659,3.5204266748902597,4.508306352995106
E-0022519,2.2981108611076735,232.60843176929953,112.04377604346239,9.335867879145846,4.649389799866835,4.312523127521982,10.69359015943141,4.656361280437773,5.817032984451061
E-0022520,2.3746211540822713,186.3021017868411,87.28293026074762,13.108608824423396,6.349743915755306,4.555856069491718,16.326332788251154,6.413084809115876,7.617939222552497
E-0022521,2.4657837237704054,190.8199694770864,75.99814221084232,8.645429684560437,8.422921869301556,2.020884390367823,7.267405715475541,3.701589890947273,5.143783147196687
E-0022522,2.7243193414146747,107.71869279562128,97.18585671307139,22.31270951651913,11.18674939377322,1.9243071224456325,7.475830312223501,2.928102862949501,4.570759040980727
E-0022523,2.7243193414146747,107.71869279562128,97.18585671307139,22.31270951651913,11.18674939377322,1.9243071224456325,7.475830312223501,2.928102862949501,4.570759040980727
E-0022524,2.302386445731859,133.63867473334145,65.9983437169586,10.954069684713094,6.480286300689088,2.403620075425471,6.334889433888948,2.121159581519025,3.7020333434290085
E-0022525,2.408613730929915,81.92888415078558,125.3562701906146,16.454495012833434,10.324938214728107,2.255517447425619,10.177747251533154,5.053016302060645,6.200140010161274
E-0022526,1.4887217471990155,32.60603883127499,128.9821575688841,10.775679425540714,15.312494421494511,1.9719304678461758,23.666957635612757,9.354445129613826,11.442769453599007
E-0022527,2.5718440293631386,40.48509383457377,467.22441184103644,11.056835375071962,14.403451104003036,0.7871806246681736,6.812964001138097,1.9954170954137593,3.154612558578764
E-0022528,1.5898893332301298,162.74012320879967,286.2028239906119,9.604042441024978,23.877318456686968,1.1676140008005416,17.61852597920808,5.433006692018427,10.411678073069494
E-0022529,2.4471832549648993,67.84292378075067,109.43712330866147,26.841617983873018,4.831071010184452,3.2567730593804165,6.050721982444283,2.212339288263087,2.8814393055344625
E-0022530,1.587074781134142,171.58976518045503,64.3989224354404,3.6368088359644912,13.336770866305457,1.5859099079444727,9.098601582506118,7.944559554555195,15.073142018297434
E-0022531,2.133518954531404,120.71444899467527,247.80581990369478,6.529057926202957,7.177282014003021,2.6929378372287163,7.302964080910335,3.37634775155811,5.562172901154379
E-0022532,2.471262937304498,166.20220804616952,350.5570176194174,8.473328551331656,10.14485126646667,1.5038309123205067,5.530817597817888,2.266032533307876,3.4176055416881015
E-0022533,2.7009153339916687,4.198238553475513,249.6899837905478,18.09299114698378,6.49154316257549,1.544041765449825,4.389423217343058,2.432158256807157,2.187930988847347
E-0022534,2.7925154233610945,12.21355716606412,186.73424486647707,16.49311125741496,3.5372791233834215,1.4713136394627058,2.3175209908524317,1.0796931251353274,1.6692706898355962
E-0022535,2.2294647337585642,61.319449815968646,87.206122464713,13.459403314227842,9.441905296574344,1.8509287970184831,6.937702352109046,3.2740402051780446,4.285284177261131
E-0022536,2.0524833853778652,109.09182888497195,92.41055700831647,14.873774428382836,6.080300246695943,4.246313720003847,12.041321563904965,5.001373364761904,5.741022994437365
E-0022537,2.488484401194814,9.492644260917215,208.5897050329118,19.37460424546514,3.8803029994633103,3.29741671622714,5.251313106445427,2.513252701980541,2.7407793166051824
E-0022538,2.637619469706364,7.5824133975911385,210.11536330274632,21.659899139875773,6.177829971094258,1.5984981419570485,4.3882596293581555,2.187138628173498,2.589097881656805
E-0022539,2.0251435347474316,40.50019492898458,133.05742523778713,10.114734423659339,10.308942543404632,1.9700372465153908,11.291441982349555,4.619085121910953,5.939298741754502
E-0022540,2.292426572352805,210.9952866036205,1599.8883239362092,55.90046925006866,11.630948609052298,1.0822364535673616,11.591782968036322,5.149467417174185,6.415002257569086
E-0022542,2.2937264143666463,220.31343235349232,350.1685786751692,12.728298397977335,19.226503925250597,0.9681715402997756,14.184087923419687,5.329767915220511,5.7283940059160745
E-0022543,1.9957865724235968,241.5723725855157,179.53720483307225,15.506604596262587,10.309970652040223,1.7680195280266926,23.177900647453573,13.63263948254607,13.060433178995122
E-0022544,2.222418396671751,259.8746417618294,245.98540086727513,33.42619013115285,11.616132089390698,1.728089546194756,18.295503937924032,9.130351254792583,10.541366230321234
E-0022545,3.3236354270997897,155.8135379521323,1698.0812976705504,91.50411094569952,9.106024443424404,1.2436338079621299,7.346281666005882,3.2322619449588306,4.399685879564624
E-0022546,3.1771623717217192,144.93014189962528,972.7664676518415,38.533366709737,20.571539050424917,0.9624336378040785,8.461803281238977,4.868373686402315,4.131923013907894
E-0022547,3.4180308939753403,4.947621660143227,365.1785017526837,20.72077679749751,4.433360312332649,1.1713150592001433,1.2927786136045318,0.6520195884931459,0.9754354916527155
E-0022548,2.1015563769682775,247.47651591527315,834.3896802663254,34.236256068515765,13.549945111088345,1.5668037424752406,17.614268455854464,7.999588227079297,10.581622483172325
E-0022549,2.1015563769682775,247.47651591527315,834.3896802663254,34.236256068515765,13.549945111088345,1.5668037424752406,17.614268455854464,7.999588227079297,10.581622483172325
E-0022550,2.9821665272811653,159.58617107844978,357.7865183362579,30.667735508181348,12.005599035353779,1.3076707508310832,6.024401868652507,5.1053766558443385,6.56214825473771
E-0022551,2.2093152065272044,306.389493906027,235.62608364705278,18.6744594975881,18.513388265166757,1.1326180923254168,24.69681953411774,8.058531722825366,11.177325676820463
E-0022552,2.404031545890068,233.69153432617858,246.19106614162985,27.37283223342207,11.889801245248206,2.0042456652487175,17.188862057105208,7.474795047057222,9.546272548816411
E-0022553,1.500634174360372,233.94816747608766,231.63223672548628,14.449419920272405,4.924646302463441,3.3016512268842697,30.651692923144697,11.601213584595127,13.326369497927441
E-0022554,2.1183994985349393,233.36570928058848,430.85878810197056,43.22060474321673,8.02489893246195,1.7203965002576818,17.139261744779887,7.101797841560776,6.375831953020535
E-0022555,1.9865767458377854,232.8700585842512,435.14396458581314,49.52398166647669,5.408501946895084,2.2791323062038016,20.647182004149187,7.760271688322534,6.58824013489038
E-0022556,1.9002325021483761,189.12236246000606,411.93869055330856,43.51514747625412,6.967446375807039,1.7673093101338568,11.792352380553345,5.615775629496906,5.017888158826386
E-0022557,2.762900296834779,228.77211626688984,358.5094493859202,79.07849219767014,2.300872067466535,1.9318227711670057,5.440666176639593,2.425019967205566,4.394604829730562
E-0022558,1.937717916008216,37.385919425140884,52.219406639104896,10.595983328323715,10.06062190492836,2.538035728024496,13.534567494286494,4.579194672681269,5.5045268017606634
E-0022559,2.2236617843799693,11.858146040891823,239.24428154888017,15.269630738843336,8.918577302469446,2.650854833054805,8.716983671293342,3.4274072800907436,3.4043293633037437
E-0022560,2.4506175275294253,7.979277709845603,61.50320143923683,22.492259966221237,3.4398955278107053,1.7027785242428282,4.162359032079314,1.6060425532443128,2.1279299211044815
E-0022561,2.057267376329293,16.139472980491142,62.598943142958,26.372973383757977,2.9654642137857787,3.8425960300659923,7.080488020859013,2.1712261955974017,2.5853169278777433
E-0022562,2.280461991657725,66.68071253896255,117.68246101890428,26.443361740630984,9.941147908074283,1.8896856347631048,6.144622578762521,2.6426598291939927,3.806425277715561
E-0022563,2.280461991657725,66.68071253896255,117.68246101890428,26.443361740630984,9.941147908074283,1.8896856347631048,6.144622578762521,2.6426598291939927,3.806425277715561
E-0022564,1.996363363680686,24.498587950657083,50.77199595696458,11.322588526093362,9.407287161408524,2.2653508506019686,11.551814408707921,4.7743806340429655,5.767651462696287
E-0022565,2.149682370972858,12.22052063308391,169.77451855723422,28.36260004298539,6.797121084317436,1.822088046718468,8.653854939834067,3.6898426989057262,4.138584410258212
E-0022566,2.391593155009402,186.86517301278917,214.1646513863448,7.8284808274847,3.654787354162165,4.60418727062134,9.485937212062414,3.2914557755935845,5.142919334563252
E-0022567,3.516748097297935,39.51026024306671,712.3235423195401,16.3439947662208,4.628587553032002,1.0074614143167433,1.6164017955687562,0.5263243118175973,1.4879835686198777
E-0022568,2.1021737041841844,127.32034550273882,78.411309228556,8.38019644949975,7.338858119927313,2.6524478752044773,11.730049548590266,4.73306665990389,6.164444486708858
E-0022569,2.6387143175009258,31.804418734601793,81.73485435293216,20.092179823699738,5.307024130970705,1.5915715136583548,3.468496448916359,1.5195344017566343,2.206761244519597
E-0022570,2.9197669955722287,43.87760334254988,86.17471093156689,21.41891119638364,4.510989804235526,1.8623419330712137,3.5037248162520056,1.8781321486728821,2.4231217600638018
E-0022571,2.2088448442604522,49.93103413066226,438.14369698920416,11.121653863211602,18.67727558089891,1.0498195051705275,10.517718278567264,3.7164369220832865,4.482529221077482
E-0022572,2.351816867344364,95.79680538588029,263.24378249807194,8.46287036067341,7.243729764508398,1.2286071383481711,3.3846459420853954,1.669071649921234,2.522850464032772
E-0022573,2.9432278114021897,6.831153002381207,290.0190116035076,28.706527837249386,4.8832921664805164,1.8731503267427199,3.9302591825006483,2.256127271523067,2.7107987799476674
E-0022574,3.243802336461264,6.041719765585752,293.10440663281224,42.75989514224953,2.6251860489454555,1.7316752377693978,1.899184110743285,1.0657702504827575,1.2216482900531471
E-0022575,3.2511486795471027,3.1528950910687117,226.74132008420372,22.012329609764443,4.034371264947557,1.2293534224995513,2.6468856262372724,1.7268063451083988,2.2103799496123746
E-0022576,3.487746203265594,2.873141796607462,227.3237285942556,33.95809240482142,1.7591121315631457,1.3258575959802048,1.3180413764410672,0.8969243673738346,1.1499818741274062
E-0022577,2.626212071198361,3.726043287971802,148.21557872436273,14.748919914727683,3.327396479510437,1.7758290613255598,3.0850693903830972,1.9766610812620118,2.154960214784827
E-0022578,1.9728941391601686,112.64865869518916,126.13360695000104,9.716453551312696,11.759697929193338,2.523184144202544,15.398069069697335,6.831800529699086,7.947643417197438
E-0022579,1.9728941391601686,112.64865869518916,126.13360695000104,9.716453551312696,11.759697929193338,2.523184144202544,15.398069069697335,6.831800529699086,7.947643417197438
E-0022580,1.8806950535563673,132.18295486494307,51.80518744331508,6.310549804062252,7.486923974328161,2.838541405921006,11.998928235129505,5.321712623633995,7.816308216378328
E-0022581,1.5688689881339042,179.4889607184672,49.97136611904773,6.375742634875825,4.53654983177192,5.467397315587256,21.040067457443964,9.095021602590432,12.389547376461401
E-0022582,1.3865158057413915,163.15988971157643,45.588379682406554,6.974234766632481,3.1028349645074447,7.988579789249965,21.670383735333292,6.783249948543368,8.486185901236817
E-0022583,1.626168447748665,149.43109943239878,47.96133099264653,9.904198589624476,3.977738233138243,6.379429255277395,15.86643462083383,4.3960650992603,5.284134002407279
E-0022584,1.4622730979055025,159.563849066865,43.261320855298216,9.956026293345156,4.160964405839987,6.62229148741538,21.622397216668993,9.030700288593884,11.02524569979697
E-0022585,1.8504082631304066,73.5906100116275,78.85599852341308,14.339729031606549,7.779515964192555,3.7229642202154016,12.746398375586498,5.823182225343331,6.853696592237135
E-0022586,1.7432293531329548,89.0988258979712,112.78681884039891,13.620607428339978,2.679750477226198,9.781762891925773,14.565585601009216,5.609409971186864,6.017377686676246
E-0022587,1.0927966773957198,105.34237322905375,107.66073609440264,6.093260737808034,20.858384967984183,1.0014421606779116,33.70321101086013,16.243126674333148,16.306962778863106
E-0022588,3.4138936253405814,4.869686962998384,239.79053743877367,52.5435252138777,2.3078999380439824,1.3326806819106325,1.3165665445473438,1.0677640231197958,0.9237203636162307
E-0022589,3.2585565873266065,5.094983770824565,189.79626686032702,28.361584630029242,4.154866473605186,1.4567482910437777,2.7832047993347446,1.7678705406196196,1.8223399017518402
E-0022590,2.1089930813135287,167.1890743425698,103.1115868984737,21.216809478913294,20.869158662380162,1.6148735904867109,15.434139602093978,6.76010873280585,8.538426128222136
E-0022591,2.1089930813135287,167.1890743425698,103.1115868984737,21.216809478913294,20.869158662380162,1.6148735904867109,15.434139602093978,6.76010873280585,8.538426128222136
E-0022592,2.1934093407145427,205.87156380004893,127.05021430104267,15.972348339695948,14.818598187444193,2.2826697580555395,13.71069788702274,7.1263809402913685,10.425436117322612
E-0022593,2.1934093407145427,205.87156380004893,127.05021430104267,15.972348339695948,14.818598187444193,2.2826697580555395,13.71069788702274,7.1263809402913685,10.425436117322612
E-0022594,2.0231075881336205,37.870099739187374,83.89701979189296,9.053263703500033,9.238482423950053,2.2413299489498346,8.614454168063972,4.410306210411901,5.024213481158884
E-0022595,2.0231075881336205,37.870099739187374,83.89701979189296,9.053263703500033,9.238482423950053,2.2413299489498346,8.614454168063972,4.410306210411901,5.024213481158884
E-0022596,1.8831199071363118,92.0680697203152,191.47076155068444,10.792355257406497,4.664540612116165,5.846461422113927,16.59122670526066,5.39853436072363,6.917743551109051
E-0022597,1.846667187508221,13.520570441650959,53.23905472326417,10.901610567136354,6.137964270364477,1.953671748171017,7.4072832442000935,3.1935070809086916,4.202928798122443
E-0022598,1.7380195984363196,25.83458713014463,58.3948488286425,9.93508319113385,3.0858005732564897,5.204914612107759,10.898797909928108,4.205965937175844,5.225335838784598
E-0022603,2.630308302539535,73.50479196106048,258.533145131371,41.2261053318181,8.767386904581294,1.8000876338399636,7.143202740113545,3.082375869728027,3.4680783768906833
E-0022604,2.381867283831087,149.74379453387448,325.0963908011952,11.759531894712422,15.045890962788874,2.3014928569433,12.731596864948294,5.173678794356305,6.183481778886611
E-0022605,2.550783372389532,128.00923434974044,361.590878283416,21.17922358143019,6.339341039887417,3.160286567704781,7.915438047979529,2.9897465007740456,4.185584355456822
E-0022606,3.2485428584602682,45.16010622003909,227.0108427961061,34.80776236008778,5.768643298120563,2.1218847105431573,3.6295957190835026,1.6773500028818316,2.2450221380320965
E-0022607,3.416250610382173,24.774453697767626,241.29533022059698,37.73290026676441,3.023997971404346,1.9402473129038962,2.057401366051099,1.1307301130856655,1.2709833076035395
E-0022608,2.595134526659785,43.39678488456672,276.7082430314938,18.520147611809648,4.931154292494497,2.8822155546561876,5.643570967509894,2.16665460198912,2.965160675734953
E-0022609,3.456254028309577,10.473316088669156,198.05471856172502,21.037897405394357,3.4887085331398193,1.3930036148196918,1.8505861166186202,0.9316169545215491,1.3223730647499177
E-0022610,3.5940522296153574,8.555627231470883,161.66632976217025,26.190612159363752,2.0616955227579994,1.470431537648592,1.2390193199794313,0.8379027494221674,0.9585153813957351
E-0022611,2.251343294476292,17.27402749517149,79.8692477838916,9.941461417213297,6.722078299203173,1.7573264889670395,4.407350203286373,1.9136533235347366,2.8130219411388597
E-0022612,2.6858236042130543,14.36721176714875,70.36353189921158,15.927600132108452,3.6273601867625818,1.4909791002654549,2.298514529752628,0.9601162229924517,1.584723000866973
E-0022613,2.1994885031714952,46.32880499150941,86.19726856027802,9.933500037359895,6.524573454490452,1.7753173439599441,3.54752593995615,1.8255409806875174,2.864214653122037
E-0022614,1.67149859706967,81.57146212841269,127.43666738905672,10.246117651522775,3.8868533701790686,6.7555434371106955,13.413806156194852,4.195248832038943,5.511217161267733
E-0022615,2.990624228182348,13.31051458999076,162.00457526338954,19.05334665230301,12.602658047382125,0.8297121235333541,3.081516272135876,1.6501245292586442,3.0694295764192097
E-0022616,2.0456972228409307,319.3797132947806,543.6136533588873,17.610356793305808,8.172245820060445,1.7672600426940641,17.47603765775564,5.890117498685065,7.0640022174529085
E-0022617,2.3908198581698072,249.13151416435684,506.74250553221844,26.843834539151274,11.407636458069067,1.1978967486698129,16.428134650754306,6.1164203519956235,7.428563766824003
E-0022618,1.5042436668533694,297.45269182736126,503.6928055847685,7.250052098544438,15.595252917462192,1.1268436058196118,16.731326059941786,5.9294578026688,6.4884656227355695
E-0022619,1.6136920607941156,306.41188274260463,288.29275722351235,14.920607726138334,5.376228778788001,3.6944750485292657,31.89504957889441,12.093166221799994,12.503517123129932
E-0022620,1.6136920607941156,306.41188274260463,288.29275722351235,14.920607726138334,5.376228778788001,3.6944750485292657,31.89504957889441,12.093166221799994,12.503517123129932
E-0022621,1.9865767458377854,232.8700585842512,435.14396458581314,49.52398166647669,5.408501946895084,2.2791323062038016,20.647182004149187,7.760271688322534,6.58824013489038
E-0022622,1.9002325021483761,189.12236246000606,411.93869055330856,43.51514747625412,6.967446375807039,1.7673093101338568,11.792352380553345,5.615775629496906,5.017888158826386
E-0022623,2.677751947334063,197.87017352455757,268.5859187554118,84.12136083406561,2.642708663216804,2.3556639891723874,6.718496747336248,2.3707452492962164,4.022873331297884
E-0022624,2.8069285895474905,196.24466438799382,303.20520248730907,80.97921514886065,2.314803537705039,2.4730454737868337,5.83587046575843,1.9099658904683183,3.75398538546852
E-0022625,2.2135706698606787,240.34818564746936,324.503502223702,50.13979334643223,1.3021870150971206,3.3215199239155737,7.418136541145028,2.213872806595962,3.996764531127209
E-0022626,3.2337455396902737,188.48302890281724,217.59746867643833,80.53179865173941,1.7864443735032913,2.755298492410713,5.629857812661464,1.867868517440875,3.4196633982990847
E-0022627,1.7177645385972302,138.12191635991235,69.51247229057022,7.9693790156733595,11.693776447895385,2.1048772655870183,11.5093643445586,5.4847341986071,8.09516132443049
E-0022628,1.7975812601076597,165.2676983905028,91.25032441094736,5.545734149061734,17.78345745114655,1.1511516028573843,8.431813450518248,7.372527079823348,13.5155836666587
E-0022629,2.016744341945665,166.46804757289087,184.08110760124606,7.6607681528247715,10.060450676477458,2.147891637297972,11.51156102110581,4.689104667486304,5.362106267760995
E-0022630,1.1970894605182223,96.97006766120988,127.98478743306292,5.483775448330871,2.0076464770987243,9.499675694862455,8.19932111447637,2.2338180090277255,2.5912254023323973
E-0022631,1.7900111207462404,52.84565592852866,95.36529547199565,11.322404210349855,9.601763375324325,2.047888571289522,7.088328941638121,2.9482269024603944,4.403483676033835
E-0022632,1.879733523282979,60.83339523504074,161.70091700901486,23.833941825045287,15.863286554938455,1.810684075102686,7.460707339585182,3.962698110822898,5.769629202710883
E-0022633,1.879733523282979,60.83339523504074,161.70091700901486,23.833941825045287,15.863286554938455,1.810684075102686,7.460707339585182,3.962698110822898,5.769629202710883
E-0022634,2.028525160809957,70.81744467328356,166.21843429324534,17.976473005990343,11.7089219242019,2.086704047877888,6.123324891728522,3.599474085032704,6.138275848364422
E-0022635,2.028525160809957,70.81744467328356,166.21843429324534,17.976473005990343,11.7089219242019,2.086704047877888,6.123324891728522,3.599474085032704,6.138275848364422
E-0022636,2.4855957863270066,20.237833438130302,147.01877936155256,21.647492597928657,6.387557565056368,1.6536063342108998,2.993433890588854,1.3107274365672832,2.3474693337918326
E-0022637,2.4855957863270066,20.237833438130302,147.01877936155256,21.647492597928657,6.387557565056368,1.6536063342108998,2.993433890588854,1.3107274365672832,2.3474693337918326
E-0022638,2.3002831763243754,61.81297905471349,137.15727057027573,15.422538650843748,11.093886421360482,1.8770426329561785,4.672445539918838,2.657697845883122,4.391173555120305
E-0022639,2.3002831763243754,61.81297905471349,137.15727057027573,15.422538650843748,11.093886421360482,1.8770426329561785,4.672445539918838,2.657697845883122,4.391173555120305
E-0022640,2.51423601767655,111.95407917905408,60.27431177001723,9.016758645151933,6.574932732140238,2.1411056483171693,7.147178158782355,2.8612250976784606,4.185668948159794
E-0022641,0.9353457111489922,103.6819889865936,34.34932185313157,2.411444780595642,2.7378253116392717,6.4674136923591865,10.360141613273218,3.3540193178421887,5.420008318322816
E-0022642,2.360819834603538,151.8756206995104,86.35176814776429,9.337569469602187,3.915637158484778,5.2528291477565165,12.569221039593023,3.804733889587972,5.051519828354985
E-0022643,0.8242293600153474,134.39823457323752,44.168954660637866,2.1462413719615347,1.2947841864431164,15.336113489779247,16.470278770755172,4.155652862036193,5.9174636345323535
E-0022658,1.9560839454768701,287.3913875942036,124.95881799811252,9.041270286238499,15.33823860982125,1.6548188127965529,26.987064400774596,8.553779203238888,11.420066835078766
E-0022659,3.0717654138401596,10.613109752337742,274.37355067504865,35.833157468062524,10.11179299455634,0.9682247314748589,2.438843012434979,1.530696764739913,2.118167792328019
E-0022660,2.580830375415217,247.0857700570679,209.74044275907642,5.584104696115781,6.968964858125219,1.6107377331552382,10.02867514132985,3.6666790362596453,5.878361442028233
E-0022661,2.518929233053838,82.11904174141038,142.53002134986414,6.808656873893791,10.988046701622892,0.9201101255035883,5.774369695791589,1.5219491710934472,2.726009435333098
E-0022662,1.6674654443805503,202.03700018974317,518.6021495387118,40.403652361270986,3.69491748286238,3.409948148477266,18.141934957399513,6.21527790761578,6.277865122345644
E-0022663,1.6674654443805503,202.03700018974317,518.6021495387118,40.403652361270986,3.69491748286238,3.409948148477266,18.141934957399513,6.21527790761578,6.277865122345644
E-0022664,2.4559520500285363,230.6219617567376,420.7758309446759,39.96925254080613,7.701248048415965,1.8031484772485098,15.48663514152266,7.095808802395333,7.314422409630011
E-0022665,2.1183994985349393,233.36570928058848,430.85878810197056,43.22060474321673,8.02489893246195,1.7203965002576818,17.139261744779887,7.101797841560776,6.375831953020535
E-0022666,3.400135264044182,160.80954490663595,631.2609419513649,106.52761162948093,2.658519316102641,1.6899150804462617,3.750805265868822,1.7169433039918711,3.1542257185064893
E-0022667,3.4575136941714675,153.48517824901967,238.38414211721647,84.105549677031,1.75340049469626,2.7077139715956946,5.284752723167935,1.8464975790875946,3.3726299727581237
E-0022668,3.3852262075181736,183.428256492889,426.3215790999373,83.16642640823919,2.1423144327683454,1.983428496464885,3.827501198314823,1.308838590674037,2.7399215005344493
E-0022669,1.8162987833730253,309.3770947330739,660.5741667056882,8.645932734334702,15.489878967941992,1.1128182302801193,11.553473168884038,5.165158784033606,5.522329750621171
E-0022670,2.5950454800089444,205.7347938742122,328.8865915317855,34.14692467946352,4.458751729391717,1.4365090816575576,5.205910270532662,2.250729686234862,3.5285769566035983
E-0022671,2.9087207951291436,202.70667938970115,361.44588589819983,32.239333001618576,14.019189009361659,1.3646668349351379,9.763099324638969,4.225804156108692,4.298315434179675
E-0022745,3.0379559596413968,66.35715181995944,178.65541791260793,17.578547349568115,5.629704532819467,1.8293586769570107,4.256784075369245,1.5637695661997784,2.260829895199848
E-0022746,1.5178345582040904,183.4168374379831,60.14054126586789,3.232933028652285,7.958022028697013,3.894207754188692,23.430382523472566,10.34416816147245,13.199466409318322
E-0022747,0.12879414031805966,185.52768941570628,23.110069405404833,1.887629563334239,1.5148866191588073,10.190923389853282,22.554472627966668,7.313850740144685,12.646010844853642
E-0022748,2.283771908387976,156.60040993715046,45.768125959512524,8.913998645426775,8.251414082203992,2.8416496320281683,11.938209670892963,5.765421517120735,6.773550945016818
E-0022749,1.7138423877679498,18.124372262199326,158.65091803484466,16.236219490329564,3.243649224846645,5.174160552021474,4.972472806068425,1.281165989801348,1.4515316316726101
E-0022750,2.9569584226583414,103.68875930678512,306.92054692823876,34.03779677104252,7.4447376813070205,2.300198990620286,5.029075091061011,2.2052649021663755,3.3519954481505363
E-0022751,2.9487626745652924,43.4974022755549,183.27957765209507,38.0231533344293,7.124747768774586,2.3279610414616836,5.0357600848450295,3.6134126452949156,3.3812063821421092
E-0022752,1.9558848689647805,212.52335320141637,39.828158471453186,4.106127313846295,7.334381424419118,3.5478280939995224,18.01774538793092,8.820342668109387,9.906746316849913
E-0022753,2.9569584226583414,103.68875930678512,306.92054692823876,34.03779677104252,7.4447376813070205,2.300198990620286,5.029075091061011,2.2052649021663755,3.3519954481505363
E-0022754,3.4712328467996407,22.35172926856948,269.522061977844,58.187269824666004,4.276576006150472,1.8947854779435693,2.8274606404707328,1.3933190224831813,1.728555810774433
E-0022755,3.4712328467996407,22.35172926856948,269.522061977844,58.187269824666004,4.276576006150472,1.8947854779435693,2.8274606404707328,1.3933190224831813,1.728555810774433
E-0022756,3.0446337259788074,106.47607078987288,284.22550996491617,39.82837011493026,4.872574652170373,4.2019365116526775,5.742241937072828,1.84999605966468,3.0820609054504375
E-0022757,3.0446337259788074,106.47607078987288,284.22550996491617,39.82837011493026,4.872574652170373,4.2019365116526775,5.742241937072828,1.84999605966468,3.0820609054504375
E-0022758,3.2504344558442226,95.45038785137453,361.81404098432296,61.977206073239586,7.882397894358801,2.289939716773197,5.366181017286062,2.8019218800669097,3.7225285718617287
E-0022759,3.2504344558442226,95.45038785137453,361.81404098432296,61.977206073239586,7.882397894358801,2.289939716773197,5.366181017286062,2.8019218800669097,3.7225285718617287
E-0022760,2.8514131051582803,158.56736014384876,149.86888348327764,7.816947564185483,3.854238486935937,3.3792084365762696,5.734876621127311,2.425730192926278,4.172383611983375
E-0022761,1.203974704178513,125.88714941727916,96.64164789233546,3.004454316616752,1.4366472190945652,12.17845122223974,11.205035436527247,2.7913554818058812,4.172931591268863
E-0022762,2.1789501221500895,117.16396365720857,257.50488317033006,6.973501272164782,3.77600184168827,7.221818341858839,15.03207084182107,7.297601310529922,7.425153058529313
E-0022763,0.8462680091593745,142.91750473188551,64.79527144304706,2.1714284240771335,1.2055766528136755,17.02856716060096,19.721481030462066,5.4014639147791765,6.7632822783752
E-0022764,2.6016829516012554,118.24010039226543,158.67252088365873,11.332228234673908,4.097650995507697,5.9704373212408495,11.641468857027323,5.498078854161835,5.900698774161111
E-0022765,3.0941650025596537,77.14863038849774,165.44573092064695,24.494972777342372,4.513653313423349,4.5930320118248025,6.40814177365856,3.3715025708878326,3.838829639829237
E-0022766,2.413512161167328,10.961229780946198,331.6992533416699,16.787412841582118,2.8889208948974803,2.6207464425764,3.089103352446399,1.1414124081754013,1.6141082430920144
E-0022767,3.002431965842752,8.762249866739994,351.1027150204095,23.443075171953293,2.567321748558206,1.9187125732771073,1.909946777980651,0.8427312842010111,1.038324217111637
E-0022768,3.32101502410722,4.798214529197834,234.53789545838004,33.11729004155542,1.7412700910443955,1.6629921612297098,1.1850072021871147,0.7128087015714635,0.7039924470786701
E-0022769,3.0432537318966775,5.637076814719129,213.5231722898161,25.039011244227318,2.8568796444230653,1.8268852319237068,1.9380508562475625,0.8733812323263743,1.1392678294640928
E-0022770,3.2063705396697846,13.333423816400684,403.95037958203153,63.7630426906375,6.6117126164195135,1.8429375706834297,3.9507175415964535,3.1558261912357897,3.8824391883332834
E-0022771,1.03100548306316,190.00975547578247,121.89949266861396,14.923326746472199,6.572724235454968,4.5503369781121785,13.115173543951107,4.3755069607281465,5.198002011446229
E-0022772,1.03100548306316,190.00975547578247,121.89949266861396,14.923326746472199,6.572724235454968,4.5503369781121785,13.115173543951107,4.3755069607281465,5.198002011446229
E-0022773,0.8655338939456301,17.052675272495133,115.50928207136307,4.635670498925305,1.2971429136973778,9.676907369472179,5.070241750162048,1.1911215091284197,1.3352837490024618
E-0022798,2.4481077683182675,168.83586505196695,290.7277435298482,13.238379101430178,11.820616381681376,1.5371599588624727,7.22751750359945,4.114012341299015,5.249323978208475
E-0022799,2.390204199035992,178.45275770809172,140.61159312721267,10.01507021411904,13.574086900065302,1.216566522718822,8.551273858323361,4.488595043029083,7.925409626920464
E-0022800,1.7683431042430473,241.58346547879916,123.44758349105484,3.7246608238709205,10.635988620149933,1.466966209303977,10.448161642849838,3.7580361027069062,5.103523551317706
E-0022801,2.4175583879075204,200.83506891707793,355.35253505463487,16.97914768355803,9.941792688515653,1.0225837489219003,7.418604940567261,3.0057234468403253,3.8834286476803186
E-0022802,2.185631285101505,246.13438331647646,168.06728303251666,3.3796685514465254,9.494090990699576,1.6459122543906435,10.982574926354653,3.1418175259936603,5.241067006719079
E-0022803,3.16860208657551,168.42138029175425,185.38305865915777,97.78121337778855,1.5751089423416529,2.8318839471212143,4.399357702209323,1.6118633140499339,3.5549937775983507
E-0022804,3.1653056443778054,133.7136510556999,328.90609860342647,53.7364003109362,1.5988642714956316,2.4928731064867597,3.9738211103575685,1.4370038449622062,2.5251974667549955
E-0022805,3.4560265243444195,147.551730476437,240.18386901281988,85.28901976938403,1.4529872925909175,2.826976650787494,4.782991767274107,1.6754569873620861,2.3700547570225905
E-0022806,2.715165704407784,185.21140174509804,314.4782399574147,34.33135623172053,15.361823852546141,1.0335035719848136,7.412717188026837,3.7341407198626344,5.060751072389625
E-0022807,2.2135706698606787,240.34818564746936,324.503502223702,50.13979334643223,1.3021870150971206,3.3215199239155737,7.418136541145028,2.213872806595962,3.996764531127209
E-0022808,3.0122527865555235,27.74603032207654,313.9297229913327,27.83844568605659,4.672375099199269,2.2341754881591886,2.762748082123652,1.4891028502264654,1.9238995250369895
E-0022809,2.6221704927070255,53.64241102585718,221.3657460412369,30.014972380964462,6.967505192715109,3.075811766877401,7.648614298294986,2.6632635108703178,3.295335535454414
E-0022810,2.6221704927070255,53.64241102585718,221.3657460412369,30.014972380964462,6.967505192715109,3.075811766877401,7.648614298294986,2.6632635108703178,3.295335535454414
E-0022811,2.943585115384128,152.4303719297155,532.8635023007996,69.71108804843249,7.68219912877747,3.0731222559209868,8.692950344214292,4.126560409391585,4.730120331886105
E-0022812,2.943585115384128,152.4303719297155,532.8635023007996,69.71108804843249,7.68219912877747,3.0731222559209868,8.692950344214292,4.126560409391585,4.730120331886105
E-0022813,1.7705876698781196,226.37761231913538,41.31274541056017,3.3409227545497733,2.6362058846332044,8.89108028169653,22.447568329702367,9.226749953595883,9.806916926592852
E-0022814,-0.029909277266577463,262.36185778447884,30.402737735402766,1.7501057948180092,0.6615963895168294,24.233898077019926,31.688059001284017,8.057158697964718,11.586493159817058
E-0022815,2.7258834453854175,108.4798392323977,283.5107276564944,44.85014449048402,11.454591032255372,2.556196941184678,9.399960475532229,3.654729629365803,4.14552428372383
E-0022816,2.7258834453854175,108.4798392323977,283.5107276564944,44.85014449048402,11.454591032255372,2.556196941184678,9.399960475532229,3.654729629365803,4.14552428372383
E-0022817,2.7891577493613777,195.6760368441188,299.4946339959372,52.239454806635734,4.646125586107935,5.689928441991032,8.548203813779928,3.697849023666191,5.26520106615592
E-0022818,2.7891577493613777,195.6760368441188,299.4946339959372,52.239454806635734,4.646125586107935,5.689928441991032,8.548203813779928,3.697849023666191,5.26520106615592
E-0022819,0.5093425598499205,149.74074101667006,79.13249369133426,8.353799213897432,2.349462801091372,12.826126576793943,16.679559940115674,5.827197726912469,6.108919905453425
E-0022820,1.8708987660488645,128.89932679427002,173.06940466834024,17.84858470390434,9.68593629334632,3.8826328258694565,17.13388247430394,6.998755747660681,7.45563304881162
E-0022821,2.874518033278238,18.649272208270382,471.4745016465073,53.582603331604,4.903234322908896,2.5151416334051167,2.9970767793641984,2.1782619850259044,2.591780127742264
E-0022822,2.973466313888421,42.646351076486866,252.04259020802087,29.68457928808729,5.757596811853156,2.2564242028737933,3.70684388713295,1.5291725885726606,2.289662770840856
E-0022823,0.9790876098066452,105.40633488590697,88.77068632386448,6.883372242795471,2.4131722656143784,8.44072517092089,8.303257615819204,2.4755102281207355,2.9983277962716537
E-0022824,0.9790876098066452,105.40633488590697,88.77068632386448,6.883372242795471,2.4131722656143784,8.44072517092089,8.303257615819204,2.4755102281207355,2.9983277962716537
E-0022825,2.973466313888421,42.646351076486866,252.04259020802087,29.68457928808729,5.757596811853156,2.2564242028737933,3.70684388713295,1.5291725885726606,2.289662770840856
E-0022826,3.291620890609392,11.27751024662877,185.21585839045505,41.257933729019896,2.933536872037988,1.874929910025653,2.0726261897600526,1.0367787434023725,1.2579129875396615
E-0022827,3.291620890609392,11.27751024662877,185.21585839045505,41.257933729019896,2.933536872037988,1.874929910025653,2.0726261897600526,1.0367787434023725,1.2579129875396615
E-0022828,1.210461565721031,121.45700376282035,94.13882074743402,12.877369834150453,7.195668052707369,2.9208828028549076,8.770454641691908,3.7015892767175815,4.856909595621656
E-0022829,0.6519842851185771,73.97565609811154,61.4623234920737,7.333471640939287,3.086930488933621,6.317033510875031,10.331230044836326,4.087069954058161,4.9407488741239876
E-0022830,1.1761597785646887,31.72778479072781,77.05585774284637,4.6640769540396745,1.9160239530615952,4.116733422092275,3.4778957552522467,1.056381647137901,1.4529188653702383
E-0022831,1.993551257252464,53.58827961886095,145.0679609293307,16.817264261690127,10.012439752763173,2.2183854117605266,10.133207021029628,4.782633656575585,5.3184463204336945
E-0022832,2.5216717154979285,66.98627036255746,396.59403272024304,36.42671696633382,10.213362071351753,1.7501007709720395,8.183996693131293,4.985754028362157,5.048890710690081
E-0022833,2.3369356009991558,103.64053939889655,437.20789237309396,44.91845251304604,8.841406304855314,2.782417392935416,11.296792725563824,5.621799209871677,5.183864847469138
E-0022834,2.3369356009991558,103.64053939889655,437.20789237309396,44.91845251304604,8.841406304855314,2.782417392935416,11.296792725563824,5.621799209871677,5.183864847469138
E-0022835,1.3680181987063222,262.7512301845635,154.92953407759924,8.809607452049908,23.5366563353162,1.1372886049753295,30.37720771051417,13.904103674365897,15.885581108724404
E-0022836,2.2391892637858453,303.7503703211498,101.7320126204718,23.34375868648821,17.552060541341454,1.6763783605446734,19.955586856801474,10.119925451850913,11.987932077499636
E-0022837,2.762900296834779,228.77211626688984,358.5094493859202,79.07849219767014,2.300872067466535,1.9318227711670057,5.440666176639593,2.425019967205566,4.394604829730562
E-0022838,3.3852262075181736,183.428256492889,426.3215790999373,83.16642640823919,2.1423144327683454,1.983428496464885,3.827501198314823,1.308838590674037,2.7399215005344493
E-0022839,3.3852262075181736,183.428256492889,426.3215790999373,83.16642640823919,2.1423144327683454,1.983428496464885,3.827501198314823,1.308838590674037,2.7399215005344493
E-0022840,2.374640314622261,178.2602020365792,269.04869320129427,62.628785970028495,1.6075806014348515,2.93064583763843,6.920715510188177,1.7687783173875427,2.8657678185320457
E-0022841,3.537999036539416,21.59583051977017,375.31348248273974,51.807406574713795,0.4035588254377753,2.988654277382755,1.5325491140040413,0.3095894345559133,1.2995302825658321
E-0022842,2.4834791574431865,236.7691529309595,259.4278346079157,12.017541942933851,4.651864853805024,1.4377581784278546,9.319084639168373,3.161543444740685,4.399722582271988
E-0022843,3.168912185293774,150.98578451682525,364.26745576050257,35.72213747356245,1.6966529204313683,2.9269903680973455,3.8860019688736207,0.8964959228866516,1.8415450105396938
E-0022844,3.486842340492177,178.47319873149632,343.2725315469277,45.112296560905165,1.0521184763227653,2.764903913487886,3.7573424450397503,1.0137484490015536,2.675585296447803
E-0022845,2.765491360243283,38.26000262158254,224.77345457514062,15.033597914939223,5.121379699515313,1.5529457187810942,3.4830142718784574,1.6082087546859634,2.5260278623777586
E-0022846,1.1733296058512774,160.23293464977436,134.18043535343728,8.907375173319668,3.130192519729091,8.417614201449931,10.034471437518125,3.519930422510789,4.172109251068109
E-0022847,1.1733296058512774,160.23293464977436,134.18043535343728,8.907375173319668,3.130192519729091,8.417614201449931,10.034471437518125,3.519930422510789,4.172109251068109
E-0022848,2.751270129917782,41.30503330481113,382.70229821941683,40.57102309733094,6.4807445164584045,2.2140167766458045,4.646265721070462,2.0042870892824056,2.8688881400462183
E-0022849,2.751270129917782,41.30503330481113,382.70229821941683,40.57102309733094,6.4807445164584045,2.2140167766458045,4.646265721070462,2.0042870892824056,2.8688881400462183
E-0022850,2.9053993163808176,45.50987629217236,243.54116960341835,51.373045513321024,6.207985252278291,2.308780684547451,5.026251695042401,3.1084151119844448,3.0739441442904516
E-0022851,1.7930294046701547,71.31316231436065,192.5746730126981,13.220429178533035,2.8154414677578425,6.20432370550673,4.867213377992308,1.342378817645234,1.5150175787863993
E-0022852,1.7930294046701547,71.31316231436065,192.5746730126981,13.220429178533035,2.8154414677578425,6.20432370550673,4.867213377992308,1.342378817645234,1.5150175787863993
E-0022854,3.098838144267644,32.74103620864227,625.8227949301207,107.11876275448591,11.29120156649714,1.1385621815805251,3.7962524972204688,2.858651601775347,3.629882012353929
E-0022855,2.1133522193835965,257.03193192464977,89.23348591353445,15.118558538214053,20.967780227353916,1.1307605290835865,20.922953681989263,8.831541793625776,10.19554365633245
E-0022856,1.3019614511478426,234.55487677959692,102.92510835855042,5.087392661126561,12.897150994922573,1.212758780064248,12.949781442746668,11.727076726532923,10.983919144718651
E-0022857,1.8781534282914822,258.65719012129114,126.596566195041,4.205758834468185,18.387254434788986,1.1372543644728925,21.118001585006272,5.507600987768772,6.799459965203757
E-0022858,2.566838560471936,199.76126666004055,158.0786417397107,91.23314639319165,2.7873047255937298,2.406731659013256,6.3827876457364585,2.659539782573354,5.1371674292632825
E-0022859,1.9582830843362644,240.40374718885698,291.55264279032895,35.07427909753181,2.6884242402895597,2.4391620558892755,11.094864521169615,4.891117719052754,5.459948773779464
E-0022860,3.1703193340461318,182.58358527870166,284.97279345691436,26.265566136992337,2.121052312782454,2.061262986605539,4.211981588852594,0.9605670224274047,2.213309532222509
E-0022861,3.176036340415284,201.3591828807876,266.7555071033706,29.5136301512388,2.202899466126928,2.176556479461636,3.6670009256571223,0.905162695813541,2.066374852442891
E-0022867,3.0122527865555235,27.74603032207654,313.9297229913327,27.83844568605659,4.672375099199269,2.2341754881591886,2.762748082123652,1.4891028502264654,1.9238995250369895
E-0022868,3.0122527865555235,27.74603032207654,313.9297229913327,27.83844568605659,4.672375099199269,2.2341754881591886,2.762748082123652,1.4891028502264654,1.9238995250369895
E-0022869,3.188017090290908,7.844870935280368,187.54123408769576,18.66490553036377,3.1527019968129566,1.4341149404340576,1.4433355194588855,1.010887875540416,1.3526194589287635
E-0022870,0.00017028858442980907,184.0357923482375,24.990888143538616,1.6170935528113468,2.030343024264919,9.58638267681341,26.394453695033484,8.06973986250918,15.141182201571914
E-0022871,2.0050345761035984,206.21790522635305,54.06752099581966,3.8853686345925436,9.972593550925641,3.280342416137121,19.43168478324568,9.303184418745083,11.469592642908719
E-0022872,1.3930151802412947,92.58025917464828,98.32051195315225,8.705851715942842,3.8337878477165352,4.080858037489751,5.4221089280465735,1.9867243433768598,2.8683349586533744
E-0022873,1.3930151802412947,92.58025917464828,98.32051195315225,8.705851715942842,3.8337878477165352,4.080858037489751,5.4221089280465735,1.9867243433768598,2.8683349586533744
E-0022874,2.2199886084899867,11.97385301507917,86.82179878342829,12.594533956987096,2.023357287734644,4.564429451105843,2.196780753856826,0.7334916136835086,1.0297285917811774
E-0022875,2.2199886084899867,11.97385301507917,86.82179878342829,12.594533956987096,2.023357287734644,4.564429451105843,2.196780753856826,0.7334916136835086,1.0297285917811774
E-0022876,2.6918926860459504,39.53827262413334,243.6338752700222,32.24523039943377,2.9181600256206632,3.289289201254683,3.4054699688040095,1.1587450314241037,1.5816657387408009
E-0022877,2.6918926860459504,39.53827262413334,243.6338752700222,32.24523039943377,2.9181600256206632,3.289289201254683,3.4054699688040095,1.1587450314241037,1.5816657387408009
E-0022878,3.0537583123528913,30.458219123089343,277.35240161000405,27.978640959575444,1.8167264603580826,6.926734303271532,4.0157796533505,1.8480271096445593,2.402242642910537
E-0022879,2.0304866527964642,143.23366836167796,135.91495192941198,10.378870807407612,4.597695371295981,8.289883260641997,20.555026170188093,9.809747459295725,9.461461540662292
E-0022880,0.36412741826210054,150.31983466882932,76.83381814129218,2.9535587459956996,1.667211782732177,16.439532558839797,19.806841642865166,5.545766014487112,6.944338355581412
E-0022881,0.36412741826210054,150.31983466882932,76.83381814129218,2.9535587459956996,1.667211782732177,16.439532558839797,19.806841642865166,5.545766014487112,6.944338355581412
E-0022882,2.0304866527964642,143.23366836167796,135.91495192941198,10.378870807407612,4.597695371295981,8.289883260641997,20.555026170188093,9.809747459295725,9.461461540662292
E-0022883,2.5981377748852976,126.90045916382961,218.35014565413428,11.343463894083994,4.973966616844321,6.4339398329841195,12.491708685117468,6.1488076082596,7.093581275789686
E-0022884,2.5981377748852976,126.90045916382961,218.35014565413428,11.343463894083994,4.973966616844321,6.4339398329841195,12.491708685117468,6.1488076082596,7.093581275789686
E-0022885,3.2910519591850926,90.67256498214061,222.51993493591885,51.16516890179435,5.244595140441867,3.2320975131578393,4.457218935185361,2.6121105017428055,3.3241004020272467
E-0022886,1.9952295482121412,105.32715187885508,138.66360099963276,10.356005120997464,4.812718939067494,6.8358495039845755,13.472053711285287,6.685796139351883,6.095300079598773
E-0022887,2.5122997026522635,17.694823471276397,247.4226943382153,20.045272312526365,7.745762055696699,2.679837447836527,6.198907165436547,3.817534904669638,3.195347684496624
E-0022888,1.9952295482121412,105.32715187885508,138.66360099963276,10.356005120997464,4.812718939067494,6.8358495039845755,13.472053711285287,6.685796139351883,6.095300079598773
E-0022889,2.5122997026522635,17.694823471276397,247.4226943382153,20.045272312526365,7.745762055696699,2.679837447836527,6.198907165436547,3.817534904669638,3.195347684496624
E-0022890,3.450657229391441,66.63837783401665,163.61300052940413,16.112888208606357,2.646094018418065,2.0936385970854743,2.3860093398125866,0.9651227978433005,1.5846216164103362
E-0022891,1.7951885256801074,80.42053802533721,88.45416530097872,4.479906748558367,1.683760348835344,6.244346504701532,3.888920558596634,0.9601475565604903,1.6527233620179145
E-0022892,1.7819678793099292,17.04335208506428,122.99233581234503,11.189782513449044,2.136561035034644,2.997912473712176,2.150335921736658,0.7252391770067013,0.8949780146049903
E-0022893,1.7819678793099292,17.04335208506428,122.99233581234503,11.189782513449044,2.136561035034644,2.997912473712176,2.150335921736658,0.7252391770067013,0.8949780146049903
E-0022894,0.8855041475481767,5.890787278174333,77.49014234555791,4.674695292614418,1.1866038076946503,3.52959264281804,1.962481245122951,0.6171258075561701,0.8634238410591798
E-0022895,2.268172029344287,100.4907794315837,191.7291922128054,13.464001361343247,19.05315521507449,2.947628345182739,17.883601458531086,6.630649683165159,9.713773984365748
E-0022896,0.769285494742212,145.4853672663542,73.39073846845216,8.936792049823175,4.752225943674114,8.538732046412491,14.767561592411193,4.70898619800936,9.721853146511963
E-0022897,2.231455224160768,124.23423278455331,200.17978346948777,16.071655126550255,15.987617408044253,2.095723008642437,17.630532325618663,6.832967191170927,9.41016070414436
E-0022898,0.6324039607974118,131.9827525433059,63.63108788624917,3.0820195545619127,3.0317969330637764,7.378686478744683,15.464530861431147,4.788052273939324,9.008977827854718
E-0022899,1.3175239306381203,194.63770659227046,47.92770230446564,5.1629821680748496,9.395532498610388,4.345062864846031,30.412782618098106,14.88934415560173,18.568816907233394
E-0022900,3.0163539684986898,127.16479049422192,137.87785159651935,44.04464637441218,4.290586646002154,3.1613552716528894,3.88967559914364,2.2148790955668645,3.260248097248552
E-0022901,1.1417845368857156,58.5932879172219,109.79617635892046,11.066589093833331,2.1264429972094807,6.947838484310888,6.643140832941001,2.256299882226148,2.3196427375658506
E-0022902,2.7725754878740063,91.60491116330702,379.2524560217607,40.89240385377872,4.945521117439418,3.8301415776068954,6.345715063288958,3.5526724223548842,4.215932938284311
E-0022903,2.6352755397054946,5.397456577229895,224.54846403930975,14.404021768848338,2.3540311155443496,1.4228821551777648,1.6830008359654884,0.8822070637851773,1.4065119769973162
E-0022904,2.969202970892872,30.27676086616401,188.51833373866927,32.73077994655031,9.767871254596885,1.4612045826575681,4.808239352059416,2.194385196381667,2.7393349910970928
E-0022905,3.400135264044182,160.80954490663595,631.2609419513649,106.52761162948093,2.658519316102641,1.6899150804462617,3.750805265868822,1.7169433039918711,3.1542257185064893
E-0022906,3.035061579596729,227.91438754090987,405.8474931175802,61.77279984107882,3.3366032908943084,1.5966063493958358,7.697800199319239,2.882433602738086,4.378558866641081
E-0022907,3.035061579596729,227.91438754090987,405.8474931175802,61.77279984107882,3.3366032908943084,1.5966063493958358,7.697800199319239,2.882433602738086,4.378558866641081
E-0022908,2.883348531192115,237.79419642548692,296.54381450746905,43.97541051276112,2.4591762781321345,2.154414016874143,7.7215468279513235,2.61827002331349,4.148399460479421
E-0022909,2.9153474484217234,223.10148344760404,337.971184008675,44.174989010473446,2.4357616864398737,1.9127090038761496,5.906622982379006,1.7380279812286983,3.3235159733744957
E-0022910,2.226514861933384,229.92645741277957,210.42524428543047,26.14685550458857,1.316946421475132,3.1382954054494294,6.221392784623307,1.8624598974350042,3.9046480694188954
E-0022911,2.518627269555862,221.08245401148892,276.88959108926906,29.357020649469195,2.710223157296406,2.183096192408649,7.446026865207814,2.495628626903185,3.144720635185223
E-0022912,2.5970732297105306,163.93137452521242,262.54108978650186,43.07621440064892,1.1115002522119202,3.0388586508125472,5.193224580341473,1.4197264639964915,1.9374025579417073
E-0022913,3.095087063442668,178.4996615817917,294.78335374646014,51.09245424054831,2.545118965346802,1.9753045940988834,3.152510455292117,0.9795777690214316,2.197131565833505
E-0022914,2.8309549936546072,227.9415266031877,232.31615615601515,37.373898899017796,3.9652166666434496,1.7892997262091044,6.51031627656776,2.1644043632125225,4.12102255177322
E-0022923,3.188017090290908,7.844870935280368,187.54123408769576,18.66490553036377,3.1527019968129566,1.4341149404340576,1.4433355194588855,1.010887875540416,1.3526194589287635
E-0022924,3.188017090290908,7.844870935280368,187.54123408769576,18.66490553036377,3.1527019968129566,1.4341149404340576,1.4433355194588855,1.010887875540416,1.3526194589287635
E-0022925,2.0050345761035984,206.21790522635305,54.06752099581966,3.8853686345925436,9.972593550925641,3.280342416137121,19.43168478324568,9.303184418745083,11.469592642908719
E-0022926,0.00017028858442980907,184.0357923482375,24.990888143538616,1.6170935528113468,2.030343024264919,9.58638267681341,26.394453695033484,8.06973986250918,15.141182201571914
E-0022927,2.452036276631914,13.67146354475081,350.3557206338862,33.06384472760415,5.631605748059089,2.9569486458123766,4.346494929069865,1.602190795842209,1.8299085576355727
E-0022928,2.452036276631914,13.67146354475081,350.3557206338862,33.06384472760415,5.631605748059089,2.9569486458123766,4.346494929069865,1.602190795842209,1.8299085576355727
E-0022929,2.796367200482194,13.162675249807394,378.8340873424714,26.591689242332944,3.7086432930490636,2.1372358448852538,2.148300014383173,0.9555014368222021,1.4619883025392513
E-0022930,2.796367200482194,13.162675249807394,378.8340873424714,26.591689242332944,3.7086432930490636,2.1372358448852538,2.148300014383173,0.9555014368222021,1.4619883025392513
E-0022931,3.340273910089745,6.0779521478020895,329.55422458614504,45.469383937117506,2.7450943047278016,1.789752501774625,1.7429972945399874,0.8422320188069398,1.0579052883501672
E-0022932,3.340273910089745,6.0779521478020895,329.55422458614504,45.469383937117506,2.7450943047278016,1.789752501774625,1.7429972945399874,0.8422320188069398,1.0579052883501672
E-0022933,2.9609932415506433,16.020153397523043,427.9790982632329,45.48024202370451,4.596714215297423,2.084207284454886,2.658755715532817,1.351125910517394,1.8115668527937858
E-0022934,2.9609932415506433,16.020153397523043,427.9790982632329,45.48024202370451,4.596714215297423,2.084207284454886,2.658755715532817,1.351125910517394,1.8115668527937858
E-0022935,3.1949211426227264,53.48966128354962,314.3370211266517,24.139894834718675,4.259313361512701,2.7859952403735813,4.676962200405951,1.3963479808111332,2.1961746163091975
E-0022936,1.1968810941530372,99.96043967371385,93.10303641621834,6.410033257148707,1.903898736561495,9.798244480718738,9.355101658897006,2.4883249418131705,2.9969072789477633
E-0022937,1.1968810941530372,99.96043967371385,93.10303641621834,6.410033257148707,1.903898736561495,9.798244480718738,9.355101658897006,2.4883249418131705,2.9969072789477633
E-0022938,3.1949211426227264,53.48966128354962,314.3370211266517,24.139894834718675,4.259313361512701,2.7859952403735813,4.676962200405951,1.3963479808111332,2.1961746163091975
E-0022939,1.4741225338832176,64.32688280492667,107.37658789549714,37.10900345248823,5.579680781555892,4.951419332814623,9.44352272582066,3.720914249571997,4.256011957812893
E-0022940,0.7011685027880807,62.164155333096105,142.5595956906102,6.888404613774926,2.4125869631636134,9.233876160757736,7.973479436088791,2.446718580962651,2.88596594614274
E-0022941,0.7011685027880807,62.164155333096105,142.5595956906102,6.888404613774926,2.4125869631636134,9.233876160757736,7.973479436088791,2.446718580962651,2.88596594614274
E-0022942,1.3175239306381203,194.63770659227046,47.92770230446564,5.1629821680748496,9.395532498610388,4.345062864846031,30.412782618098106,14.88934415560173,18.568816907233394
E-0022943,1.2782210871103665,101.40975705603786,99.35873064019896,14.163116670797015,3.196947724856961,6.498274105478764,9.205430263476128,3.1702081860010836,4.004045049735056
E-0022944,1.2782210871103665,101.40975705603786,99.35873064019896,14.163116670797015,3.196947724856961,6.498274105478764,9.205430263476128,3.1702081860010836,4.004045049735056
E-0022945,2.7020693926653814,92.58027657477489,304.78759081250473,49.94130047333303,6.694903134411079,4.041181992959263,9.117916143553783,4.413027992968535,4.740618348551273
E-0022946,0.8945113210764234,91.32044928658581,137.56900918739373,16.50453565639172,1.507702313668917,16.34996653205162,10.235451047724283,3.2738732342048484,3.746609436587345
E-0022947,2.969202970892872,30.27676086616401,188.51833373866927,32.73077994655031,9.767871254596885,1.4612045826575681,4.808239352059416,2.194385196381667,2.7393349910970928
E-0022948,3.205826091508915,4.020924814448307,471.49090063665193,37.46685612076853,5.0963314853568535,1.4994857190785842,1.927179410487131,1.21459739685303,1.2914856988025842
E-0022949,3.3129565350679564,3.3508864842916433,264.4062149771664,18.343704991638425,13.721419348874662,1.301564846538212,2.5786524172153293,1.5410664468736799,2.376373040145173
E-0022950,2.9183439567920595,58.18965680701561,320.47531559261,50.75580491709274,8.860796727113827,2.153884746273121,5.716420804998659,2.935177534263835,3.9011219890112456
E-0022951,2.2535106017723003,118.39959464785905,363.59594517909426,26.432202363903542,8.573153001322114,3.8732762554575295,15.237077318382664,6.083743262598641,6.907705556073611
E-0022952,1.4848500949170105,61.923164991249415,87.26916501478806,15.836037348506837,4.259434959486332,3.513441376508534,5.020898120760892,1.94051154364217,3.0078480346088967
E-0022953,0.9230386180232992,53.75863038866009,118.2606703317915,4.785942742309134,2.451011170909195,10.079179003320206,12.924392362668536,3.337492085559302,3.491760532459904
E-0022954,0.9694229035316564,197.6800299904597,69.66739074732749,2.1138820151567774,15.312243545518925,1.741648504502171,19.664010961942864,15.80337861615025,16.145351381942287
E-0022955,2.858785698863852,155.17917960045338,252.22571284699188,40.317264885815874,1.8098606039309502,2.1470565524618763,4.378547656378462,1.506158965650038,2.068657321163222
E-0022956,3.162070111401811,214.87773336943138,274.8840651187085,30.963640314840767,1.8671662153013437,2.257185549561616,3.287347693669867,0.9085813794289916,1.887405123497636
E-0022957,3.2314190447278994,136.08222338872739,349.9472823079076,56.7560629308314,2.4307875329793953,1.7621690318318688,2.26794569897488,0.8820439769510113,1.9143257283667594
E-0022958,3.095087063442668,178.4996615817917,294.78335374646014,51.09245424054831,2.545118965346802,1.9753045940988834,3.152510455292117,0.9795777690214316,2.197131565833505
E-0022959,2.8309549936546072,227.9415266031877,232.31615615601515,37.373898899017796,3.9652166666434496,1.7892997262091044,6.51031627656776,2.1644043632125225,4.12102255177322
E-0022960,2.1816586187586213,233.8521489377497,341.94869079682076,52.15574695373526,2.609888224886603,2.699254704641156,11.193381520966705,3.5341853204707876,4.231119274074019
E-0022961,2.0290469765535115,231.1890370898012,416.16886201521226,54.704193349069,6.4094992569785125,1.3952638536008293,10.440853941518332,4.30963659918935,5.859663666422249
E-0022962,1.3585595817196354,266.5759541044921,535.1023268425985,27.8166255482037,9.03254358340977,2.126550361247086,28.02061640091999,12.602260193574592,12.276653750267561
E-0022963,2.2376332333091145,258.66789915118585,326.31402490106944,29.50336429797621,3.996720529653208,1.6224011296475906,9.88711581371879,3.1535856205549897,3.8133009808977354
E-0022964,2.647889842526395,211.40543342001547,209.97132320073362,83.86920394049788,1.834723653864433,2.5891370586667186,5.68212298187262,1.745869168930521,3.054034179676099
E-0022965,2.647889842526395,211.40543342001547,209.97132320073362,83.86920394049788,1.834723653864433,2.5891370586667186,5.68212298187262,1.745869168930521,3.054034179676099
E-0022966,2.0690715392609382,222.88810427503998,253.02751543123867,25.688283807640225,1.4175527782303192,4.224935038039434,8.720027652005152,2.5343096733286874,2.623255646610805
E-0022967,2.022451275986431,191.656137962345,382.30957390325517,86.80358107659842,2.5585085890867325,2.4239855495391147,7.788166213756587,2.611716631952225,4.245372135974451
E-0022968,2.022451275986431,191.656137962345,382.30957390325517,86.80358107659842,2.5585085890867325,2.4239855495391147,7.788166213756587,2.611716631952225,4.245372135974451
E-0022969,1.7048196730049643,167.8525488126237,188.67676468195774,26.191647638867586,2.740025609820787,2.8673357134750583,6.538363751539174,2.2795879359582156,3.3170551905112604
E-0022970,1.3371185745384186,240.39150225706464,404.72568913738974,15.727843021638755,5.686171257305764,2.135221037116061,14.962937590624401,5.095629385415765,5.8723053740028535
E-0022971,1.5973037212968855,182.23221401064643,193.445524571688,25.37704313710632,3.975960228861366,2.99927905545087,8.041083759816871,2.8643344064201037,3.759311852559503
E-0023632,2.7020693926653814,92.58027657477489,304.78759081250473,49.94130047333303,6.694903134411079,4.041181992959263,9.117916143553783,4.413027992968535,4.740618348551273
E-0023633,1.9735480312913405,69.64450605950752,245.13627133816718,44.23327200605198,6.189918538104842,4.341031080002018,8.011042997518325,3.42823974261667,3.657146523946509
E-0023634,0.8929013462606453,176.603502974128,185.29593100893743,5.96253560652068,4.5562345278162235,5.547110291445818,38.669938323142894,12.512595341231904,13.562075190530285
E-0023635,2.722521379238523,2.8385820405120956,1014.3361254722566,58.23548181462777,5.4973406937554765,1.2790941066109855,2.424764117739184,1.678029070973073,1.4612019568646246
E-0023636,0.529047947523384,136.26869725276683,44.242521113655975,2.682109903577403,1.388742328484024,15.436429745100956,23.854264660181176,8.111752668237887,7.958093948322188
E-0023637,3.0084001612313336,6.3264177709124825,298.1779856585975,37.445753979313146,8.396417183449548,1.671329007120935,2.6316000529264705,1.7117239267954054,1.7751659613779194
E-0023638,3.0084001612313336,6.3264177709124825,298.1779856585975,37.445753979313146,8.396417183449548,1.671329007120935,2.6316000529264705,1.7117239267954054,1.7751659613779194
E-0023639,2.709926407640431,11.378159143983924,222.9963142490731,43.90924563363967,6.856404731619017,2.5641786420999084,7.964356854624597,6.485282433040825,6.165722190090016
E-0023640,1.9238575464541388,12.317051794075962,126.76161058568333,17.82407475238632,15.596105799277792,1.7879840365455029,10.9598925399108,6.879416765919056,6.789003595940453
E-0023641,2.173416163420239,138.79644113548414,147.68290752853167,20.559161260005553,12.729686384040221,3.4448121277614123,16.149587580931545,8.176395672297287,8.559136292453232
E-0023642,0.828860811555074,53.43208851819234,80.68713049017649,5.184665397874751,1.87701195867603,9.472147892821829,6.949358867763834,2.009744557928194,2.591309046262739
E-0023643,0.698744489611356,160.96809056176662,42.27212084300014,4.3778155267719185,3.2137910223462716,5.718380046179555,10.846172048696145,3.613496883778517,5.873915008298617
E-0023644,1.3908716910883283,161.5046876808247,70.4624993984772,5.917013767674001,20.38377156955284,1.272976122076916,11.398096529838675,19.96961835716563,27.53203349046543
E-0023645,0.08608711216625017,202.05981909639982,30.078813946802928,2.188356306360103,2.426204670508328,5.704750069854463,29.704522520619953,16.623869406705875,25.371096966271786
E-0023646,1.1523172867192275,183.47121827889845,81.26578787576295,4.854339691054083,20.599743693349343,1.356033781382012,31.34359614394245,21.99916931646678,29.576103571564005
E-0023647,0.7458836899607466,172.16017900707217,70.69206071747752,2.450732297625939,2.756873783566706,8.099343021648371,29.331522028504622,9.058039963265132,16.241849442416154
E-0023648,0.16224686847665637,271.60900418960637,150.46442069287812,1.8543185470587786,6.799942142015104,3.73986791872466,49.193136323685586,16.983187450053123,20.388258368329275
E-0023649,0.23041517858314456,206.86346923870167,61.922554181276794,2.5100978455073215,5.297663931678124,3.800603422604556,20.80202130209252,7.043434058400286,17.3727865482838
E-0023650,0.7490854825604497,202.81301678050195,291.9043352536385,2.395356817305297,5.8359987629607115,4.360545924537603,18.594284441095564,4.701905073270013,8.806308355269854
E-0023651,0.33081569464596666,224.23647437485278,68.47849749285356,2.991305673089114,4.339827451690805,5.519542358101996,19.59591196838878,6.688060123192979,12.592791700913352
E-0023652,0.5185716911359284,140.95994540135808,52.12427825592675,3.750515651061312,0.9504523107755337,25.318388225349395,17.430830390948145,3.701474576214421,5.114859208287295
E-0023653,1.07678583161454,85.35394886597692,106.59547863848192,3.697802566812069,2.3706271883711887,4.364695312238503,4.165589199903512,0.8427420170150366,2.466032918519292
E-0023654,1.49658267735331,6.92666168329582,151.76046955763334,8.386268107766277,3.4070680737557786,2.1166423074094998,1.79353426886947,0.448049349846269,1.3249496039826372
E-0023655,0.9243497881179039,68.04987583080322,278.2524465409646,5.300451411152124,9.730407501308164,3.803366339012575,9.496574251817655,1.8704245482346629,4.714890614412024
E-0023656,1.9398771477200911,68.02259905324568,125.05317219420212,6.972509530679866,6.724173654743479,2.1911721022784043,3.085035404862701,0.5810265326630488,2.098834533657935
E-0023697,1.4040711438454978,241.61142981968055,160.9151018443664,35.564425478330655,1.3334517733693525,5.864044486203006,8.24816051606263,1.722838466229261,3.504426658469528
E-0023698,1.708511050358918,159.57490179414205,63.18621450505788,2.987793838883853,5.797776430291549,2.212635703685896,10.700850112787489,2.7899918210134556,3.1496767567801087
E-0023699,2.858785698863852,155.17917960045338,252.22571284699188,40.317264885815874,1.8098606039309502,2.1470565524618763,4.378547656378462,1.506158965650038,2.068657321163222
E-0023700,2.4578573790687406,159.68844373088146,344.1148024630191,81.67983853307561,3.6396251687998014,2.9071654210019537,6.975638212198535,2.629801148623884,3.6751152751627783
E-0023701,1.938964995462689,200.1135486517408,584.2963879989035,71.3556352015811,5.892470551489134,2.2430905539537167,10.688576539233003,4.185730315651036,5.22169147484403
E-0023702,1.2298161829236987,253.25857973089663,251.07779810962836,10.126412720629963,10.17150813788961,1.746343035250462,16.86826696110975,6.756518380644255,7.050339845283227
E-0023703,2.353426301078455,171.37433680608805,322.9851595186414,58.85509938100595,4.357436751554481,2.8824049783159853,10.102212089298883,3.601525073901276,5.6560417185027605
E-0023704,2.0767734737624806,231.0920959351944,375.97937473154144,42.21739982708958,7.9419632474413095,1.958139272710956,14.74012261588913,5.41225926052817,7.939354352346443
E-0023705,2.817809830995358,15.828811985260243,479.25313163807044,39.41927328357751,4.59193425619668,3.493572449023978,3.888813956064454,2.253944338132822,2.761883523977197
E-0023706,2.817809830995358,15.828811985260243,479.25313163807044,39.41927328357751,4.59193425619668,3.493572449023978,3.888813956064454,2.253944338132822,2.761883523977197
E-0023707,1.0726625164612187,156.13817389135025,207.9308354949403,7.3425714850156085,4.635526383201379,5.702156179977932,38.97412903647228,14.627774391218212,15.253104877257018
E-0023708,1.0471839491758164,172.9702898943218,160.1860339005693,3.759891948016848,5.6804579273253,3.4983337158248764,43.96892059728526,14.461701882722751,20.034318158398474
E-0023709,0.8149391547573446,207.365897126743,133.7100912274528,2.8914467574999896,6.6187121213792555,3.1188541313347264,42.01931377492848,12.172763500566559,17.513516872678846
E-0023710,-0.692169387074624,280.08812773729306,28.69960318322813,1.91507183080195,1.278700374767757,11.867795907875202,34.072704845723685,13.68473994935493,25.651424188853895
E-0023711,0.9341108637808401,214.79148904845476,93.00363200208491,4.0469000836268165,20.11542528715645,1.3628817233838377,15.8924058734633,16.49541015397987,18.710283538206763
E-0023712,1.8548058980303501,57.364184319883854,77.21976580783722,13.196902944034035,19.686183750697193,1.4079257725407464,8.959205258910371,8.635981331000012,16.12767565357514
E-0023713,0.9781123905446855,213.61552820415972,23.910910949515184,2.3411671583505824,7.312962517365794,3.292137056030809,12.668223864674077,20.312558501024554,26.166881003438572
E-0023714,0.9781123905446855,213.61552820415972,23.910910949515184,2.3411671583505824,7.312962517365794,3.292137056030809,12.668223864674077,20.312558501024554,26.166881003438572
E-0023715,0.7940194359325043,207.91188858209944,60.753556813653304,3.5869322546584397,19.754849218539523,1.2825783634629864,14.707787456944999,18.16458598038608,22.685607197436774
E-0023716,1.025515505635236,206.21881824348858,82.7031373180634,7.3247601278850345,10.915441044060804,2.0812542081179797,27.794692934293085,17.057630504179617,27.100793171502026
E-0023717,1.3500771046488915,161.997449670144,104.22477372127352,12.975377712610781,17.447321716196157,1.4054742527641628,12.560731458451945,18.178756532859968,25.625430057335677
E-0023718,1.2313018960814999,198.80664760518275,46.92585787414594,4.7669363912470395,7.527204620482686,2.9239708101910353,24.152200221602953,15.63171958261839,15.748275999976961
E-0023719,1.8786956943725264,142.76675473826518,92.77560190602608,4.18965692092838,23.823864455065056,1.0049165577944945,16.96412148425548,10.943182259544846,17.47021093060339
E-0023720,2.164903367487049,134.05412859748483,409.4470587009378,5.466047629793454,22.056548259660076,1.2128346794154146,15.084817644455088,6.510232117256866,7.6452627080330124
E-0023721,1.3894971305332968,225.78136815781255,83.92194237942594,8.460825830052391,13.931176371241277,1.5382999572969345,15.39882211117715,10.00832408328872,14.21570310875978
E-0023722,-0.2819860087204212,156.55116636012679,29.746359067686672,4.236989310010551,3.3295510085442896,4.628228992118142,12.541585789457583,6.484250712310584,14.077956814831206
E-0023723,2.2811551630174995,96.11823667318531,214.82272451878077,20.711646776605253,6.117492152966364,3.323987485762956,7.426730771174686,2.966612978794228,4.010268937981085
E-0023724,1.2205731326737863,176.97109618936497,81.36689149727543,6.6657854211984215,16.019907304274007,1.211171906433154,13.064144281320589,11.54213545595491,17.368161542734214
E-0023725,2.1784815316174027,118.32424899562183,212.1671202934216,10.058549234293867,12.885048166388913,1.1329988423738877,3.543720646990371,1.2951629862482787,2.795625767008062
E-0023726,1.8950525808515664,95.38057034011446,235.527811081068,6.637145521156495,22.602522697729402,1.2662410569908134,15.543335080022663,7.525851377740936,9.511912548349844
E-0023795,2.792391119847219,241.6235472181016,372.4946569788933,70.09685456185653,2.2033354049011344,2.4398649605118257,8.190993687083955,2.87798273353994,4.303805906379606
E-0023796,2.533206869357295,229.6432804330723,222.7637912149228,34.88606381089363,3.573432262771591,2.3325198708049513,10.81607250602967,4.323302413191876,6.172518833895563
E-0023797,2.5970732297105306,163.93137452521242,262.54108978650186,43.07621440064892,1.1115002522119202,3.0388586508125472,5.193224580341473,1.4197264639964915,1.9374025579417073
E-0023798,2.5390935270413038,186.62851257750387,345.75192623198507,30.14282315751937,2.2227516354087293,2.72263586333059,5.195219845557062,1.115803899912763,1.753070897545547
E-0023799,3.0554697397696424,207.4021685709322,160.23682115786053,18.38401971549733,2.4577001642647254,2.1905490713876796,6.000732339732408,1.6338866659536233,3.2454329815499
E-0023800,1.8729837164013594,103.76239472370179,406.57998558019,18.76810085148631,7.658401175879598,1.5983179067039641,6.347426997384914,2.691285369906607,3.488565336495654
E-0023801,2.0387523778189003,195.36706163695433,396.0144271927636,19.915255727558414,9.639547069932606,1.4731748192170966,13.049669548068323,5.2391293090852376,5.221519518995661
E-0023802,2.09351264272859,292.9609179500939,679.7086675457648,11.206711183914686,14.540947417889717,1.1117315988786618,21.593585040402985,8.01123721469468,8.449713640163957
E-0023803,2.8112041269377386,46.95269096904821,329.7368074135246,20.379129641226726,13.933927332389569,0.9988700666678831,2.8452935726111352,1.3063344411342583,2.800528526896724
E-0023804,0.6015335882249533,250.9882799834912,47.89987379064934,2.4727160321069057,7.647844313321505,3.376978342270295,31.03007659425329,21.170681282787825,26.659255671781846
E-0023805,0.962139796686228,165.47189849216304,64.42472968124031,4.391777738533084,17.03032952142663,1.4498860483138591,11.927162457137129,10.412711839302917,17.837051375291885
E-0023806,0.6498244931098859,232.1968098809252,22.610229041682096,1.7176258632799517,3.748112432771462,5.105438087993008,27.888233234768418,25.886924299300794,33.61492797224241
E-0023807,0.6498244931098859,232.1968098809252,22.610229041682096,1.7176258632799517,3.748112432771462,5.105438087993008,27.888233234768418,25.886924299300794,33.61492797224241
E-0023808,1.562188280128267,179.63258674184362,96.45606161289429,4.709108961396224,13.886568156462987,1.6270158806348065,18.861224063206382,12.545382377276965,17.6883067807266
E-0023809,1.025515505635236,206.21881824348858,82.7031373180634,7.3247601278850345,10.915441044060804,2.0812542081179797,27.794692934293085,17.057630504179617,27.100793171502026
E-0023810,1.8734355848859297,160.96269039582054,296.60972094149685,7.55744544590076,5.220243798708282,4.962023480784692,23.97514730094824,7.177088511897193,7.646294160943486
E-0023811,0.0780212059001065,156.83745788688182,178.51474752283767,3.1467915917701474,2.9385751358139207,6.181960450187586,12.386119940718325,3.0987647576383353,6.248744532286535
E-0023812,-0.44411811123615996,252.73859718326048,104.0173443131065,1.3761870504870621,1.0845288615324749,13.340586815210779,28.29131878943975,7.667184840614199,12.636494557856853
E-0023813,0.924178907783701,214.2589022703314,239.64577046576986,2.1573025837611706,8.193405442605242,3.7857172968749393,28.910386625792302,14.004224520841543,13.130793657222657
E-0023814,2.024176266570192,131.0092290036738,308.75559719673487,8.692152885156457,21.988257837153476,1.7137968733983127,33.497690834681116,11.68316863535253,15.984333231413752
E-0023815,1.9211111260091496,165.17763972055107,314.3072250209611,6.569676739406186,15.397831853347515,1.6950960592463695,17.66676366587804,6.168894690517425,8.060361716693608
E-0023816,-0.4274497289261196,223.96061673498235,33.60820888492445,2.2111009049905954,2.2880876575602205,6.354909537454065,22.03767676718709,8.843908085234533,17.227913164565773
E-0023817,1.1973752711768229,200.17347093621996,57.917037902445784,3.0770402927910245,14.02929530798017,1.6114366503928763,24.01315345879408,16.38300154325589,16.7618417870537
E-0023818,0.4243061693066692,211.838554601539,67.29054211256964,8.935993083683508,14.345608070119516,1.5803358066817788,19.165494470153714,12.7122415833395,24.01153592511071
E-0023819,1.3847341292338486,223.59656926432675,87.49348350404313,4.505125162034961,19.231681503297715,1.2782578674215415,24.144652011878645,18.44357492916067,27.632151886101337
E-0023820,0.005212794461772488,252.88867332327618,51.40739492299818,10.154301517363901,7.968681003158024,3.3476161698397675,27.545909750489372,22.95902522509627,28.031379067759115
E-0023821,1.351350743839365,153.68245587432997,99.76214088234894,5.446828696591925,23.621369148599314,1.1980012506805888,20.345078918487015,13.58692871342241,24.338702980208108
E-0023822,0.4512301100970337,240.66439548551054,87.4664155065728,5.207952287586936,12.731097802444552,2.0529412805777953,20.78665107583655,16.808752283460763,25.34747091645961
E-0023823,-0.22938764923717264,270.25587773993027,38.5162962719109,10.20255976964515,8.874412716483032,3.5557614343674637,27.342150870452077,17.47762956526972,27.46267839849141
E-0023824,0.08284646137000898,194.44960378793644,147.44393850395016,2.7492937773952337,2.412257042935225,6.682301135526036,8.30932793195347,1.8755845738432795,4.664213945802119
E-0023825,0.8553647784875993,198.2125709649774,155.77253672560332,13.756616248580888,21.496894699009854,1.1113958427538726,23.804934972919533,15.737127693565194,19.36303748540235
E-0023826,1.0561087215429237,115.58060137661332,293.5080886294004,4.28247043836924,4.036960783951864,3.336700641956493,5.999782579480248,1.299887768704783,2.48404152878335
E-0023827,2.196753672349473,96.96763373870486,473.4848086308639,9.280514891005238,15.83889575615755,0.9654383672392629,6.022909025388903,1.739833033322445,3.3406735355595347
E-0023828,1.2025926012441739,134.2818409461745,453.3657264339755,5.07519258441856,4.004374085013921,5.241597494091878,6.853560491645671,1.1857927972931965,2.4031131485668276
E-0023838,1.5254589578271498,236.15954290959857,216.27516579938762,42.772286727772574,1.62389343176417,5.155740328037108,8.277164984362852,2.1161679168861016,3.7218138265651177
E-0023839,1.5254589578271498,236.15954290959857,216.27516579938762,42.772286727772574,1.62389343176417,5.155740328037108,8.277164984362852,2.1161679168861016,3.7218138265651177
E-0023840,1.6768416469482283,254.41656506292705,98.8166523722436,4.031715402995896,4.169544790913368,2.7200526697203666,11.935871752677716,7.9859342310443475,6.362630400691733
E-0023841,2.1177979730362124,284.5647427494955,214.9344127334074,8.442048305577002,8.724544625342705,1.701496319997883,14.910257486055025,10.157157090931603,7.406185133574245
E-0023842,2.5943190352538537,134.68146625750256,613.4465295588335,81.71974932490956,7.039734158275312,1.8696243760541076,7.488067533473902,3.056849618417223,5.281611852773081
E-0023843,2.7682786415482896,194.16981347079516,553.948421222764,75.27814806668236,7.554039763957668,1.8078329028349729,10.888093091940863,4.590125077330806,6.439140674562869
E-0023844,2.7817579379242696,225.50005394299907,177.3782938062273,45.179117214409324,2.544226162578236,2.209430846000076,4.509839458305954,1.774849814089051,3.4360185450858887
E-0023845,1.9772608529001305,310.58252525195985,528.664678073684,15.879904571537681,8.712662757343498,1.890054294125172,20.767975578316577,7.5547257363670735,8.010860595575735
E-0023846,-0.09264004275926002,189.57647271787567,38.913330439704,7.301124529586064,8.076896754626869,2.6127867122292936,35.51994282296724,14.006663287612874,20.969773882761466
E-0023847,0.8515734645657075,234.467815715073,123.97656668444483,16.467164575400272,12.068517141647915,3.479628102055324,27.389676111985807,8.838018103170176,17.911545742410215
E-0023848,1.6203678515497353,173.0488328997754,55.422113138990355,13.012952152169584,20.921214227771088,1.2606514917189091,7.20982434740174,9.984902106551575,19.937672160840805
E-0023849,-0.19522840789827137,211.03594637205322,13.78341584841974,0.9900517423363734,1.4368733577888109,7.554859819799055,28.40950008933405,15.099751694311257,24.81828360420225
E-0023850,-0.0849375295693794,226.84568523238045,11.429079187250354,3.1239833364839633,0.8217832877988445,10.374451010502161,21.39970681253968,7.916412056833792,17.928477761728278
E-0023851,0.21621180866250791,196.85562584126686,21.098338364335753,3.657121810439042,3.2892172636725165,7.449688137786115,15.643447045248129,5.7936977798985705,14.957110414556896
E-0023852,1.562188280128267,179.63258674184362,96.45606161289429,4.709108961396224,13.886568156462987,1.6270158806348065,18.861224063206382,12.545382377276965,17.6883067807266
E-0023853,1.3959142533438471,163.38247631687096,205.4670327683419,3.7334655856212158,2.4556158176980363,12.301113565263302,22.901731653167637,5.573152813687277,7.970265211626754
E-0023854,1.4683743072045126,213.70541476130313,108.47907080359283,5.672330772968278,13.976403419144953,1.688874428855938,13.815611494322892,15.067188968704368,24.299741841452597
E-0023855,1.4683743072045126,213.70541476130313,108.47907080359283,5.672330772968278,13.976403419144953,1.688874428855938,13.815611494322892,15.067188968704368,24.299741841452597
E-0023856,1.8148456726387114,200.14177761739063,85.28738442729211,10.230132195096022,10.730600808641734,3.119602321555491,7.959704491313168,5.059712859374139,8.756051989628372
E-0023857,1.452327072599303,250.88303812921336,220.64326154818184,13.292152317022243,13.378734929650683,2.21195265704205,21.572694150388923,8.278096504826967,15.609499044530084
E-0023858,1.6331506529599495,213.48275049071654,374.6713548687119,6.2788835459833905,21.117728488465787,1.396987636411254,23.998475487423807,12.244732168973975,14.889777388178773
E-0023859,2.408789062393439,110.87376142052248,278.2685741781006,11.3658894830266,11.76717986856434,1.6832180145598445,15.212702205242147,4.834169685278893,6.693464908979771
E-0023860,0.7038846123725812,239.80957188618675,71.50046585993994,5.4107421156365705,16.768640739066853,1.5891185596020763,26.483736968604198,25.909556047311174,33.05679836102692
E-0023861,1.5266356243171642,144.16180331620615,65.74707521016568,9.517869319213888,18.18486274478942,1.2954555217393522,10.14940427028632,15.996909564885803,19.412769493020654
E-0023862,2.7839436740661267,13.95299550197838,121.94237308018708,17.04964228953107,10.576634950594466,1.0568451723032917,1.6086085234825667,1.3668815583348985,2.9491799335047144
E-0023863,2.1826232594158035,131.63816878383818,382.6601458090264,19.71363509428015,23.235141130714094,1.570749231772949,13.589398380225687,3.7204162039071638,6.419428673979986
E-0023864,0.8843459883247825,154.2834861685472,102.53250738019997,3.5330347688881516,3.346076767224402,7.151593147071763,17.097341714540335,3.9332908800101443,7.1639733135726855
E-0023865,2.332827061972395,143.63403004244387,310.4203023078991,13.637169445021978,10.053867258029712,1.8183258323135152,6.0195830466590206,1.7540210093568727,2.4450047430670123
E-0023866,0.7420128151793197,259.2147771905007,70.1374305211674,4.411565559454337,21.20589383602577,1.35834850542716,25.245970885392975,21.714546389104104,25.049044951523157
E-0023867,0.8719640950835175,225.04692991428584,29.733065597059007,1.9789925506779467,12.082706044664231,1.8974303457755863,24.290291866309126,23.520045057127895,30.321704888961133
E-0023962,1.79145931473076,88.54744084300411,97.5949043865657,16.997151389503685,3.179781137077795,5.494496846356837,11.77923394740093,3.1781581391623317,4.218097409199598
E-0023963,2.720983913952415,32.890564110500996,175.64727728750628,37.72268754807055,2.3448117753843376,5.323622581368214,3.218960154545806,1.4179125891142212,2.0490195219408633
E-0023964,1.6721802538526855,177.72467822282593,69.42731948688821,7.2466591961864655,15.648558529390979,1.5125541186262637,5.790605661946622,9.44830938742985,11.358482070372627
E-0023965,1.244096455788826,93.0764280805598,91.22120791797897,8.799812009820641,1.583603207249067,13.370347761094855,13.7344821254881,4.89241573803141,6.542605147004277
E-0023966,2.862325463607486,62.651585062193924,248.76163671930126,36.94883948727149,5.911114771396437,4.110071047915549,13.196209103538486,6.6796431481139145,8.337981356757147
E-0023967,0.37810978018475605,227.9272813197675,190.61813109848754,2.452778170911079,6.0282457760612855,4.101244455050255,50.947963181406124,19.672852220080806,22.75198919245631
E-0023968,0.1712362912715304,222.05508744374876,79.92836002636996,3.3676746949235836,6.240522076980293,3.5395735139902786,17.400770550543744,14.859079199702531,21.683247761906273
E-0023969,0.7063236417407462,224.3010585139804,283.8335372706939,2.5860371889601437,6.176376529808581,4.7558871910905225,18.027637101675744,5.7187164138363835,11.404882903185259
E-0023970,1.5250878265271706,221.18197966810425,77.46592090696691,3.7073221739277167,6.175116284602267,3.2619889077961646,13.35128357836662,12.3325237766108,15.855843200801518
E-0023971,1.5250878265271706,221.18197966810425,77.46592090696691,3.7073221739277167,6.175116284602267,3.2619889077961646,13.35128357836662,12.3325237766108,15.855843200801518
E-0023972,1.939971570675248,165.13401136981412,310.55510331504905,11.567931089006937,9.883798443433932,3.4511637740279513,9.54948282242525,3.702054795679772,5.605801213999756
E-0023973,0.4548887393154225,161.6449492261895,109.79794633836019,1.6947511805947997,2.350322910931256,7.849930409001147,28.59320523521719,7.834591664919406,14.380658921349102
E-0023974,0.29635784656358816,174.13814337779255,127.83940561627755,2.3848239410470335,1.933768767552042,7.682611008421216,21.380766825990268,5.718258767607759,8.379830572945005
E-0023975,2.3171875221047245,142.43613826965762,390.0791201499853,9.926756568660144,13.669424460766448,1.902109775725241,17.42475293940165,7.3821916464076205,11.014821664620754
E-0023976,1.9837827668424206,71.27368916785255,510.6816629032178,22.255997212152064,21.731995566838258,1.4846512865792487,13.879970257385226,9.910112955925142,13.973186734109259
E-0023977,1.7330491255628642,163.55348743503797,544.0606525652535,9.674033620230556,12.280074619715672,2.5117967669637102,24.878059775330975,10.349720253160072,13.955677691090614
E-0023978,1.7330491255628642,163.55348743503797,544.0606525652535,9.674033620230556,12.280074619715672,2.5117967669637102,24.878059775330975,10.349720253160072,13.955677691090614
E-0023979,0.6308406239811031,237.21144103012367,38.194572764995996,6.193659453056913,7.516186684781331,3.1659637896625,18.22430569915497,15.561099373604888,21.640161365945655
E-0023980,1.1546351363544118,242.22915975343238,33.836167821270315,5.0936494644285775,12.642633508632748,2.0367903792027997,17.006310991168345,11.708450950111576,20.201381363564938
E-0023981,0.6344705976878166,227.99104810537088,8.463035181064866,1.7785767442190419,3.462250592386931,7.633087945366717,15.595585079922419,15.267582128759072,26.255503072431598
E-0023982,1.339602355849269,217.12354118240773,33.165434826275565,3.374696756804099,15.761903980295132,1.799970568785578,8.466931990720889,12.326693086024521,19.217648488593085
E-0023983,1.1320038423343783,234.07344215366746,72.70058810507409,5.833640039361015,14.186864032374894,1.6430933963688885,11.349932112672763,14.319519852064202,23.002856481078428
E-0023984,1.4119627807389026,166.6812203364667,45.63046644406832,10.488686116803642,15.214744790959498,1.6600559744335943,14.135963513523215,15.601020425878366,26.640330011663533
E-0023985,1.4119627807389026,166.6812203364667,45.63046644406832,10.488686116803642,15.214744790959498,1.6600559744335943,14.135963513523215,15.601020425878366,26.640330011663533
E-0023986,1.1840496235509899,158.13238644530193,39.23488163827847,3.0298635663966933,15.246075836213459,1.5223351474608346,22.849508159492895,19.4841513826985,19.69555467051183
E-0023987,1.3366332680025685,188.04243033753275,37.213772582428035,3.194995150405551,22.698882749477903,1.09998786017059,14.624538830713322,15.659808812032754,18.434020482700635
E-0023988,0.7207506697231044,195.0778993400644,21.23465686388468,1.8592673541868225,3.556893714283299,5.31698014899897,38.160183274723835,16.666167988109986,18.353000921570192
E-0023989,1.380982771377187,225.94842337465062,71.61501119710849,4.314453678518986,6.228353571603623,4.9032513549497905,32.167205678478524,8.642343466291054,12.511488553618547
E-0023990,1.1586577795975923,229.86865921210835,29.541110744208076,6.084080115495716,13.64158691511233,1.9323675782267484,13.904306839877151,23.35159982408536,31.03580333410191
E-0023991,1.1586577795975923,229.86865921210835,29.541110744208076,6.084080115495716,13.64158691511233,1.9323675782267484,13.904306839877151,23.35159982408536,31.03580333410191
E-0024192,1.4477255720366555,275.1730657486487,398.6514664616026,9.250777906752331,11.192269541511658,1.4405152916389312,27.386182544171024,11.8956849598043,10.63179820609883
E-0024193,1.841630557675182,274.43487308225906,188.30834019793053,4.561707938039121,15.763946205603155,1.3987561355882516,27.198931262298593,11.449443566152802,10.189485812481228
E-0024194,2.1676989261711657,218.47848833426104,257.6787138366689,17.874097340386935,8.753503321355675,1.0248316649579994,9.281181924616625,2.9915462386755545,4.427223008471287
E-0024195,2.3903350377892796,178.9596465175356,360.8065553378488,15.401239564020623,9.783231439696161,1.0629763962068377,6.9577547640465625,5.26652496740385,5.417447142807584
E-0024196,1.6986389380969094,208.10713053878112,90.3847289696092,1.7208827979318266,19.873174336303528,1.399286908848824,19.94377801865575,12.09547711990113,12.724998633198894
E-0024254,1.5040920332884542,280.90920393726583,132.45753344570326,3.722326139893061,6.435804867299681,2.5122792571488572,16.383234884622084,4.443836301137051,6.83875718251538
E-0024255,2.2293172535205596,199.74634754925654,189.12300886977314,9.208880919521347,10.21994948891238,1.307414607039803,9.15486540045616,5.918693550649609,6.024891247956409
E-0024256,2.6788860687176603,217.87357055119733,357.2622837570571,16.901503398282845,4.271067610586952,1.20403872371695,5.895746408772477,1.4841274505458069,3.3365270463780896
E-0024257,2.641649942027469,251.72440177502833,423.27231056585845,9.462010844512074,8.260357337043736,1.227992058490115,15.850601085915681,4.636474667176797,6.2779014833552536
E-0024258,1.6986389380969094,214.45249092756785,94.29486238215847,1.6062595133551272,20.247202389775552,1.3939325708223307,19.806220004882864,12.034484306774884,12.746391375332943
E-0024259,2.1510250243540794,193.78927689414067,134.16901254237638,12.89968912264311,10.874267185784825,0.8675429011236555,6.951910543170833,3.5952766127781954,5.891626134200306
E-0024260,1.84478434924762,200.0662618247106,343.6041027717491,14.232438208189606,19.392598057770073,1.2375120333728447,16.36315916735457,6.17152496316938,10.479451165515496
E-0024261,1.353337616370067,243.52079083755459,337.27230350844263,2.8404682174628397,6.85524739862912,3.848003998169095,18.004418971564938,6.451462308988852,9.052256438614524
E-0024262,1.353337616370067,243.52079083755459,337.27230350844263,2.8404682174628397,6.85524739862912,3.848003998169095,18.004418971564938,6.451462308988852,9.052256438614524
E-0024263,1.5658966241681374,165.10105356325158,119.40997124382508,11.073250610236999,8.192462699542352,5.489221276609649,16.508033754572615,6.226583931352986,8.350090632013337
E-0024264,1.7051789122390857,182.17598690524213,103.8161601783399,5.638805063774792,11.42833321232127,1.9414645056038748,19.247234460471837,18.83120361854198,26.86074762179266
E-0024265,1.7051789122390857,182.17598690524213,103.8161601783399,5.638805063774792,11.42833321232127,1.9414645056038748,19.247234460471837,18.83120361854198,26.86074762179266
E-0024266,2.448190079051955,45.018483710135584,256.33321451644133,16.902772417299786,7.120082315439393,2.1352282956073023,2.9005661991076157,0.7734769427628172,1.5973789709411133
E-0024267,2.808777690883683,137.61238509596984,250.73961960245407,16.02155811458471,12.78459856024464,1.5908904511424726,5.618900862769609,1.7243002266073557,3.636618843969968
E-0024268,1.7696809675130205,134.15642164138876,273.9397422570279,6.430496762068193,3.0233497686409714,10.541685935578228,12.320895891353167,2.7679894956028805,3.581084562426053
E-0024269,2.5312285505839354,192.1043050249736,336.4844792931691,24.180590619297185,13.192923367904335,2.4711038499176357,11.636472559938547,3.4448031545913116,5.7980981855683815
E-0024270,2.5312285505839354,192.1043050249736,336.4844792931691,24.180590619297185,13.192923367904335,2.4711038499176357,11.636472559938547,3.4448031545913116,5.7980981855683815
E-0024271,1.5054957387765773,212.70616182972532,42.028573747359104,4.6714490754328875,17.951752159786793,1.4673042451133214,10.497212704307312,15.877148130466603,26.349314186591954
E-0024272,0.8242353043157847,241.94836773435856,59.099171923471296,3.5633938330427197,12.962107273268126,1.7828735418149888,12.907640473804287,16.284306701295378,26.609888681340067
E-0024273,1.1900957933305945,228.08045329362113,55.8149027330694,5.088895607718717,19.292602750504717,1.2917947396271694,9.477278725387162,14.031905271040072,21.80773005736448
E-0024274,1.1900957933305945,228.08045329362113,55.8149027330694,5.088895607718717,19.292602750504717,1.2917947396271694,9.477278725387162,14.031905271040072,21.80773005736448
E-0024275,1.1320038423343783,234.07344215366746,72.70058810507409,5.833640039361015,14.186864032374894,1.6430933963688885,11.349932112672763,14.319519852064202,23.002856481078428
E-0024276,1.279150906587084,208.12901986746698,83.62437523205827,5.945869811798018,13.669014640637231,1.4725105091213686,8.392089699705945,12.546439535359521,17.804056763790808
E-0024277,1.279150906587084,208.12901986746698,83.62437523205827,5.945869811798018,13.669014640637231,1.4725105091213686,8.392089699705945,12.546439535359521,17.804056763790808
E-0024278,1.473394379533258,166.00584667676873,80.3116252972479,8.746548506949472,17.90582556548969,1.2609119019460056,13.218633154967819,13.570312000163156,18.874273047050767
E-0024279,3.029390973523251,7.951882355118224,240.5064771971913,32.71040133381775,3.365914492052647,2.0151099878198777,1.9926336454332418,0.7758282344431102,1.480944597220842
E-0024280,0.9070888707435355,189.68013809008244,93.82196095536017,4.415997139599574,5.31575318367351,5.529934128033651,29.61660406810815,8.238685484033738,14.180067036028275
E-0024281,1.373899593952912,127.31744008227925,73.75920627361462,12.89181077131969,15.378002782305991,1.714005516606856,10.276930387579469,16.00046351848899,24.91353800578591
E-0024282,1.063975464037464,203.11675635013916,23.401963592902906,6.107030282167085,16.11011816252962,1.4957625824643868,10.783837348410325,19.097803173596255,24.696727179282576
E-0024283,1.390411848220662,210.1877917238303,30.548985435895972,10.037274079967863,13.889497715063959,1.3088295875639748,8.440172419601359,14.271484332289003,22.852410304134185
E-0024284,1.390411848220662,210.1877917238303,30.548985435895972,10.037274079967863,13.889497715063959,1.3088295875639748,8.440172419601359,14.271484332289003,22.852410304134185
E-0024286,2.3672010009131847,172.3282356048573,18.829456678062527,8.861558103449807,3.7343118030726874,5.441078731177277,11.873444944067872,2.3213890826923267,3.8377724808619247
E-0024287,1.7064103640334205,182.05089390095782,9.166003120724975,9.499037060580271,3.3863107370142016,8.071589528394338,17.16862137933973,3.518261282981508,5.849575939664026
E-0024288,1.877733881661106,144.46369828150893,7.271806204213852,6.303332251313084,3.8386867783592176,7.324272759711626,17.803679204495197,3.5973324070124417,6.080423491950909
E-0024289,2.314912921424017,24.537338628530478,20.968965792176814,6.614247112178532,4.287165566975578,3.935830637088274,7.048931523670025,1.095458839303948,2.0989444827439776
E-0024290,1.9899406644821596,36.67887133712288,10.453744420734616,9.532931948725183,5.945651726756046,4.6774369900092605,13.97157519276219,2.7269567414384164,4.939698229759202
E-0024291,1.4767464866082154,201.60530666779184,12.18929175970984,3.4351069267110628,1.622485585693406,12.072282967391375,10.421233311994008,1.6654696277878405,2.3109502197092895
E-0024292,2.1311381771730837,17.344835127232034,103.48156735777077,29.703623531137325,8.428589170873579,2.2807414810556255,7.809965196820037,2.7391584206609374,4.123437206609532
E-0024293,2.4115763113189055,11.754075415113233,60.505841335761886,19.099015347646255,2.534153264872509,3.9955631548124577,3.821017644789108,0.8332783207654202,1.3703519735717156
E-0024294,2.488086322734765,10.47908305187519,140.01802486135867,45.15376023368632,5.852798296122655,2.084617223313537,3.003949874757256,1.2784271047092932,1.6982839814470467
E-0024295,2.044672356994881,170.18735812492892,320.2070297555512,3.256157236257428,6.3620852040447495,3.676726225236337,12.407518016439818,4.757456317663889,6.503928251302244
E-0024296,2.044672356994881,170.18735812492892,320.2070297555512,3.256157236257428,6.3620852040447495,3.676726225236337,12.407518016439818,4.757456317663889,6.503928251302244
E-0024297,0.7667398842104911,166.59443386742137,99.4876956095662,5.20410089213611,13.101685329353892,1.2660407266651725,17.364766752860735,10.155755193729863,12.782015228333952
E-0024298,-0.06612696148533986,291.59253187519005,27.874375629386098,2.591569089887884,6.760968700553643,2.633831109741358,55.40345316489596,43.06526880841738,40.923376575816405
E-0024299,1.7701437066160588,181.22559239366205,80.75668905354811,4.5436901562279095,5.211470175366329,3.836106975414594,18.421457168926654,15.404131686334171,19.317942889851164
E-0024300,1.7701437066160588,181.22559239366205,80.75668905354811,4.5436901562279095,5.211470175366329,3.836106975414594,18.421457168926654,15.404131686334171,19.317942889851164
E-0024301,1.2058086045327898,169.29382426552195,119.54524076501392,5.616514403752504,6.3687500575487,5.244966295830915,33.73906150011853,13.505161580415036,15.008290158312263
E-0024302,2.3171875221047245,142.43613826965762,390.0791201499853,9.926756568660144,13.669424460766448,1.902109775725241,17.42475293940165,7.3821916464076205,11.014821664620754
E-0024303,2.808777690883683,137.61238509596984,250.73961960245407,16.02155811458471,12.78459856024464,1.5908904511424726,5.618900862769609,1.7243002266073557,3.636618843969968
E-0024304,3.393062566528076,16.407650302430124,373.76301993151407,95.168489359759,10.242231061768722,0.9368041193613164,3.01223189981919,2.0238168718727847,3.570622835104681
E-0024305,2.254745207209198,154.13606268740824,336.93088979454086,15.481071321349596,7.08241536724506,3.7122275115668537,9.757650563786855,2.5204827122130666,3.420655273995168
E-0024306,1.5283747081762054,188.1021818188329,80.54533193778826,6.721411719946595,19.400141722353926,1.2878071976253214,8.27544049554063,15.194006380150364,20.747812124279793
E-0024307,1.5283747081762054,188.1021818188329,80.54533193778826,6.721411719946595,19.400141722353926,1.2878071976253214,8.27544049554063,15.194006380150364,20.747812124279793
E-0024308,1.2798279125099261,230.92153702035603,15.99156046296083,3.789335359400166,18.898082174021066,1.3048150581426037,12.662170854039472,21.850925294337056,29.563688512117004
E-0024309,1.5556099850533507,196.24340016499787,96.37490814335314,4.896834485787946,19.19509056146194,1.1849132928029122,9.962816363952504,12.391024676107547,15.98787805625138
E-0024310,1.8190571016587262,98.4597012155316,57.31281956310444,7.0342930095419245,16.864389193469663,1.2034971542604342,12.752225059985818,12.677329277361645,17.570767150976476
E-0024311,1.8520025410231349,127.64098594009876,86.27519051356956,5.632879535507316,13.939395427401921,1.6298661196265825,5.921994139485289,6.327589083694715,10.009101689260598
E-0024312,2.194987004118018,130.5381318139149,123.88135229732836,24.444511783088792,5.184590025788217,3.144323397394809,6.656163500619456,2.378759513539329,4.806034019458879
E-0024313,1.5209896148709883,196.9089923303678,54.64372368866192,6.950973288415762,20.671665521810745,1.133318703944293,11.927255787636788,21.734023153500107,26.377233537918773
E-0024314,1.5209896148709883,196.9089923303678,54.64372368866192,6.950973288415762,20.671665521810745,1.133318703944293,11.927255787636788,21.734023153500107,26.377233537918773
E-0024315,1.3941010466459085,154.8819648713008,16.470456713898542,8.273818179002145,23.634416367913705,1.1701854712796842,8.837312636262535,12.750786905849656,24.37108260934511
E-0024316,1.6170388277806127,228.70950876382526,22.085216799084662,5.409607950890882,19.06103725741421,1.3051952358378898,13.988895362336665,20.420490163675552,31.193896345069756
E-0024317,2.496681930690539,17.853422857177172,12.613268807342473,6.096924311713374,0.9107347599305305,12.903257145922272,4.889937725743478,0.752473557562863,1.1486412685265064
E-0024318,2.710463544289473,33.771311224491214,16.239495571060512,12.678863430869725,0.6059698053054307,15.282808683715858,4.114529324587077,0.7469790168736506,1.1428319316221822
E-0024319,2.8505297158085083,21.335381714020553,17.13854675266617,9.702464317096428,0.8710168939932827,13.023229326772716,3.778306791803333,0.7004812511995245,1.054478993271585
E-0024320,1.4737364462734315,152.1421915406456,86.37008931893216,6.452137956088636,19.03428932577963,1.2533304478776761,8.397894146028774,7.830367170068995,11.004836232202079
E-0024321,1.4737364462734315,152.1421915406456,86.37008931893216,6.452137956088636,19.03428932577963,1.2533304478776761,8.397894146028774,7.830367170068995,11.004836232202079
E-0024322,1.1539204618886427,205.00219129618495,45.6919460473288,3.843818515895738,13.298618908707946,1.634553748432238,10.780108681167041,8.940443092967053,14.267694079517295
E-0024323,1.443183105869557,188.5842961282022,94.51935368633366,5.178425041673084,18.221817887707704,1.1329654227010808,5.901410365924356,8.309195619124905,11.79852942716823
E-0024324,1.443183105869557,188.5842961282022,94.51935368633366,5.178425041673084,18.221817887707704,1.1329654227010808,5.901410365924356,8.309195619124905,11.79852942716823
E-0024325,1.9375202855955893,128.7968523467652,68.45725296054067,8.108796750209844,15.403393433156856,1.2207863927312241,5.1758263288310395,4.870872578681525,7.817286429392281
E-0024326,1.9375202855955893,128.7968523467652,68.45725296054067,8.108796750209844,15.403393433156856,1.2207863927312241,5.1758263288310395,4.870872578681525,7.817286429392281
E-0024327,0.32221168466930517,144.05166436523496,65.4376340828785,2.4936985542419134,7.7283226410329675,2.4645733450637346,18.95384878619863,9.165770212109011,10.365708788945563
E-0024328,2.052474100055582,235.62679745255247,434.9330994801653,35.424438011259205,12.718412287271734,0.9082028630185796,11.895324840324253,4.196354865014154,5.3823452335378725
E-0024329,1.7797447968470945,251.3764322918709,114.19963884230191,4.971682418374813,5.230018168274431,1.8903666752220467,9.835943571482032,2.960015250086614,4.380836177625663
E-0024330,2.594427995092442,182.11017686314898,166.80856641649652,16.602210054145978,5.673644863150127,1.4525770468659285,7.903735742500041,1.7223133664473207,3.4386565132879907
E-0024331,2.6857656822432268,96.35304669272318,277.2154312885775,29.839125138491465,4.3648143120216085,1.260777295476162,3.16303081236395,0.79333363707364,2.1227988133091866
E-0024332,2.5715237508579567,227.95384848798057,384.1096535190439,20.65959156890544,5.43667949068713,1.6082162695018116,14.623163069694064,4.012322411133304,5.3009045837806745
E-0024333,1.7995505509866725,171.31267263113781,116.1132918680276,2.800677160820912,14.05273806994479,1.5859975916573152,17.476973172842186,8.28107605516044,10.8726582036465
E-0024347,0.5017845711272622,226.15929792672364,9.215546598777218,1.4716882273197973,3.479188918352883,5.356525722083643,26.335327905491837,8.43814559252573,8.964078059796059
E-0024348,2.512339277909568,113.7125857217047,289.8702928135665,8.84591919644393,9.328809988971026,1.2937336949394511,3.841058906994378,1.0826824072426622,2.8836626190681103
E-0024349,2.4888271508143505,13.546157146907538,301.73039266782075,34.990388762017055,14.471663092744382,1.2761102635672192,3.4940793207519514,2.1850213767701323,3.7591587291504602
E-0024350,1.2154610029804283,213.72350979585477,54.396893822688135,5.821103405249233,15.249345824503866,1.781018894509539,8.3473502326155,13.500385470532851,20.643383741539857
E-0024351,1.2154610029804283,213.72350979585477,54.396893822688135,5.821103405249233,15.249345824503866,1.781018894509539,8.3473502326155,13.500385470532851,20.643383741539857
E-0024352,1.531595647249691,219.24993912204582,89.49791057368888,5.929311517990438,8.1241149718834,4.261845475052087,29.988367758000564,8.893461566517665,14.820630279032569
E-0024353,1.416906168916671,216.86758285554095,32.86480036595092,8.401696483320425,20.949626641398872,1.2630134337046952,9.664474989796483,16.95765112354068,23.581968344830866
E-0024354,1.416906168916671,216.86758285554095,32.86480036595092,8.401696483320425,20.949626641398872,1.2630134337046952,9.664474989796483,16.95765112354068,23.581968344830866
E-0024355,1.4506394867484973,154.89504233263082,53.01533584437983,5.635711954397787,14.96488456271511,1.5390663056552372,7.044386990467692,5.113006872981439,6.078614623736733
E-0024356,0.9644732072306663,192.3469661824897,185.4041761709885,6.704073446541101,14.679132950695918,1.5590412583324613,16.830043697356633,8.603444883866139,15.292433265651662
E-0024357,2.6047107570248857,52.32761933913205,431.817091202295,18.9845784233263,12.209879713132352,1.0306398123013378,3.550893897579712,2.1811548251510904,3.6714934429346817
E-0024358,0.7740722312969893,223.53324634398237,33.65695643579955,1.485592289835481,4.347683334170582,4.029447995718711,37.61730434673104,37.104434519311056,38.98352657253827
E-0024359,0.2937762715988636,190.59431072323346,33.37319668272132,3.0756136635528133,3.434278717389233,5.640419663812659,25.7700497098953,18.98826720080989,35.26378903630505
E-0024360,0.6354384810823777,254.68043719907953,22.437188762966112,0.8097714571286563,2.6471878511856874,8.73963190929972,34.614634530342386,24.446944284217317,34.10011670768461
E-0024361,1.9529096712985614,153.86539790193135,226.6871496590826,8.298420548627348,10.90466334559614,1.502482918775344,5.207597193729493,2.373063660745364,3.284653000719425
E-0024362,3.070308597100043,26.034288751350967,140.58043045451515,12.577061108735279,3.807600335289618,1.580527134427002,1.34513648131445,0.7341412983443028,2.140815736735933
E-0024363,1.928719218665023,98.6900181406861,291.0146119777445,9.715649290319456,19.966259852079247,1.252543839484908,13.706087570119209,3.9564242134677228,4.515480088792264
E-0024364,2.5784116306225124,12.556156485051915,179.3410387639242,13.707100184670034,6.099554370469189,1.5375140355760004,2.9049671739456846,1.1979271082822824,2.1143145815773194
E-0024365,2.2595891220512083,15.210424762958587,161.16187157590792,9.173819660441254,11.166367168440857,1.455510264243025,6.7103613625312395,2.620557558731956,3.7907034128928085
E-0024366,1.4842928274541909,154.13912660899967,97.84870099616627,4.683119069183036,17.030515830151458,1.0649138234271451,6.650593611134116,6.9738446206726135,8.341942916003054
E-0024367,0.8572356957733371,207.83329026425417,197.33535405636985,23.955045154748777,10.701764330100378,2.153167259032604,5.835895727132808,2.001966256348649,4.082481617071483
E-0024368,1.7187602747443875,205.0908263358774,465.5336105310081,8.948352137825553,15.443236950370986,1.699420197522136,7.7975863000790815,2.492870292794489,4.853439220827518
E-0024369,0.8674217150825781,225.41804323202052,72.70547539468234,3.845634206642447,13.500094378421947,1.9764858335588156,21.854418516579923,18.931439529291772,25.086825851642185
E-0024370,0.9146457706016716,254.29933707527866,26.691694354351505,4.41983922794307,4.561257115015609,4.79883310025227,17.253942296788583,20.43504406022053,23.87903988315262
E-0024371,1.6025300429789855,243.53199029714625,185.2867707965951,25.033880504455546,4.229829295068656,2.786719608255247,16.051286408744907,5.435458599033745,4.985995239389519
E-0024372,1.6081231131039724,292.2084706361084,183.63830376421967,14.790218969070894,6.8937808487858465,3.223215707097842,24.268499592836136,8.680660722254524,8.713517274572562
E-0024373,2.5488867062035347,205.27309618011708,394.6313127207293,82.7534042190039,2.5155402355201426,1.6059108053734341,6.906869373788807,2.549216355176928,4.197324791707961
E-0024374,2.0497560190932247,241.9324457419397,349.3455853503095,47.88621094722293,11.189843146964423,1.1821352589777092,17.396656050095437,8.964188177241912,9.4859888012321
E-0024375,2.3166445223802827,174.55354813554703,387.5952318792451,11.139256998450383,7.98785238092225,1.0536814122237939,7.083144920552122,1.598720158573935,3.819565660584495
E-0025768,1.4816289930274436,318.45046311328133,215.93973613150752,2.3169946292481587,10.200195612639797,1.9199528038618356,15.43425244963273,4.097532273368405,7.152129840777023
E-0025769,3.1942058188254157,145.36552703937278,407.4117656063639,11.565823557286244,3.145135679935811,1.4859723039239896,2.7556302633386394,0.6630283278610248,2.3207369639716044
E-0025770,2.435057029167126,218.1952712421034,242.34116664093153,55.13696359137723,1.8087315528724477,2.10395303534577,7.167710089704861,2.183315809927585,4.4117941239773835
E-0025771,2.5367440480644774,76.56970771180738,411.3321067842666,23.35688654992602,6.827161769852774,0.9168677412133241,3.0442437669164373,0.9442708725630263,2.793414522737154
E-0025772,2.3453772256943415,187.7412729320002,470.488840807495,57.547458588258216,6.962718168124376,1.2656067085361047,11.118743852404618,3.717499330766665,5.342923417860572
E-0025773,2.2072772602556285,214.37271500136146,679.179766721232,87.87613238842235,6.231814063468851,1.7710758542446856,9.615826855495134,4.327916364093306,6.036718908339199
E-0025774,2.512339277909568,113.7125857217047,289.8702928135665,8.84591919644393,9.328809988971026,1.2937336949394511,3.841058906994378,1.0826824072426622,2.8836626190681103
E-0025775,1.4651347500690297,212.8900534498747,49.78662053130105,5.2930513759534445,11.583819228091675,2.3690005611018377,8.424678048706179,11.341974877891195,18.101211469088334
E-0025776,1.135633030466015,191.20077178789458,42.5658491324468,2.582982121266144,13.138101606655168,1.8993695037974312,15.811476593304219,11.873087688733918,15.247338841630716
E-0025777,0.5660013720085942,225.42700234093303,6.832852123995396,3.2739900743806354,16.661118084703826,1.429942170203984,15.450060301623923,26.668138329948146,29.78520403824215
E-0025778,1.2249586649432727,260.75276847185347,2.9808039540596627,4.375428045863609,1.497976462411724,13.704843168546498,23.778628895830376,8.45201152352316,11.40813298838877
E-0025779,1.5121081549699167,148.11330985738414,0.0,5.456996411280965,1.1661994438795846,14.74251919253063,19.35949996676083,5.4740689185240825,6.153410736818152
E-0025780,0.700411195616716,154.18165043755675,62.15559652194244,2.650603528476582,4.779679270010677,4.7789896608906455,18.13167683964836,10.831994789683513,18.496280341638048
E-0025781,2.0482767751165616,144.4575817642385,369.9108542129301,8.956292015560093,10.80317648490044,1.7631495695422053,10.958976563177027,3.6655532219936666,4.746808167940598
E-0025782,1.8034353462750572,207.71128588675018,395.1986299996315,9.137573652732067,11.41953994646296,2.426308462522106,21.683878589121985,7.606417600643379,9.373367544774263
E-0025783,1.8034353462750572,207.71128588675018,395.1986299996315,9.137573652732067,11.41953994646296,2.426308462522106,21.683878589121985,7.606417600643379,9.373367544774263
E-0025784,0.17440921477340673,204.23183473943908,11.365218686517638,1.1430764803559503,2.3447560756978305,6.3308623424908115,30.84147782011881,24.95288937876165,32.94167145595452
E-0025785,1.175388335146237,217.14219147963303,60.6346373336217,4.511717566419306,16.387802595729124,1.8324634921260108,18.291562323078974,16.091852318475024,22.253109746007528
E-0025786,0.7472182080668349,231.28048957243075,48.1262489430584,3.24729859056723,4.581320804889801,5.0167882722182755,18.078913036987235,14.03625079671244,23.164030670125676
E-0025787,0.7943875879568695,188.65313079649016,26.02284757608539,4.248621485940759,7.919949806119323,3.0084001567897203,22.299834834986736,23.61264458795152,22.88724230976421
E-0025788,0.8471980112007773,190.90528609816792,68.01419955040483,5.106023293496991,4.998608012626346,4.238268109851162,10.332060475429076,10.709214978512795,18.9958163845103
E-0025789,0.8471980112007773,190.90528609816792,68.01419955040483,5.106023293496991,4.998608012626346,4.238268109851162,10.332060475429076,10.709214978512795,18.9958163845103
E-0025790,-0.20066642604178897,175.15843483954876,61.69142280293644,3.9023479945512585,2.8522427387801925,6.892614598771192,19.336287457489394,19.17156739293874,24.678850160120632
E-0025791,2.318883179544911,79.32744534611093,139.134868358039,7.152484872023357,12.658432150022282,1.2089120482542088,4.245115369638946,1.7851123311543566,3.5004045047425625
E-0025792,1.9613270843788169,27.935842946033763,123.45086965310378,5.8899110461577004,10.147443071775175,1.6246655624914725,6.382224458682653,3.6528061112754346,5.114043214095784
E-0025793,1.667934266427947,75.75758668890248,53.516276382642374,7.832138843402971,7.846827607607119,2.434946214591572,4.489656946297942,2.328734875586133,4.567095111929664
E-0025794,1.7906008879181596,115.76475723848738,127.99987566184105,5.426080273971053,5.722674891622048,2.6204355963081984,3.867605017975882,1.3682733184488998,3.400756499516378
E-0025795,0.9730910257442326,187.1950157561767,78.75839961811697,3.8134231354119206,2.9008306503457644,8.533280735046032,18.849354043922,9.303700869454804,14.875121068468932
E-0025796,1.8916627056038946,159.82193126632828,921.0677920206651,8.450710831514042,18.84063986246856,1.3289453324962357,6.344259028633538,6.8452796685364,10.631788264398669
E-0025797,1.8916627056038946,159.82193126632828,921.0677920206651,8.450710831514042,18.84063986246856,1.3289453324962357,6.344259028633538,6.8452796685364,10.631788264398669
E-0025798,2.0555640967211226,164.88758594966998,225.7195522493534,8.556147722033842,20.35216946246939,1.1988821752767975,9.245883097682942,8.741708463984262,11.613775203059799
E-0025799,2.0555640967211226,164.88758594966998,225.7195522493534,8.556147722033842,20.35216946246939,1.1988821752767975,9.245883097682942,8.741708463984262,11.613775203059799
E-0025800,1.9803128735608724,62.666114757104786,155.98522029721866,9.804146750931306,21.33266293790501,1.324415429689974,6.0463840158043975,5.50687146134405,8.35278192504425
E-0025801,2.046251017594267,197.02788349234925,314.02920937566444,6.813047821125409,20.686784943805115,1.314163784512789,10.789112236990794,9.352385226160344,12.671132590735525
E-0025802,2.3062611563787336,110.06801847048517,155.1180259691266,10.597622949205887,15.906957966909115,1.4625057187965698,6.305967980696331,2.2373741421828592,4.651774592809478
E-0025803,2.512940694992235,97.84146764246569,141.47628170585037,10.739617254467447,10.875538466989253,1.5947098507579127,3.511558862584533,1.5567275637434204,3.792687908209311
E-0025804,2.512940694992235,97.84146764246569,141.47628170585037,10.739617254467447,10.875538466989253,1.5947098507579127,3.511558862584533,1.5567275637434204,3.792687908209311
E-0025805,2.036592871058549,141.58012060237067,284.6652565148647,9.452486221536821,17.141796646470265,1.2319399726989808,4.20992967089123,3.2767390173254234,4.9019961636462455
E-0026542,1.9763041811125979,56.144130938133806,202.7872295917882,11.28753024216821,6.689275247318869,2.275303984644157,3.2881920209192574,1.3377523735669647,2.6425312008032016
E-0026543,2.9146058553749756,122.74076015756576,591.6474263764082,31.516705739393018,18.658202646187263,0.9084266750801476,9.957295078918428,2.929191115438728,6.132315725242065
E-0026544,0.6846855498771285,202.68136570794263,24.468902413513685,2.38847554304769,8.934675629102019,2.133239505980397,15.821471276017745,19.129063139746375,19.144325055254914
E-0026545,1.9552970864975152,174.88804267641424,686.4786274139468,5.6544409194754595,12.071102318004257,2.209498977866515,11.01331727203024,5.6415741013954,7.723102081828921
E-0026546,1.9552970864975152,174.88804267641424,686.4786274139468,5.6544409194754595,12.071102318004257,2.209498977866515,11.01331727203024,5.6415741013954,7.723102081828921
E-0026547,0.026197968244790464,244.82292235116455,38.397600057893854,2.0605917918151126,6.997024507942544,2.573450652474357,52.7912236970088,40.27849738163489,39.424117610576914
E-0026548,0.26975086982207386,160.10295311620388,99.14980167307738,3.085349834917541,15.042356151308422,1.2927386379438885,48.37890869376979,27.922635652404676,25.707878966211407
E-0026549,0.45733884215919396,163.86063208662407,172.497653340446,3.7296160381506644,13.704481076356226,1.4744102659030698,30.174561128612666,18.591559221602775,22.267382118469705
E-0026550,2.5740654997901444,139.46430202946283,156.54518243443556,9.830903320262978,7.169632618651969,1.7129911664808288,3.5276110798185094,1.890644473917888,3.3459377776271584
E-0026551,2.4455943751280476,36.8286459835101,202.5383912272221,11.187575020179342,7.567640586070623,1.2643135268374224,2.4117037574856237,1.2354597715476807,2.5675470528534685
E-0026552,0.8342429566941293,253.84597127854892,55.18144909518397,4.7834832215702,8.390079204406408,2.6266350954552147,46.33060801277813,30.570076416829334,35.29274901687213
E-0026553,1.0604529627098622,213.59976178932928,44.90543139610758,3.4656080555986635,3.4415360686855494,5.300565217326071,21.045454852395867,13.735709599464544,17.721305243847727
E-0026554,0.8693370769075826,218.04084099485985,47.24073723818826,3.022629298436342,4.547423606024696,5.2963386695231245,20.36478203527988,12.186999415874427,19.7870328414547
E-0026555,1.2064346255628715,212.13666704518891,85.81034501530804,3.864308257596526,3.5027091497435157,6.608049585346777,15.056154367150578,8.993492234073805,11.8640122583447
E-0026556,1.351100964619976,166.68328581081093,103.81440104279233,4.458311995712133,6.394730670126508,4.568279803073229,18.70329709557094,10.838657268942105,11.929811405887426
E-0026557,1.7935371319662148,103.5573723828315,79.21201730967891,5.832345667727998,5.000294717892996,4.265406004182493,7.593281219122433,2.9646055963571003,5.260817679579149
E-0026558,1.1171860237876623,192.7942830825599,71.27075013525904,4.064156757206578,7.134871374909617,3.7162777076944744,12.025455360671415,6.846762800787219,12.277189349352108
E-0026559,1.5771612637450207,178.2458683447994,178.6423598547946,3.5305061390710755,4.407058392140975,4.836631040341285,10.868412666040479,4.780685328703088,9.81344519550633
E-0026560,2.3024462638660195,25.77814935206323,103.08450679816622,9.13444527747092,4.422695459299922,2.421419566061305,2.226720888122228,0.8189368697738513,1.694245889053171
E-0026561,2.1496633653488657,95.81513630533686,62.75997291951075,7.12297790659496,13.173834656949962,2.1193204260147804,5.689259902693517,4.863067290338707,6.931160003622632
E-0026562,2.3062611563787336,110.06801847048517,155.1180259691266,10.597622949205887,15.906957966909115,1.4625057187965698,6.305967980696331,2.2373741421828592,4.651774592809478
E-0026563,2.036592871058549,141.58012060237067,284.6652565148647,9.452486221536821,17.141796646470265,1.2319399726989808,4.20992967089123,3.2767390173254234,4.9019961636462455
E-0026564,0.5521266507005331,157.03081266359382,23.0544890101635,11.543652068533952,3.5847220497883248,5.460089702347869,17.551688334212027,13.550725713836655,17.982878331922564
E-0026565,1.7394102795376376,254.12268114652272,149.03026914179642,3.306665497668702,6.948756578505172,2.6140776157337027,25.274575281279265,11.166488969142653,14.559128239619183
E-0026566,2.528157677233142,225.65514168098682,219.78451104343674,38.811495031728455,2.604715898899884,1.6653892547784073,9.019114538892365,2.484022152121543,4.313911190914085
E-0026567,2.528157677233142,225.65514168098682,219.78451104343674,38.811495031728455,2.604715898899884,1.6653892547784073,9.019114538892365,2.484022152121543,4.313911190914085
E-0026568,3.078759066353342,157.6970327259845,553.8776374854434,48.3770447073616,1.866073592227749,2.610790083759516,4.645360925694919,1.2026565749928386,2.6511405634418064
E-0026569,3.0341540395533566,182.4168339847844,313.78283455067464,46.83967789938986,1.1962042639038641,3.6469899547995426,4.932079291709257,1.764680647937975,2.8795301666647433
E-0026570,1.7981965267617863,220.6008323314857,307.4046423354447,27.14402571786872,9.46049372012298,1.7015382817722995,26.67573078799499,10.019502494049327,12.820278684852084
E-0026571,2.4686358544055964,148.45333136530022,507.7391462368864,58.973008821789776,9.64380698960963,0.9383240972766047,5.314012418179343,2.4692091157010108,4.014971697484977
E-0026572,0.8515394844936989,276.31488880473745,62.703025895043986,2.6217092769184185,7.383630187693664,2.725624541113828,27.60248687589137,10.25230776587489,8.471692997640854
E-0026573,2.010160852454126,235.86298243597162,288.07014021634285,13.64453242989537,8.633967937592882,1.5025675652952573,10.67064142416721,3.4002279108624096,5.623781883189735
E-0026574,2.6164669835905836,219.9600652135605,354.17739427743425,74.00619619838015,2.9343825299918094,1.5521294677905813,7.791209181740212,2.6787360627678507,4.5274158275117795
E-0026575,3.0341540395533566,182.4168339847844,313.78283455067464,46.83967789938986,1.1962042639038641,3.6469899547995426,4.932079291709257,1.764680647937975,2.8795301666647433
E-0026576,3.0341540395533566,182.4168339847844,313.78283455067464,46.83967789938986,1.1962042639038641,3.6469899547995426,4.932079291709257,1.764680647937975,2.8795301666647433
E-0026577,2.5099758240681096,220.12480066935828,628.376703577867,41.30457216863605,3.5732968982785094,1.8066402151565872,8.635864565323287,2.547984438946669,3.416223830229784
E-0026578,1.3038050810846769,177.22202987196889,328.82050891035806,26.376182465985337,4.108636385026227,4.160751535598915,27.429504282672767,6.586183320358728,11.482053483597069
E-0026579,1.5524436291895196,266.5304437130478,273.85972192689667,25.618225957726473,5.632677277475579,2.0456440584480156,20.80536609778316,5.65688194475867,6.838089496354022
E-0026580,1.5851258410522011,283.58177959017394,189.16396724432002,25.498964231746843,5.1453044604746445,2.0879354950729656,16.35584558875068,4.025802983008724,6.476671517216769
E-0026581,2.311809898007426,180.6458844217797,531.6851502970055,44.79373609559196,10.606558426092903,0.8825017128167756,7.355658601680815,2.8212205174466596,4.727036595923928
E-0026582,2.292074607178472,247.757399147736,373.67753356588526,33.770952568480965,3.5987436185697907,1.9192621621024482,12.201771129425957,3.564724098670494,4.508753406162362
E-0026583,2.832946956787999,12.937863652658883,228.3063440457601,10.697972525977947,3.4742516198800977,1.5186968153880618,1.971381132570091,0.6763106057361334,1.3378992819628184
E-0026584,0.8056626700169606,218.6343452449164,17.662760305473846,2.005306261469725,10.369973450019534,2.0069146623189535,18.23620294444428,19.497818482264563,20.583536738091933
E-0026585,0.14174531815733105,228.20854447986244,6.233530744408162,1.696418709678581,6.521711679449897,3.0917159462383514,22.91590362553385,23.03758724675692,27.175745297145223
E-0026586,0.030567352668989817,212.73970472644055,11.46163697202373,1.993726536593045,8.366844457806401,2.559742970957541,18.68331108358474,19.90979345275432,23.527960929489367
E-0026587,0.2422795658046432,192.89158592158387,8.617688301962449,1.4609290881309949,4.913309763434701,3.7762744571075584,24.132962942344232,24.5131014397413,26.24776437195673
E-0026588,2.804364175687898,101.83386480733274,420.0499723262573,7.986253549806808,6.979530987465667,1.035865863736535,3.4368282132486865,1.3664817925764334,2.5792149638524573
E-0026589,2.2315709078329626,148.4439476909607,258.4295906924532,5.915104717810548,7.481806509861912,1.9760800706765576,9.125424460967476,3.0094166637129622,4.062945247677057
E-0026590,1.3362239587554283,121.7430322420538,87.66551151013682,4.289120082243377,10.038476681098338,1.54893046077043,6.450635981816701,4.642527830000626,7.201956695316882
E-0026591,1.3362239587554283,121.7430322420538,87.66551151013682,4.289120082243377,10.038476681098338,1.54893046077043,6.450635981816701,4.642527830000626,7.201956695316882
E-0026592,1.6318776564501845,65.45983445129764,195.6112530294078,5.106708429034841,6.439499254556724,1.6640809487045762,4.039372748834694,1.5406045148277348,2.3734769302438994
E-0026593,1.062852558529109,167.58814297561642,77.91353138080753,6.7102603087517085,11.480529506392841,3.034812875857876,24.21894253289011,13.969405555930306,18.602036517201448
E-0026594,2.126163375819399,110.71847050707926,272.30314588937154,12.26606915039018,13.548570081262932,1.5853112187168608,9.764359392012981,5.026579567662099,7.640442970460808
E-0026595,1.4870515659503882,191.69679951093588,98.34181010118428,2.7118925316143447,5.609572664343876,3.6318709504790463,10.373248338903435,4.820820057146068,9.545263540866925
E-0026596,2.8338571173282965,6.7703406723211845,319.9984797417276,9.061058013668132,4.669426124471357,1.3783854797329418,2.969692855679379,0.8169547584656692,0.9179372053822855
E-0026597,1.8738954551397917,166.63129669110398,172.50663313049628,6.709885857998724,8.298005723920564,2.89826075359876,7.662129788379934,4.345117193591512,7.948812086822732
E-0026598,1.9017618753551935,111.5304224476776,200.64886173375618,9.779379756059042,20.150310917921043,1.3406137614703229,6.894827538235803,7.037647407069857,9.93963366294291
E-0026599,1.9017618753551935,111.5304224476776,200.64886173375618,9.779379756059042,20.150310917921043,1.3406137614703229,6.894827538235803,7.037647407069857,9.93963366294291
E-0026600,0.5521266507005331,157.03081266359382,23.0544890101635,11.543652068533952,3.5847220497883248,5.460089702347869,17.551688334212027,13.550725713836655,17.982878331922564
E-0026601,2.3094674842923997,133.97590742751905,165.5504442598153,18.988843431254523,14.498096911362117,1.1225387054484786,7.275374748002565,2.0794275308487884,3.8670271395464217
E-0026602,2.469087929226545,101.52343217505393,75.53873981805293,22.78205818868779,2.6493099918542637,2.829975465759595,2.8097614823780686,1.2148844825566334,1.650588979536723
E-0026603,3.2951448257320144,10.578211065999614,154.01081742059503,17.18156241747804,0.38699016182547297,3.6982030153984184,0.5714612930326847,0.27433823151319714,0.228271375319662
E-0026604,1.046985569973566,268.41894566886924,50.74543988182991,8.899408598813501,1.3227685280412032,11.087353273940098,16.16959897958913,6.015685986753351,7.257499529113631
E-0026605,1.8445208912578173,143.25851553772674,65.43501267727596,19.01790211327604,11.038570118689703,1.7172596905487665,9.252868552350296,5.2124596377718815,5.649013170227738
E-0026606,1.8445208912578173,112.1057393747081,65.90202210911981,32.36820087639309,12.350801258393654,1.4803803783212606,8.150901716578415,4.2749866473227325,5.129174447526405
E-0026607,3.0304639686470436,2.277666404355284,81.82239704292245,28.798736377758804,0.2396775120976045,5.1918925328392085,0.8258803602283025,0.3423117371888255,0.23646937128996606
E-0026608,3.3324660851273915,4.522095207411662,96.32350855428594,31.02790577924292,0.36729430254582285,4.462151117518601,0.975466549795638,0.40865452538866737,0.3794968571040893
E-0026609,1.983376231612959,20.58297860791529,56.80994100589758,31.585415694922414,2.0255352582388144,5.406115683732323,3.484845034620881,1.7173382432282531,1.521753418829014
E-0026610,2.2142857056126855,107.86996422123075,181.7362694161768,12.11403052750251,12.472564378207734,1.2075911534603334,4.293327992151069,1.632751134065601,3.7329970256356297
E-0026611,2.272976229070651,12.17835041393613,94.71446045737423,7.891557572025621,10.48645512816468,1.7753673009428668,3.1217853222088268,3.2258168774958116,4.258055268780891
E-0026612,3.1056472515884765,108.1267570801147,247.08041673071003,10.137951523429448,4.856677935493575,1.942260849770179,2.769675599505965,0.8602479087099164,2.6672530246504853
E-0026613,2.2112562238641575,222.63834442013675,330.5142253309845,45.018372468688376,3.7307010912080605,2.535719577338541,11.465264636368655,4.486811390383124,5.560242709968269
E-0026614,2.6164669835905836,219.9600652135605,354.17739427743425,74.00619619838015,2.9343825299918094,1.5521294677905813,7.791209181740212,2.6787360627678507,4.5274158275117795
E-0026615,1.7171255858041876,281.0790349997054,341.319685368832,24.07578217927536,10.020178925899796,1.439990170310782,14.845898785029792,6.135877544626328,9.154186654123114
E-0026616,1.7171255858041876,281.0790349997054,341.319685368832,24.07578217927536,10.020178925899796,1.439990170310782,14.845898785029792,6.135877544626328,9.154186654123114
E-0026617,2.9551864324502706,214.66411346588822,340.30510134711847,63.80395596894901,2.432902804328532,2.0667699339030823,6.396050707283385,2.6525683353676675,3.7645555252695027
E-0026618,2.9551864324502706,214.66411346588822,340.30510134711847,63.80395596894901,2.432902804328532,2.0667699339030823,6.396050707283385,2.6525683353676675,3.7645555252695027
E-0026619,1.4552046051992578,217.67871059878354,250.20830372179302,54.52859703874768,4.682093909310573,1.6643162079520455,8.740340440906978,3.0423977060026584,3.463804281797668
E-0026620,1.4552046051992578,217.67871059878354,250.20830372179302,54.52859703874768,4.682093909310573,1.6643162079520455,8.740340440906978,3.0423977060026584,3.463804281797668
E-0026621,1.4552046051992578,217.67871059878354,250.20830372179302,54.52859703874768,4.682093909310573,1.6643162079520455,8.740340440906978,3.0423977060026584,3.463804281797668
E-0026622,2.0488190107410262,206.46903375899743,362.5514198988765,47.587498351076896,4.80619336473806,1.6703869319504239,9.1068782434147,2.729867088638668,3.0981505766487887
E-0026623,1.3474414569605988,248.4692041421572,307.66243723536263,38.807099307261915,3.113009208629779,3.778109436882946,14.423607774262672,4.330185567992495,5.951687742942265
E-0026624,1.6619524134703059,298.7906417760716,210.63640949160592,24.976373487423164,3.9076077306812422,3.466840289109718,19.00969148798572,3.8978560831860234,5.43067011353438
E-0026625,1.8899123520588346,210.52252622784943,448.7748468526413,34.35957177792261,5.539506674989569,3.3592908231564658,20.183919150278523,6.091355233621204,10.534912319503007
E-0026626,2.3321046655042124,194.7731098650274,423.4812503498077,30.24969651764216,10.038776425021721,0.8435435084833389,6.072255272429022,2.550974279946668,4.33964745057169
E-0026627,2.8477400404570794,255.75830982011368,289.4219185734059,44.29646704545172,2.04092618529125,2.4831543398831575,8.788495081195453,3.0041590104329248,4.405677571105852
E-0026628,2.8477400404570794,255.75830982011368,289.4219185734059,44.29646704545172,2.04092618529125,2.4831543398831575,8.788495081195453,3.0041590104329248,4.405677571105852
E-0026629,2.9050486660473993,12.692232740263382,184.15759816004726,17.098413810152017,6.209756499734359,1.6431681571020145,3.0066215883339185,1.0781221367129783,2.0662797469685756
E-0026630,1.1972287923070248,176.47158117015977,148.73506123842301,7.203780270760947,17.478442824732564,1.5289763587698626,25.023735632973665,13.70653459516461,19.63747363165301
E-0026631,0.2526053017749285,248.94156979414348,26.51995551413886,3.6090797647373565,3.914267470407412,4.135509762187066,59.970493067305235,47.40782928848327,38.83471474474759
E-0026633,3.086931383806592,8.959323207858885,176.5971840696392,12.674299346166915,1.883054125345891,1.5258173685113676,1.0187912711338845,0.2971015757897824,0.7167791212142016
E-0026634,1.7029937224512517,170.8286839454532,204.37881218133148,7.565464304373657,12.75255227180942,2.0209897667247367,7.702630065595398,5.842584691557605,9.785376990679143
E-0026635,1.7029937224512517,170.8286839454532,204.37881218133148,7.565464304373657,12.75255227180942,2.0209897667247367,7.702630065595398,5.842584691557605,9.785376990679143
E-0026636,0.5521266507005331,157.03081266359382,23.0544890101635,11.543652068533952,3.5847220497883248,5.460089702347869,17.551688334212027,13.550725713836655,17.982878331922564
E-0026637,0.5521266507005331,157.03081266359382,23.0544890101635,11.543652068533952,3.5847220497883248,5.460089702347869,17.551688334212027,13.550725713836655,17.982878331922564
E-0026638,1.9459879537718565,74.53100218253047,318.4479266545186,17.279097689841727,18.98535901206987,1.058516136789103,9.250303823450096,2.724172892805013,4.175062603377321
E-0026639,2.4749436808427285,110.5453529030242,298.05405018883255,32.97498727067158,16.216246050197594,1.2909950006122066,8.862937524630048,3.3862677636480294,6.476774222073417
E-0026640,1.6456763348305312,184.7916323300649,300.44278947670904,7.016326610017127,12.824486749238302,1.9392341079075333,25.47813049164947,10.149495538619197,13.356002128643404
E-0026641,1.9988940963700816,141.3762254656723,189.9203706010712,5.408752213809248,9.038141704650261,2.2765292610152033,15.994634459755014,5.521760054246442,6.869706397387231
E-0026642,3.381080113695047,1.904161739023404,125.16122357468898,22.774401402892483,0.4118919944837898,3.218565160980071,0.7934074414001299,0.44778053435953497,0.2828404996739678
E-0026643,2.320681309382527,38.27980581747936,69.07973685521671,28.70243887274121,4.4603733206565375,2.3801834124581913,3.3833074482713412,1.9661823852288187,2.171027096796255
E-0026644,2.474528249321174,20.226908058917687,220.61071743384178,18.18841204450553,4.471540554168712,1.8619947227657365,3.9268177609297767,1.4046508351549538,2.2042803452316466
E-0026645,3.1056472515884765,108.1267570801147,247.08041673071003,10.137951523429448,4.856677935493575,1.942260849770179,2.769675599505965,0.8602479087099164,2.6672530246504853
E-0026646,3.1716531811028728,59.02574897174839,251.17482003174592,13.334092836070434,3.533822083717267,2.1940239651631073,2.3929603657051706,0.7147814432499383,1.9464326853288332
E-0026647,2.5327606210455893,127.61282123048983,142.0971691680014,12.638375502022269,5.431279682645083,1.931992840773192,3.856092120843046,1.5255536221323132,3.1116503140929894
E-0026648,2.5327606210455893,127.61282123048983,142.0971691680014,12.638375502022269,5.431279682645083,1.931992840773192,3.856092120843046,1.5255536221323132,3.1116503140929894
E-0026649,1.9474216313796961,162.01263321928263,231.80729901386024,12.744720992062222,3.644342184750602,4.291809957199535,5.991786889506839,1.8014954492030326,3.271005032822843
E-0026650,2.918615575011869,38.60814518094451,235.24166217832314,15.390812670277429,4.272502352440011,1.8867496216115898,2.2273346955301303,0.5455779060403569,1.6986058549304002
E-0026651,2.171620226367048,169.4201366326253,437.38692873004,14.305842751891182,12.545712696519283,1.7093292668633455,7.091603245583423,2.035174189731395,4.047462243768976
E-0026652,2.171620226367048,169.4201366326253,437.38692873004,14.305842751891182,12.545712696519283,1.7093292668633455,7.091603245583423,2.035174189731395,4.047462243768976
E-0026678,1.8346909098572466,189.37652804831038,208.7073439403387,7.494043057290523,10.779127142048464,2.243245893350079,15.933119274617292,4.55596373591565,5.115265308543547
E-0026679,0.8847405354597054,213.6465084226774,29.40623207823827,6.180661008936293,9.63909497102448,2.5571498456265704,26.284380733642834,24.055453213299888,33.424579119065776
E-0026680,0.8623719211032327,290.0151780200774,51.96269014419426,5.298252560376765,12.279155477808214,2.1340251596805846,33.498964533746395,21.36416680912405,30.050617103766147
E-0026681,2.489513752006281,84.25971864823224,163.33668180585366,5.129711170804461,7.888369559783217,1.370457696182485,5.0769292070162075,1.9053141921349688,2.662424413391366
E-0026682,2.0979362312634944,189.376296675461,101.23823424613722,15.750960168666595,3.9459137237089155,3.218625316045546,4.844772991233962,2.4341518145281777,2.7302572621439176
E-0026683,3.6710892070137846,4.637198647233943,162.57849405009426,22.711395500841686,0.5317897444550751,2.8279718944020784,0.7545447196412198,0.46507719096642675,0.26178424222778746
E-0026684,2.728820268132712,8.414313216244098,81.79983193269244,15.590148890518497,8.041918210066685,1.7665868948868513,2.8233465557214044,2.8589860745567517,4.006294309288149
E-0026685,1.9474216313796961,162.01263321928263,231.80729901386024,12.744720992062222,3.644342184750602,4.291809957199535,5.991786889506839,1.8014954492030326,3.271005032822843
E-0026686,2.918615575011869,38.60814518094451,235.24166217832314,15.390812670277429,4.272502352440011,1.8867496216115898,2.2273346955301303,0.5455779060403569,1.6986058549304002
E-0026687,2.180300096593066,149.20885451179296,180.6632503791505,7.669382235628362,5.800907772525251,1.9475818298458605,5.174724255602536,1.4245988912867638,3.1071311335410705
E-0026688,2.685383099276946,101.14740149200209,278.3628330738881,8.841384730273026,6.264292350962802,1.6611121759052525,3.4512257859085738,1.0592389123587014,2.6014002598932393
E-0026689,2.685383099276946,101.14740149200209,278.3628330738881,8.841384730273026,6.264292350962802,1.6611121759052525,3.4512257859085738,1.0592389123587014,2.6014002598932393
E-0026690,2.822034136704384,42.66268704853203,200.9888937112068,15.744558640630808,3.691570459492135,2.1126586287961433,2.3743830310662495,0.6012032060133556,2.0361691832185635
E-0026691,2.822034136704384,42.66268704853203,200.9888937112068,15.744558640630808,3.691570459492135,2.1126586287961433,2.3743830310662495,0.6012032060133556,2.0361691832185635
E-0026692,2.4134696687114583,125.85272948906872,158.15836556073262,11.666605789429568,6.0463207079287224,1.907008222067118,5.258152023684631,1.744118174824331,3.9922963293379765
E-0026693,2.4134696687114583,125.85272948906872,158.15836556073262,11.666605789429568,6.0463207079287224,1.907008222067118,5.258152023684631,1.744118174824331,3.9922963293379765
E-0026694,1.8646818458866747,213.484242742273,205.60376488828268,14.655336180485403,3.435128219557528,6.072249168962489,8.57605266414526,2.0071685619875397,4.277634228893218
E-0026695,1.8646818458866747,213.484242742273,205.60376488828268,14.655336180485403,3.435128219557528,6.072249168962489,8.57605266414526,2.0071685619875397,4.277634228893218
E-0026696,2.6820971574175694,27.112392688543938,363.24377302953604,16.246369519938987,4.904274004904503,1.6956231459278583,2.535683517025976,0.6041299895251693,1.5682382737166363
E-0026697,2.6820971574175694,27.112392688543938,363.24377302953604,16.246369519938987,4.904274004904503,1.6956231459278583,2.535683517025976,0.6041299895251693,1.5682382737166363
E-0026698,1.6315309089994585,178.68605779847942,183.94394221434146,5.1884197260929685,9.298682104451148,1.7766945171594128,8.276818231701265,2.078524065614639,4.9284733868047175
E-0026699,3.295029327921944,1.919485300528312,200.34141499568952,11.865222117758822,1.9794243864568575,1.0375269523318753,1.0171610051366615,0.5052754804085846,0.714599997344339
E-0026700,1.8749772713520694,253.85535243577536,444.9102056584279,44.80987310071905,8.050479431456791,1.4202596072766638,12.238640681052303,3.95750586562289,5.536512498117167
E-0026701,1.6437365237375516,181.65898308913953,585.9930258199817,66.59530791863472,9.074741637278175,1.309101509339946,12.117155280270918,6.615444091146914,8.6383963659715
E-0026702,2.2818456912276908,211.38283758746275,445.53746943717874,48.95611507620436,5.139288382236677,1.4131331603468134,9.090814102003161,3.5317678615262635,5.319462265727349
E-0026703,1.736804776372852,247.41690110817552,268.91281506270064,45.2908888190473,4.708699518572258,1.8388956122329014,13.48509577773627,4.483725704662585,8.154261265751087
E-0026704,2.2364759772379164,248.12671659430143,375.14993732425796,24.58396323701828,2.9428255210329834,1.8900573604741744,6.114490826058581,2.128027731439776,3.6949480308110196
E-0026706,2.414703609068658,47.91884873664341,246.00601663332932,10.51328220945546,7.2403124398168694,1.5066865987147742,4.358813338104659,1.259438985786955,2.1554040943098007
E-0026707,2.80320343203066,30.445641629598395,190.88181164657956,9.345926374128162,8.041418161504195,1.3004327884918399,5.35709847557048,1.7821459025216617,2.835844290066001
E-0026708,-0.1411186563255136,165.99105761285213,4.477218142772598,1.7816343533124046,3.0040331770055584,7.0340141885922,44.69750663134879,23.227731674259456,27.933021787901186
E-0026709,2.5993520513491264,132.8793732251616,177.1769772492055,15.65032420611547,8.742767221891507,1.7911771579065214,5.494683400406262,1.6061496545612175,4.098419799589809
E-0026710,2.5993520513491264,132.8793732251616,177.1769772492055,15.65032420611547,8.742767221891507,1.7911771579065214,5.494683400406262,1.6061496545612175,4.098419799589809
E-0026711,3.1716531811028728,59.02574897174839,251.17482003174592,13.334092836070434,3.533822083717267,2.1940239651631073,2.3929603657051706,0.7147814432499383,1.9464326853288332
E-0026712,2.0403166864863977,126.67557301956158,155.2653064073912,3.857175200260138,13.688712062413336,1.1809093274763218,8.430167979637586,2.7143169673761176,3.844802175034119
E-0026713,2.120190712825705,183.9507085543716,253.78558154489056,7.526642508010675,10.959644035952044,1.672201885041242,11.45119093447066,2.270489649507299,4.56116040926616
E-0026714,2.120190712825705,183.9507085543716,253.78558154489056,7.526642508010675,10.959644035952044,1.672201885041242,11.45119093447066,2.270489649507299,4.56116040926616
E-0026715,2.4043189665089604,160.7919318035829,307.8449785101461,7.907485903484884,11.508917545219449,1.1798135469162685,6.777988682127688,1.8896593159109063,3.199097054763212
E-0026716,2.4043189665089604,160.7919318035829,307.8449785101461,7.907485903484884,11.508917545219449,1.1798135469162685,6.777988682127688,1.8896593159109063,3.199097054763212
E-0026717,2.152810701099543,142.29900183185745,337.13844215502513,6.326444053492557,7.674621942729498,1.5435233837141105,5.453486971017439,1.594657341035757,2.6551708869105526
E-0026718,2.459438805924258,156.53461658209176,458.2355513327217,17.035653578973243,16.79351764637285,1.0966613372609113,5.275998046209448,2.933476229143666,5.868924966945858
E-0026719,2.459438805924258,156.53461658209176,458.2355513327217,17.035653578973243,16.79351764637285,1.0966613372609113,5.275998046209448,2.933476229143666,5.868924966945858
E-0026720,2.7628376465920437,34.66907912270975,384.1726530556156,63.593532126653876,4.629314851226499,2.113178085839145,2.5611151100963245,1.364348648398152,1.7870192105215756
E-0026721,2.7628376465920437,34.66907912270975,384.1726530556156,63.593532126653876,4.629314851226499,2.113178085839145,2.5611151100963245,1.364348648398152,1.7870192105215756
E-0026722,2.806824347401871,13.35587860047188,840.5707207981393,32.03704850151531,12.89746622240918,0.8523000866981236,1.8086879440464427,1.3876796211326974,2.6598275283276616
E-0026723,1.9163266872568527,289.26465059556693,414.2537894857032,31.878899262692666,2.160063785265549,4.12928148403388,10.978257980144619,3.287073940781208,5.075410214089405
E-0026724,1.9044716605445497,259.9633600294517,414.7042557052358,51.70813804088743,4.233731163202709,2.8424906784234523,10.320081258880224,4.1435881260021965,5.23935124308482
E-0026725,2.196885625943906,265.3090938611308,262.15928875736057,53.200751230718765,3.2421077628985855,2.619630284354922,9.028432022750993,3.1023240202335085,5.855857641935766
E-0026726,2.196885625943906,265.3090938611308,262.15928875736057,53.200751230718765,3.2421077628985855,2.619630284354922,9.028432022750993,3.1023240202335085,5.855857641935766
E-0026727,2.01901349164818,239.361635214796,300.15387042458906,32.72708132758151,7.076873983774363,2.175711163808268,22.62362674400756,11.491720979630323,8.291014880270724
E-0026728,1.5965615360970853,262.3730615894337,253.84341760853897,23.40996328116773,2.9429672880742888,3.4570098184637885,17.515515213430707,4.8487780594534495,3.875385273390892
E-0026729,2.4717226898320614,250.50922376017925,332.5833169855268,49.88719443417182,2.574875297453615,2.1819085993712357,8.477128135384822,2.6721931402640164,5.06015728195264
E-0026730,2.5287915050010783,229.3284325002971,264.34015102106287,64.14045029915182,2.288600483169825,2.305894669879015,6.479876951508487,2.784949687074826,4.065985413553101
E-0026731,1.8632172478514974,230.81237324300133,331.49201979493415,12.004399814894196,5.910479165358949,1.514217795242002,10.02179216953427,3.7354219950683514,4.399484991912719
E-0026732,2.5251923888747436,108.5821471497159,528.3221638142323,18.34830811444995,2.344322610513845,1.5419269459450153,3.3787225833087193,1.3938433711235088,2.5783189440899457
E-0026733,1.9216023535708018,257.6274029453792,583.3754468854993,58.864477544198195,5.459642039920172,1.8518665288775678,12.428458176600088,5.333097651837198,6.079408115529236
E-0026734,1.982694524261055,255.56660131253543,540.8049372181671,72.57835059337826,2.301109946276121,4.098776337662163,11.204806695741189,3.462583189939449,4.747697363932962
E-0026735,1.982694524261055,255.56660131253543,540.8049372181671,72.57835059337826,2.301109946276121,4.098776337662163,11.204806695741189,3.462583189939449,4.747697363932962
E-0026736,1.9044716605445497,259.9633600294517,414.7042557052358,51.70813804088743,4.233731163202709,2.8424906784234523,10.320081258880224,4.1435881260021965,5.23935124308482
E-0026737,1.6976484225347133,261.8012405501273,196.26403146107646,28.498347770246216,5.0004129832358375,2.751980917562067,23.413805136269296,10.57251908876206,7.113434065803752
E-0026738,2.46240106871267,240.14571900214597,203.75697387458447,33.79172576024432,3.7702664088458957,2.2255397861727393,13.034265802697453,8.18669417030329,4.94086438770499
E-0026739,2.608051240846757,113.50277679027013,276.64861384347284,43.627510217120395,3.2991700303422995,2.0975383859893655,8.98653478865572,5.953882531422249,3.8605334529756155
E-0026740,3.0585824368170575,69.7166939582911,340.11198644999365,34.713582907819045,1.9707715277170896,2.3063781991253007,8.181290609695834,4.271378088403608,3.253161365633212
E-0026741,2.567957791703702,227.12198449562314,351.9685085972164,28.638612305787614,3.1256199472032025,1.6432562071667627,7.4246848935552885,1.847477111358251,3.4245747672504603
E-0026742,2.2479920226335666,215.24234898701602,423.30583489674495,62.05297754321424,4.841809056553342,1.6018614718425375,9.597230678223951,3.457563907539406,5.608232038041284
E-0026743,1.5262613627076453,206.17381880100015,260.8855207044441,47.322927160729456,6.6857891866319035,2.285640391381812,15.707945540072732,7.127333312266197,10.413991543471372
E-0026744,1.7743637787870052,261.99951007245426,250.27083858483542,27.5498165446409,2.341836504363184,3.2751523000358875,12.98698527601292,4.571927027941049,3.5677977980898863
E-0026745,1.721867049590958,248.37008932605767,178.47512235581328,17.691732848315898,1.5926580856795145,3.8821964494769747,11.234826825340368,3.1960128415969984,2.971180022353734
E-0026746,3.438750732374462,165.53077389962178,381.4435141517929,110.61025954174693,1.8411434117838592,2.0505643645795613,3.7396465382951685,1.5373784970227533,3.0108432166431975
E-0026747,3.681072737561398,59.14200433720757,364.9869848567008,132.52757581519805,1.879600967812068,1.8425955560376617,2.3931559033362664,1.0235853780815707,2.1074602511793756
E-0026748,2.9571107323839763,120.67519344096746,144.4777493400762,92.29470836199307,2.6209828027879,2.4110998140446256,5.600681138982233,2.2518012711726763,3.6303797588138482
E-0026749,3.641271253557899,141.61586555260118,294.1384639290357,93.54646572870145,1.6692686590412211,2.196871111920852,3.5703206704016925,1.5222358828029077,2.667831610834911
E-0026750,3.551905934222616,140.55443196703658,585.9076225841824,140.54041992685248,1.811503192867648,1.9962679953114277,3.223177083620056,1.4460203204607105,2.9240882858689585
E-0026751,3.551905934222616,140.55443196703658,585.9076225841824,140.54041992685248,1.811503192867648,1.9962679953114277,3.223177083620056,1.4460203204607105,2.9240882858689585
E-0026752,2.706997481728702,184.79960169598962,201.78999230128326,97.49722122340626,3.1462147085751466,2.191211494289419,6.763960950279418,2.584705737274848,4.108356994253156
E-0026753,3.0179553373958683,171.63990202410287,184.37656514728272,72.7689726766577,2.4209017523878447,2.1231988810312465,5.366239842899891,2.0325452722039175,3.1986354881563583
E-0026754,2.5877341078954528,212.95086567224425,445.46538338579234,54.208629477936384,2.518193745537348,2.8804620544051227,13.025731109661278,3.7193647299653887,4.277602685314757
E-0026755,3.0092018941538288,176.947561848158,784.0006235315867,74.29737333956442,2.4308526773292547,1.694740866727752,4.874044738876294,2.0972028112029877,2.894369268641188
E-0026756,2.4412824653279306,181.00733346866662,167.3369331773912,121.46260397963913,1.9869433183831413,3.1779059323547587,7.268865441957035,2.258622299238577,3.8259423713846004
E-0026757,1.8651513823305637,130.41531987059673,88.7242429197924,13.40484268754627,11.490365604009398,3.279258409875696,17.826510112115418,5.6844686764133785,8.066034674757628
E-0026758,2.2530312296975565,61.86058329716382,367.55534270896356,22.675699765314633,13.857287013722884,0.9924344375879833,5.247389566527438,2.1977314969656185,3.170311702088341
E-0026759,3.2365303241918095,14.865614492217974,72.00361284394066,32.544074721490475,0.8984881722693968,9.317725671331454,3.0815669533812695,0.7979664524106395,0.9741989053678123
E-0026761,1.7832963698886948,209.73446699619933,162.03999652171146,4.578612616431401,8.039173695398958,3.4139615917418595,13.255025335967053,5.739227408996957,9.055510364407251
E-0026762,2.638870652545273,31.12727066374959,203.17113244123337,51.10446819141782,4.044866856409095,2.723084261953507,3.0685111741744113,1.433605988093214,1.8175188601152665
E-0026763,2.6484334455317002,74.8502933880269,289.3501469521528,25.822657374116773,4.174058841340482,2.5135164164540345,3.0970615729291127,1.5379470922260616,1.8977563391407262
E-0026764,2.482557328872707,41.381322549335906,164.1530504477358,24.40311858414538,4.255200515424499,2.4796426427990874,2.9890308064666007,1.4784236108921407,1.6789089842573328
E-0026765,2.638870652545273,31.12727066374959,203.17113244123337,51.10446819141782,4.044866856409095,2.723084261953507,3.0685111741744113,1.433605988093214,1.8175188601152665
E-0026766,2.6484334455317002,74.8502933880269,289.3501469521528,25.822657374116773,4.174058841340482,2.5135164164540345,3.0970615729291127,1.5379470922260616,1.8977563391407262
E-0026767,2.482557328872707,41.381322549335906,164.1530504477358,24.40311858414538,4.255200515424499,2.4796426427990874,2.9890308064666007,1.4784236108921407,1.6789089842573328
E-0026768,3.567382688882596,7.868467933475219,268.4260608421114,22.49714821914041,1.7067499357943599,1.414321135024358,1.1103266410797352,0.5190518074167035,0.46750093410532484
E-0026769,3.7392471918456676,1.7697929961605885,973.8564510031981,43.392392409451084,2.337779761208118,1.0586165186144478,0.6328388601015317,0.5111431773512323,0.8099083999021229
E-0026770,3.396753816018879,9.163109709523598,200.26152631639798,17.85443978213063,0.6342959762450417,2.9894427475751373,0.7007400222597575,0.45982651094045107,0.32911163884916406
E-0026771,3.302874543399615,60.643720466538326,305.24740212460824,28.810597339338276,2.8651012723375064,1.6791703036452335,2.3887401179132333,0.8588145489297281,1.4927897610084315
E-0026772,3.4748341304554233,3.90670755150913,169.4764703407108,29.460484345548302,0.5311669184557946,4.066484943286255,1.0110490402909977,0.5269668575126781,0.45029600322322344
E-0026773,3.7914158644246743,3.725787537136724,187.49582601353617,19.20569347720837,0.6795304905852435,3.09088771098075,1.0090149526621792,0.49691998761931233,0.4399472791295389
E-0026774,0.4711184859554235,291.03469986778,161.88134480848473,8.67499239269754,16.93183795760109,1.982059618207533,9.045835306750277,4.647016788352056,9.895967003378086
E-0026775,1.897288434532068,287.3725437684204,354.60000332428075,71.02919167126234,4.977250454283879,2.682352687051621,15.481022681096682,5.265801935083244,8.37451973367087
E-0026776,1.897288434532068,287.3725437684204,354.60000332428075,71.02919167126234,4.977250454283879,2.682352687051621,15.481022681096682,5.265801935083244,8.37451973367087
E-0026777,2.273946450108602,223.51535754839392,147.15472035319212,6.827056282984086,2.885833932213231,2.0801744369189397,7.559202711717145,1.4820885292407224,3.225596856947122
E-0026778,2.0263957338154084,213.83102219577057,247.01968146214588,25.154751149091354,4.830330527551771,1.7225872012618557,7.878119656239605,2.118446068149119,4.491419581229443
E-0026779,1.767228330146195,185.2915492845242,337.4468584583709,23.86122049547211,5.172750499510262,2.751057083250118,18.641193816988977,6.508106957025575,6.438570561187404
E-0026780,2.029400085977596,231.51425378011015,441.727528979046,51.46173640240394,6.512223669161705,1.4522439442234099,8.055260871642746,2.7498536343546083,5.235360405079589
E-0026781,2.5621828280404992,252.12243559623883,303.2123539575482,26.446677931995186,3.052051406736906,1.9135716015027677,9.715580129514631,2.956252352866569,4.348263684819091
E-0026782,2.287888033214862,231.25022150733108,252.2616968621771,88.0371854876573,1.758399610623199,3.0879205119301627,7.466107694430611,2.0161628393382554,3.0824974673115446
E-0026783,3.796896831539003,37.452019610055956,363.50094842999835,175.98495044790454,1.471673000469679,2.0274244281254976,2.0542563373682925,0.9906544888715375,2.5529260277751695
E-0026784,3.900783922229239,23.644237893199534,563.0846837412596,157.2975197293196,1.1609626301008755,1.9306681210942371,1.6162635731936208,0.9168057082975465,2.066029392713577
E-0026785,3.82767536864594,35.41950068498409,253.47696506285453,143.06515996143696,1.226376221616833,2.1783117535732153,2.126234256705817,0.8354485400131615,1.869107508218182
E-0026786,1.9913541410914246,264.5247158445454,128.57661099077504,48.2581619538068,2.3667374842373827,4.479231851889668,12.528001782192684,4.581169092776961,4.490772146606246
E-0026787,3.776067204864721,58.46391692933646,213.6163543998165,116.96170654201242,1.1248317423926233,2.772110982525504,2.9011959741819404,1.1265629586196564,2.501431981213238
E-0026788,2.0907978621070074,209.0420093130154,270.3362715746782,57.843652704425196,2.5948260499928852,2.6193693014482227,9.207314587793867,2.9564805085900896,5.2519817900643355
E-0026789,2.0907978621070074,209.0420093130154,270.3362715746782,57.843652704425196,2.5948260499928852,2.6193693014482227,9.207314587793867,2.9564805085900896,5.2519817900643355
E-0026790,1.7845572418681785,236.7359685122035,186.44851770073802,43.003543012099975,2.469630624357114,3.322909414972325,11.116406484462892,3.109118908587559,5.839548819707804
E-0026791,3.109549616043671,171.49944361063086,248.34413998096016,88.58452709107674,3.1615346068318266,1.9617186484793125,5.361553080855473,1.923099735082169,3.976576446428197
E-0026792,1.9118149301980454,255.8818919626935,318.4768153681245,60.16756992472085,4.879408089009905,1.8410159440831606,10.874914443477474,3.9775458682452918,6.008867131661458
E-0026793,1.9118149301980454,255.8818919626935,318.4768153681245,60.16756992472085,4.879408089009905,1.8410159440831606,10.874914443477474,3.9775458682452918,6.008867131661458
E-0026794,2.4387300867553807,239.65127037972155,679.8033946545216,64.95162728852617,5.488073716982794,2.001915670106792,10.024008421713411,3.850688668494106,5.936543212377147
E-0026795,2.4387300867553807,239.65127037972155,679.8033946545216,64.95162728852617,5.488073716982794,2.001915670106792,10.024008421713411,3.850688668494106,5.936543212377147
E-0026796,2.0150648613879665,246.35417042403938,384.258450315018,43.6220362059516,6.2833618006474525,1.5702997540185848,11.629742320964402,4.048485535940231,6.147493782680641
E-0026797,1.37249738611834,252.58120215902235,223.16123866908575,22.27643662715323,5.297510246494847,2.4793547396504283,16.242508176670615,5.7644475879154164,6.342259653412138
E-0026798,2.876201833689744,61.25702269726417,467.429439382401,169.81869178656825,2.2455843463645326,2.463621611018382,4.951136199972662,1.4315484151872344,2.328856008208306
E-0026799,2.8500066456841053,132.70322745230902,826.6164569726166,154.57987528967067,1.823528035939187,2.736562848031855,5.2755530719751835,1.8486938649485838,2.480784302390595
E-0026800,3.152861916330976,46.31036451788296,839.1148542343694,276.836637967767,1.5782274583493507,2.446663072744507,3.0755380077445005,1.4598691621367637,1.8851738289948943
E-0026801,1.9993642900786277,222.41782207286244,250.10648469383898,63.90368848366334,1.6105121796909325,3.542071196541001,9.908981480458108,3.4074561608671172,3.3146625848922704
E-0026802,2.889262967980983,154.5308881063059,329.9082761263127,101.94095562825626,3.6162098128431643,1.9201326635821074,5.620606370290961,2.0679914679867633,4.306970260933128
E-0026803,3.0031429030476304,213.49747186620732,303.4190561211075,52.89332835560328,1.513728473863007,2.6756873866070823,6.817305666327888,2.1499071457043333,4.569985244217834
E-0026804,2.1010215825760947,263.5785448099545,330.1950697755442,43.24473361972864,4.633547163310469,1.7116953870489413,10.518230173520042,3.421969370207033,5.272635881079394
E-0026805,2.1010215825760947,263.5785448099545,330.1950697755442,43.24473361972864,4.633547163310469,1.7116953870489413,10.518230173520042,3.421969370207033,5.272635881079394
E-0026806,3.2291723250871294,147.82321707242068,204.08298660980907,18.19645457637656,2.942963450581614,3.0172880751797626,4.687359838989225,1.2328083864105828,2.063248396743746
E-0026807,2.9695419288965845,172.9494237179337,115.31007418722737,36.70026358449671,6.384745945820725,2.2544250116460938,5.3783916752976895,2.4001808199579138,3.3781625009440477
E-0026808,3.234918031068316,94.20783960451185,151.0481494771621,44.97229780183215,6.226998624637977,1.6242824255759,3.5761722867924832,2.163026684606322,3.0037122092100117
E-0026809,3.7207300448410026,3.765822888566309,151.6303784786846,28.217340559228216,0.39798550388455345,2.9052872341610727,0.3862473982448078,0.36565225438476007,0.16529698933303935
E-0026810,3.6312246244624564,4.325920266875534,170.58300863807148,29.989854375689955,0.4970335676788188,2.8720414928261726,0.5571623475136644,0.3734017768976101,0.23821972668306368
E-0026811,4.327349232509492,2.9941465679195853,417.83340260317067,18.245714247797757,0.47967416869561613,1.9653250998706675,0.408566307123131,0.37539786251085266,0.21578167843386667
E-0026812,3.2508764256609863,1.8729899271080952,315.0952127916433,17.093655873452825,2.6055743384839234,1.0863851531899802,1.3485811893738302,0.41809715285969495,1.1277113833580412
E-0026813,3.9038685162758897,3.097667316291087,161.50574369561193,28.762968553015195,0.6885497809670529,2.50075703962657,0.6246361370750274,0.5529902322431861,0.37181952629159426
E-0026829,3.8849656522620974,4.694355345742761,126.07186205890993,23.070267786468012,0.34636876771790526,3.3536301831846234,0.4931371437703977,0.31894307278568607,0.18542315697745484
E-0026830,3.97911200494007,2.8250879163607783,156.05805906370364,26.857191044833698,0.5542643253174858,2.393428587435852,0.45865490941462583,0.5273792673630273,0.28399758693647364
E-0026831,2.7099048814246744,101.34724721730693,359.0714845448465,27.367174991003264,4.5428037143400655,2.2760730440017984,3.260476123296236,2.0194279925289496,2.2649230651639845
E-0026832,1.043053541587704,155.0311415596622,317.87507552145007,9.213411780386618,22.230815602758724,1.0696851843848543,7.042797712064675,3.533351165194559,6.025973864661777
E-0026833,1.043053541587704,155.0311415596622,317.87507552145007,9.213411780386618,22.230815602758724,1.0696851843848543,7.042797712064675,3.533351165194559,6.025973864661777
E-0026834,1.0291616567524895,178.76564335963428,458.8145842099087,5.876941292721782,12.0647505307167,1.6080215455585227,6.919307620119173,2.71126301355091,5.500123583276703
E-0026835,1.0291616567524895,178.76564335963428,458.8145842099087,5.876941292721782,12.0647505307167,1.6080215455585227,6.919307620119173,2.71126301355091,5.500123583276703
E-0026836,1.503051062334136,206.21790741099036,230.8255138804158,8.5055503697451,20.243121776948204,1.5565160415950012,8.386188151703278,4.757003158478276,8.121461392379677
E-0026837,1.503051062334136,206.21790741099036,230.8255138804158,8.5055503697451,20.243121776948204,1.5565160415950012,8.386188151703278,4.757003158478276,8.121461392379677
E-0026838,3.4127556371875674,143.00617408586655,1026.6665416945345,156.10166680105388,1.6756794843471283,2.2150413935539777,3.632704859818085,1.2352532103439728,2.77793550182668
E-0026839,3.4127556371875674,143.00617408586655,1026.6665416945345,156.10166680105388,1.6756794843471283,2.2150413935539777,3.632704859818085,1.2352532103439728,2.77793550182668
E-0026840,1.6875583083232708,226.98088830514587,231.57348979176416,69.06880657511734,1.6347092449358147,5.142830169132411,9.682116103709415,2.594597856951523,4.658669868277034
E-0026841,2.480280354298977,240.1298122403929,249.43263661528712,69.51923347201114,1.8870143259022063,3.0641135070597816,8.105203654456396,2.1740822555569754,3.3213313978645527
E-0026842,2.480280354298977,240.1298122403929,249.43263661528712,69.51923347201114,1.8870143259022063,3.0641135070597816,8.105203654456396,2.1740822555569754,3.3213313978645527
E-0026843,2.792391119847219,241.6235472181016,372.4946569788933,70.09685456185653,2.2033354049011344,2.4398649605118257,8.190993687083955,2.87798273353994,4.303805906379606
E-0026939,2.8745604049954414,153.47777766981676,317.1657855752822,70.51739983354564,1.1652277135130122,3.2341191226028956,5.196445487671585,1.5457471118738664,3.0795762857957873
E-0026940,2.630995041382227,204.73562407597132,157.79137479780036,60.31116126752039,1.503767624277744,3.329501284739672,7.280940971956035,2.3347010337308545,4.5623025825991315
E-0026941,2.630995041382227,204.73562407597132,157.79137479780036,60.31116126752039,1.503767624277744,3.329501284739672,7.280940971956035,2.3347010337308545,4.5623025825991315
E-0026942,2.512678642644443,209.40425780041838,249.09697325246162,43.80648630053323,1.2863556399564584,2.947270363385834,5.829043436087704,1.6335590759272343,3.5190139271860086
E-0026943,1.385280389924533,142.07357926613824,236.3591334692565,56.02204482795634,7.869299246160918,2.0445986474985594,18.564429661690195,6.806920293432299,7.782907260494344
E-0026944,2.2079548152443866,218.76411832345784,470.88980303422915,29.167398069054443,17.053673317514843,1.5198548804947314,32.42588126321256,12.338907689542186,15.548081403186632
E-0026945,2.8745604049954414,153.47777766981676,317.1657855752822,70.51739983354564,1.1652277135130122,3.2341191226028956,5.196445487671585,1.5457471118738664,3.0795762857957873
E-0026967,2.1665396636961787,151.09682930379074,166.30868114998077,16.51145720888782,12.123118349156393,1.7009027404771162,8.784318237642418,4.807215488046364,4.6593869510943815
E-0026969,2.704054979911301,191.5493796058009,422.282387644262,88.33035757105074,3.640148127570471,1.830436810227331,7.120145103838962,3.41376714062576,4.923663751185925
E-0026976,1.245374111987356,182.89390240663164,156.4921192230178,6.029829147085177,15.620253549624096,1.0497550987908586,18.78812040097849,8.754828765580793,10.483787539002524
E-0026979,1.89116895412923,276.30043739687346,238.86391636354097,28.775854894307248,6.578404765381099,1.7219163381360594,14.18247882892834,4.708328124342521,5.793453274595651
E-0026980,1.7756320068520608,222.44633211229987,163.99051267414154,13.066438746483957,20.485406978655732,1.035673409043023,17.902378239594455,9.080610874794466,9.076261904718676
E-0026981,1.522301428950243,143.49687481427807,216.47676021492518,9.84967677572962,28.713633676622422,1.0320048746601311,22.381822171572406,8.865732764413256,13.844463955144606
E-0026982,1.407454755002391,175.02988425920205,268.3571515598319,7.712395121477119,22.953458475335367,1.3060045942718435,25.23593364310738,10.127883508992303,13.802225218829305
E-0026983,3.1920230661016444,9.319554169084341,36.36315162562166,30.740264569575594,0.0,49.6376696373651,2.2255835091005727,0.4580907050654252,0.0
E-0026984,3.3256870028260805,21.42149040880381,38.65199733259178,17.766259639362577,0.0,43.886175432926606,2.0355104054897284,0.5226958436042926,0.01784349753512471
E-0026985,2.715476925529959,2.5381987079608455,72.37541345437934,23.093361338387755,2.487524581452928,2.056176205439892,2.062839165438816,1.5540095745315343,1.0183728872924638
E-0026986,2.844672491364712,4.070087562760919,42.455615375337146,32.06096721843673,1.129665073840382,4.693896202253977,2.2518057344563642,1.1067421897292475,0.6864939906506609
E-0026987,2.918073934067901,3.363823473683208,91.93911020828853,11.720839472830903,0.14979605535618928,9.874653273550516,0.9355361655899936,0.47897634333770545,0.330036181384214
E-0026988,2.7981659201971967,16.47632765392386,359.28621073224525,28.45826337211643,18.96352342792641,0.7894682987703737,3.20257572537724,2.9503338214778436,5.061860812910408
E-0026989,1.7641997103304892,107.48946270642715,112.86792505968585,10.145761341404295,19.602568587611295,1.1427757607863713,5.864154681028476,4.893714414570632,7.774143411147949
E-0026990,2.841403050955289,6.838741069819022,94.78426073407269,15.056873757166478,0.31235925856212876,8.90607302542033,1.3514680018723113,0.6473281008385258,0.21092774105448198
E-0026992,0.3848013938601775,150.99746514175519,99.05532136542475,2.5345028147048287,11.137417664718477,2.205203913348562,20.285215358104523,5.4379358944677225,12.136024245591509
E-0026993,2.0600719806923893,8.36730993956888,110.15443689790914,16.74511725910678,0.444532181460272,12.002194220064691,2.282799824505932,0.5354431698064444,0.3007355023329858
E-0026994,3.0497758358422433,7.059495405395936,729.837637207296,17.77968493448424,14.686662718746607,0.8836627142055842,3.1588478998566263,1.298307365582563,2.6043486168927266
E-0026995,1.9192703451672262,11.320364382406423,142.25769110377706,17.313980804951694,0.4163605115553767,15.486224700011478,2.6196332519206345,0.8721900234365008,0.4315609793191295
E-0026996,3.4514534432839055,2.4112467935681514,185.0511891501263,69.15814331417525,0.7075625506178862,6.919972567508069,0.6518945471682625,0.8856331927978265,0.33425892057605483
E-0026997,3.000067939939471,6.406685229401367,69.19021396814264,45.25914935076262,0.0,25.84580659903613,2.028817736640867,0.346371648900546,0.035543825771936044
E-0026998,3.027331372485494,3.8258755043113406,66.74278873296697,45.68394174217801,0.0035538966721564663,18.438202852534356,1.7837235801792697,0.3306203286870584,0.05571944357608042
E-0026999,3.118841722705124,3.771308184822268,86.1473028073398,52.11080982967242,0.11260934438471633,13.77201561083143,1.0770866118625686,0.36144746394865646,0.015534112810213625
E-0027000,3.2409004939350363,6.304790073881602,89.86485632804683,38.14352565855481,0.039668568607721305,17.491883990645093,1.7015852036039016,0.38937283788252663,0.05685306813552798
E-0027001,3.2234251736970467,7.4657199238951515,88.20986756252825,38.858676791145236,0.0,20.64037659390945,1.827842694558816,0.40432956728182207,0.0870592225976706
E-0027002,3.1654413325654183,9.228234982541949,86.75102028312824,40.375059615130276,0.0,24.01148304937782,1.9312691187656978,0.49218409098427923,0.10550581731773029
E-0027003,3.341062763525377,4.724723827738498,86.87662993211283,37.90899307494998,0.12131855414082714,14.582961195562245,1.536344388642513,0.3725348537429358,0.0559038583416244
E-0027004,1.3103611195080105,198.08582797711094,34.66353950499964,14.52510443627518,2.631658246799235,9.727264617915912,17.665440686662055,4.7481192152604015,8.526518506442779
E-0027005,2.6615485147438265,3.1721085673991816,74.01388414317984,15.777011562012023,2.3219091804068395,1.9852825747161933,2.329869551399611,1.4149397458203032,1.208849970797429
E-0027006,0.6900050476145867,168.78561660162893,97.0296668939864,17.659583331390152,8.647997805589366,2.9119883641433137,5.786816119572255,4.489681249235671,8.457724107359397
E-0027007,2.26420328138826,49.54066634316234,221.6290049033526,38.94166331495999,32.2970985855943,0.7418394957708309,9.898714158732563,5.648780396513019,14.059299392094081
E-0027008,2.658532597131932,12.648485920178656,91.83870465613386,19.69468902619541,20.736392825894917,0.93372100797183,3.274935108734937,3.0955189406802743,5.363362559108576
E-0027009,3.482376772486222,4.182176228902741,737.0498824713096,26.300461711260102,15.37207739060324,0.7943247863879179,1.782055172901323,1.2972673721632595,2.5309899068714037
E-0027010,2.0123924527829824,10.00557444360366,148.37741480316876,17.614709358225074,0.4073896386529651,15.80758034411639,2.807467084234166,0.7741746088311494,0.41769913498579375
E-0027011,3.087098426835695,9.99803685220132,442.6964169742767,35.09548601382283,16.554716001972206,0.9239550459223579,4.407771727053778,1.8244522163155232,3.931854508915432
E-0027012,3.104626342285805,5.862038947168215,152.92261422164108,21.299652989121782,0.7657069177819174,4.399480706537595,1.0786702008232765,0.7382869441318926,0.34187053320556343
E-0027013,2.5106335941274134,5.828876933967719,105.67811087976837,11.99239691594818,0.40107590716748287,7.450815510760201,1.3900828916717387,0.6230406095267707,0.3189211002224067
E-0027014,2.557412562249929,5.455210140325798,98.71485150336737,12.574428551250888,0.32245005103430163,7.217548496182917,1.1500277931657943,0.5921137575127055,0.25183283891975317
E-0027015,2.6901849800976567,7.768563775277146,224.1259038747384,23.550479251624235,1.0026126669574034,6.35742716446304,1.71491691949141,0.8356676411359153,0.3757698302696068
E-0027016,2.862281013608405,6.356054765524785,177.3589550782604,23.415801938691967,0.6596533899874464,4.416884947489708,1.143340608963601,0.6906715782721459,0.3788104845452174
E-0027017,2.3725317962584755,7.241549643495678,122.77512999872457,12.407354665643332,0.35631041505397676,9.198608067525495,1.7926528319267916,0.5853941165580012,0.3820813434462691
E-0027018,2.8096698224761796,6.680551292443456,207.36930476747136,27.383354484497346,0.7711080594927858,5.404242023507308,1.1718114772426946,0.7178332041193329,0.34678246547986585
E-0027019,1.6056823026712221,47.44563334400201,35.9640382531291,12.729571385108855,1.31238545465078,12.90220059706951,10.557962476263171,4.560982382676925,4.588702290140833
E-0027020,1.6116785845892783,39.685592229656265,8.505486979406248,10.67935970841327,1.0648086379599104,15.051818626593056,11.056537901288106,3.732843142782865,3.8837305850654906
E-0027021,3.1460052013763953,4.145728777294252,87.76402762749831,43.88197461549351,0.04050991219611112,15.086377869619454,1.330843631330023,0.3673842110824894,0.008433312454792117
E-0027022,1.5178042243410357,38.869772769137235,120.59649039147199,14.083228504734882,2.063876360100677,10.725655011454087,11.353833114806756,3.769150214280675,4.9020574413172415
E-0027023,2.869255477941855,5.915633457677006,51.13289874186738,65.6749997299975,0.08949397488698078,22.708637942914716,1.628375464105829,0.6186876708532721,0.1579276951163082
E-0027024,3.7851682065166745,4.1615224589419535,241.2937915828098,52.92448433512074,2.846993987830455,2.039189514982468,1.4533228552534458,1.7577307201193237,2.0002633223799284
E-0027025,2.554787172389476,10.036555411062938,241.3890708761817,97.89379944531981,5.509935938037143,1.5072761497891127,2.3852799737967163,1.895528986176434,2.910762028902788
E-0027026,0.17219129456029947,184.10470574594655,75.8819380642129,21.484274015551758,11.507994458919034,1.2169093888621776,9.601625431638382,5.555540236928607,11.691407541770948
E-0027028,2.893182377540568,5.306846398143442,158.58798671684357,29.937597859922704,0.6918522937885525,5.835031139546578,1.0281245849067553,0.7353667815102802,0.3206056096058038
E-0027029,2.04847318682017,7.19977333239732,132.7553057633381,12.319051947652893,0.30689513298905535,14.817633282390181,1.9480474984094729,0.6259827634953127,0.2669171035229219
E-0027030,2.9428054855482615,6.225490864789291,183.0487624807767,26.337182283137807,0.7944896459277281,5.304918973480978,1.0272223983042903,0.7392816838337697,0.31409505682055283
E-0027031,2.0027460467508456,8.76797802680856,151.71212033799677,9.035375112711463,0.34925684905304716,13.131697079060872,1.894617984513726,0.6757146014039411,0.2665136641529495
E-0027032,3.0034130889768345,5.705275690030135,153.0154113019985,23.593613255518346,0.6476616497751461,4.859912721563889,0.9714659824062377,0.7121418928716173,0.28608856263758264
E-0027033,2.9298110350070345,5.2057011868078416,153.68411038003262,33.14152262668196,0.5573541094650266,6.595586882426872,0.9306554228780891,0.7078876221484566,0.270919446089251
E-0027034,2.2581245397913716,6.498500334097237,117.07241013178061,10.99629729070132,0.20719529699170247,13.716591192728568,1.5830934060528785,0.5873558915798793,0.18239670846438724
E-0027035,2.965605330999978,6.157196993768574,175.69182879351683,28.925192720788203,0.6408427413684935,6.016888747735185,0.932612499370657,0.715874935331298,0.26226521521608
E-0027036,2.6668510361855877,6.95544854224245,160.04873118380848,24.06603667558504,0.9925260463493168,5.149730492889394,1.456557699006709,0.8098790594009486,0.4373161680355311
E-0027037,3.950703592972964,1.3021295989970072,182.24526051620376,30.955780484642265,0.587719577282271,4.115862896332594,0.6653850963009149,0.36002071504393485,0.2984539590616818
E-0027038,2.628710232225013,6.547187203512221,192.726067723001,27.219467926354564,0.8867509895228328,6.802818950839357,1.8017463235442202,0.7949755481149515,0.36968247935605225
E-0027039,3.721071412998167,2.7664621760392323,150.3561895633318,53.12792474473391,0.5302250374722117,7.807825231577854,0.8854842870576265,0.8911594956142349,0.36623538969697544
E-0027040,2.6482597958947047,5.79650919585135,179.67623706463303,31.402756937371475,0.625744904529547,6.131427260007569,1.2075083824962403,0.689949393888515,0.3549072177765883
E-0027041,2.806251480351506,6.294682150537717,172.4266223173911,22.506760073205168,1.0932685659417103,4.04498717463581,1.5208251143984215,0.6097679294767872,0.412848603409559
E-0027042,4.085076296420749,0.9000960105986529,203.7574589984734,32.169984651162984,0.7213941431420398,2.865610089355378,0.5964768035566402,0.26604398629850606,0.24330968544188464
E-0027043,1.8410462471350644,21.229099990579254,115.64184803308738,28.99618912199552,1.8843779658914117,6.626093800597152,5.07188719417665,1.9576563033706738,1.820337711251938
E-0027044,1.4802748871204003,57.95567108776485,47.69435993490073,5.03072384413616,2.3060380429758243,9.701251044964154,12.403036363872783,6.425978607084327,6.506087115182277
E-0027045,1.351351822868219,86.36276593607836,47.1735662376923,5.0146559786969345,3.5742470833763207,8.595274897526302,15.773172192171389,7.655861149030143,9.916794604691491
E-0027046,2.88566617149579,18.915877645934327,25.679256693451176,18.259083546946083,0.514151444688083,6.98961599686054,2.9419585445183465,1.4602240498543733,1.0683573861561266
E-0027047,2.214443647203614,7.836265551740027,133.80652600462338,8.801092359560172,0.2624475924745467,12.392918349898586,1.541917331384043,0.5910223103305486,0.18454554767884845
E-0027048,2.634578277239265,7.291876204564396,158.44782949480665,21.352826645117915,0.9181160068296772,6.403045002816197,1.7056160156556046,0.8403264297381058,0.3686466987262652
E-0027049,2.158144816399053,8.035281205187248,104.06018740881791,11.178231114998873,0.4588822093672793,12.441171420964675,3.0550384160218735,1.0660943576880104,0.5478075081753812
E-0027050,2.6186315164624494,6.944240760630818,214.76499918231798,27.626482723396183,0.8116784292792174,7.736197799454758,1.8521684771116407,0.8338960162909897,0.35642398899239014
E-0027051,2.7259514251423242,8.374288486859271,249.35511464263698,24.934366030587835,0.8956091467398617,7.297918089247081,1.774093403817644,0.8559749286736025,0.3708101057769214
E-0027052,1.3938294879072117,15.072503697190252,63.1775945521432,8.594802530439456,0.31358024384358885,25.249928156885623,4.9097267747067175,1.441459599727694,0.7298097773284219
E-0027053,1.5044008915810523,9.083935040248923,151.40050624746206,11.095673817317401,0.18234132457584018,20.14682187716471,3.0094967396298196,0.7061529196987647,0.3755943637722347
E-0027054,2.7288730617058903,6.143002665806078,200.2853662245089,30.120282968025453,0.9521469468162471,5.396743538752183,1.5292437494493132,0.7309738339642505,0.4235486227245361
E-0027055,3.0482744895944105,9.61672606783566,57.409360043579476,52.17665626467437,0.0,32.23048905941023,2.4278386350104024,0.8514115332420226,0.3003441317557727
E-0027056,3.157617491909993,7.143285676961332,56.31896080416086,53.57813585413978,0.0,29.15696598491886,2.1082621803564447,0.7354802568765023,0.2033857824169129
E-0027057,3.3745224625725228,2.9838691372800796,78.7277290845308,65.79973140652449,0.042328154995890266,16.78880885111617,1.295320800405793,0.5218654964393753,0.16334090956238234
E-0027058,2.6211766840685446,7.165699739586975,59.06790071597648,27.313719650882575,0.5295892485541651,7.652925150921976,1.0984021582791466,1.0522968076828472,0.48843929495650745
E-0027059,3.03422912515991,3.3176204095800093,81.26711190129333,11.225406040778532,0.12500922418626234,9.528758050698396,0.8222820217477489,0.4542890052261401,0.3111626105012701
E-0027060,2.6707481555827832,7.129828074215759,224.19043447759222,26.390974218356604,1.0465665644395508,4.93921881581368,1.4392775851196222,0.7644828427632526,0.4191347477165627
E-0027061,3.1315822851905835,6.678625747769006,59.42240096095867,64.2933904786957,0.003776936928472761,25.40111940244271,1.7564916142730838,0.7869592502128875,0.20498772931041262
E-0027062,3.3772223785798228,3.501985189530474,77.96674728647335,59.65124615800986,0.047992221020976854,17.972095895480432,1.5165011930053798,0.5190500534610505,0.19719079708249776
E-0027063,3.3631364581082117,4.069148641217257,76.45939270923512,62.82917529321571,0.01630064401908243,20.835167433777503,1.6601158784048204,0.6202491306738568,0.21589964669850317
E-0027064,2.6316690135692697,10.195155340442279,90.5237465508232,41.46862134973449,0.08276731938836232,29.361252373876788,3.133112628184941,0.6468744284891933,0.25781953574546995
E-0027065,2.8796959584155335,7.549702845645498,67.43055720544828,41.10383656076855,0.0,27.26724226226449,2.7861887547740145,0.5547751202503841,0.21288096019712194
E-0027066,2.256462505209833,12.223698103779414,39.92017603670949,39.818894000514135,0.3390288570177962,33.98198692426728,5.384663223318903,1.347166364247149,0.8225936397515683
E-0027067,2.5536296884458,10.516523773771357,90.73512889456332,39.42692811644981,0.17229506797386274,28.091453755740844,3.5524299361353933,0.8814629715580921,0.39481615392580177
E-0027068,2.947822466459403,13.429315154654228,52.17742520882807,57.80542321196775,0.0,41.6638868765844,2.757635611601921,1.054106483699679,0.3675675490899123
E-0027069,3.3736299507250997,4.572585091988197,66.63530431143705,66.80281081388048,0.0,23.58135960706222,1.8509956019924592,0.6765210763969006,0.24026433245446863
E-0027070,3.581300471112312,5.615189023642403,115.34504416333102,18.15110222553416,0.13737358386164164,12.633618263021493,1.1741363741275743,0.5197873482680971,0.4049233870573562
E-0027071,3.252045255367317,2.879754431898471,123.37716367442559,31.27063660307339,0.27489592196032203,8.22172938133209,0.7206365247597528,0.6067243800259594,0.3913323169297441
E-0027072,2.6238990566616476,7.345445323565488,66.65972336405706,15.044611328641771,0.9856911501540069,13.274426623593348,3.20341577351891,1.3052974468546612,1.0306933699108072
E-0027073,2.8796959584155335,7.550249156444025,67.43055720544828,41.103701043438654,0.0,27.267754464020857,2.786206131745446,0.5547737996775277,0.21288504025929228
E-0027074,2.776062804841308,10.49900903982639,90.93468240794984,35.26985914336686,0.0,48.17277065611849,3.785326607445916,0.5946822736274567,0.27759568129315515
E-0027075,2.6316690135692697,10.195155340442279,90.5237465508232,41.46862134973449,0.08276731938836232,29.361252373876788,3.133112628184941,0.6468744284891933,0.25781953574546995
E-0027076,2.776062804841308,10.499852105779539,90.93468240794984,35.26982023005046,0.0,48.173485807147614,3.785333452915434,0.5946910658202109,0.2776065803995296
E-0027077,2.3374708069637657,9.796966740913144,42.57792404619522,39.4019219824023,0.431557954772917,30.248314401625887,4.889190136443766,1.2493918746067436,0.7720129408193358
E-0027078,3.347953556073646,3.4570284475987436,96.56407493385828,34.30001223034893,0.04698430805247284,11.98679338690051,1.4579809561846584,0.3694042547112178,0.10291467414787833
E-0027079,3.0267884550026394,11.642278712651578,60.57183806043402,55.766492862292864,0.0,36.779827961463965,2.498326960238638,0.96450373810825,0.3502911577952028
E-0027080,3.6461058744142436,2.698750648383677,94.63192197892019,32.63009508330631,0.048811191595325855,8.991290909928859,0.7413248360498755,0.4076788134914722,0.1903053854408585
E-0027081,3.800453080221648,1.1856047346538034,163.6065252989293,297.15587101963064,0.25944841126930634,14.111347904474064,0.7164570977701358,0.34136294999405525,0.2730518531932671
E-0027082,2.7589050561096014,8.269149120063075,85.62953290072655,48.5932866970811,0.5836897425467737,25.096845531701444,3.970391733684664,1.0730785630529251,0.49050881285376297
E-0027083,2.7589050561096014,8.269149120063075,85.62953290072655,48.5932866970811,0.5836897425467737,25.096845531701444,3.970391733684664,1.0730785630529251,0.49050881285376297
E-0027084,2.1304321566923963,16.905080707452854,35.8372463350808,53.932861178394056,0.41926886068611724,28.383340589877957,4.568471527610519,1.373396962276258,0.7976028681420648
E-0027085,2.1304321566923963,16.905080707452854,35.8372463350808,53.932861178394056,0.41926886068611724,28.383340589877957,4.568471527610519,1.373396962276258,0.7976028681420648
E-0027086,2.2366421808639667,16.22197599376171,39.939259305836686,49.553771632990255,0.4809522327505639,31.35676345834514,4.879833848785661,1.3372620882460116,0.769502131558211
E-0027087,2.2366421808639667,16.22197599376171,39.939259305836686,49.553771632990255,0.4809522327505639,31.35676345834514,4.879833848785661,1.3372620882460116,0.769502131558211
E-0027088,2.0140310712351823,7.874459900536257,85.62797567264109,42.151738304986864,0.505384991200281,25.906402964276506,4.573185853196498,1.1809298150205174,0.49141262593334617
E-0027089,2.753694803184936,9.132634032888275,79.64367211799511,40.83005298296364,0.636331430267853,23.934087029339164,4.142277374691581,1.1881576231793702,0.5464075269707065
E-0027090,2.753694803184936,9.132634032888275,79.64367211799511,40.83005298296364,0.636331430267853,23.934087029339164,4.142277374691581,1.1881576231793702,0.5464075269707065
E-0027091,2.7386318809721972,5.501770828954302,161.9931293897434,29.85670246067118,0.3585566252775758,27.106677373927504,4.290882747903341,0.8620403517270941,0.35164337509704574
E-0027092,3.287470157206257,4.5496587524780425,92.93059817764345,32.740254899589395,0.0,13.48736359831594,1.4293007833512446,0.39812613029280514,0.044364031512769006
E-0027093,2.6446297968639776,4.928338508410222,167.36822935783465,37.899886319481496,0.8265599904318153,16.217477895992726,3.0889732987002265,0.8583308270870731,0.28493099644974823
E-0027094,3.0622617822017135,3.0372664250375765,126.52350415168395,31.92952959360491,0.3294589293185653,20.032264164594583,2.9465563058488953,0.6374042439541205,0.26694155392996655
E-0027095,2.3840509344981466,97.05616897328763,179.8705809963247,56.69245518283296,1.7670882418642604,4.004455782939674,6.877890648744935,3.397034327085753,3.387996656454355
E-0027096,2.3950367119328604,33.759745458935974,174.92419800554435,43.48997685847368,1.0527922770260099,3.7023158468344257,4.602000346612394,2.2449190142552453,2.02164410539812
E-0027097,0.7997419380829671,189.86460086943723,93.13648716769131,3.779055603160738,6.485127708020203,4.264028764142242,39.789159566779304,23.87798520144231,26.050065921863112
E-0027098,2.974753932051064,9.645348785306899,49.69715916581331,58.331653642258516,0.5997054634196409,23.11029681917688,3.702994859711729,1.277857206266646,0.7222299389593485
E-0027099,2.6783869919403935,10.505580295227023,75.59934607560507,52.83146836024027,0.5729388280386984,22.542211358679594,3.7781440733828893,1.000484717617105,0.39356354093843204
E-0027100,2.2606061352481532,76.69182364834806,452.47231945969696,90.04167168818539,2.2801955384077846,3.1635126262559883,5.470712082605572,2.5198885635039368,2.853930748845841
E-0027101,2.1593789114887656,171.50806068369724,620.2178234406399,61.86658369233483,5.196287497778516,2.9882955238648274,11.937615189309293,4.744411407613256,5.650271128649221
E-0027102,1.9400698276198522,267.5208583424556,743.7453063761928,33.306457714019665,2.7863239864638283,5.436768296539871,25.281962516324693,5.923428775986193,7.865035580934164
E-0027103,2.215634332640944,251.6167788805116,841.5267339852809,44.59755806642282,7.84921451304938,2.7189997170004347,21.128168514023084,6.135311383760865,12.73683175383004
E-0027104,1.9284206025078474,284.3283871584475,788.7730660526568,24.83301109820502,11.195656234143941,1.9765506656713465,15.688186786086133,6.890320902111803,8.800439095771415
E-0027105,3.1370372475732586,7.898419212551388,64.41561715625781,49.636999430699944,0.0,28.26237312771047,2.352395785715474,0.7604191379327719,0.29485003763106676
E-0027106,0.9548231988555371,199.43344749667253,62.69568955303291,4.7168631625863995,2.9603315594346684,8.11648592783799,35.816259344223575,16.972802714238433,18.698905276685377
E-0027107,2.0900306890488753,8.818256486671388,189.96909794454822,30.948315835613787,0.721233254385075,17.844543518983247,4.811625004961047,1.2917068730507544,0.6305823467600774
E-0027108,3.2625813300305326,4.108486480859581,143.13567938094434,38.76148181750594,0.2957283514029706,12.909347806095218,1.4506406711434134,0.4080122682448478,0.0970374879063134
E-0027109,2.859416458777071,103.38895001278932,171.45758810031688,28.3623349791164,1.1558267257592978,2.913929738958112,4.5576245478759185,2.4740813802198103,2.391742922646782
E-0027110,2.9086257193346903,128.06423156534703,559.5144640952658,8.177534298947455,5.206945620972057,1.8700108361788306,12.517277665787173,3.5505525931288946,6.866852238000884
E-0027112,2.333759190036194,165.43759296925077,885.2225705237129,18.805785856069857,9.155430565012793,1.8155425069734372,25.59448990046095,11.84916634290396,14.310137375670797
E-0027113,1.7506001983493384,144.45719495331568,549.6602744644897,9.118586816338874,3.1348342385439456,3.3820229774956454,14.560699803691028,5.911136010823329,7.5374656753908935
E-0027114,2.6072349835737323,7.504201971003946,152.0364562116258,31.145128216075637,0.16196894731471806,28.652860619627198,3.906976220962935,0.7173360015118836,0.28120597463756375
E-0027115,3.03619659446109,2.2170287232247583,118.85118901961407,29.697631786941024,0.4116175091330334,14.196775553472937,2.3175260281758088,0.49937939903904716,0.20570695737685257
E-0027116,2.9362550231630573,1.8655398497641733,120.98852960122379,30.79578499828872,0.48546272677197816,13.706098504018515,2.4900446100356555,0.5906692946074072,0.2631439745822294
E-0027117,2.414124159359331,12.444955764176859,198.6428487421038,29.925045885359527,0.49430057990615484,25.914336771474566,5.421636432776543,1.3881137227330353,0.6546634620393623
E-0027118,1.0524591199845876,155.0169029933563,5.162288344616512,5.570539821014048,1.5296227863061864,16.050591277578178,25.931814451626444,11.565775942561695,9.465391219780336
E-0027119,1.7850602092909653,119.49769741491438,208.2443746587772,11.15851274348671,7.7970801667236875,1.8992213274899565,14.074517495855707,3.39341364798248,4.718097751195361
E-0027120,2.179024405845573,145.69718054388193,560.3883445002983,8.755735164644845,3.06956430035913,3.1590266660839674,12.325086889422147,2.5644697451972274,5.364140633575923
E-0027121,3.0702507687936635,50.78723477191842,383.7222177255577,44.064198145065824,0.5487662614862026,3.266766845779177,1.5831668475965774,0.2475273749589779,0.7104385052110075
E-0027122,3.219290513402452,56.89707633892259,463.84836821787314,51.62691223676761,1.3404536712426034,2.697103073258479,2.527944845641372,0.589027070566978,1.2134905642931373
E-0027123,2.8014649177632647,44.90571644075911,491.74251162635335,76.20162259533504,2.375833649083161,2.540915824936492,3.8712341493754825,1.3375330112384545,1.8067976236234964
E-0027124,1.7506001983493384,144.45719495331568,549.6602744644897,9.118586816338874,3.1348342385439456,3.3820229774956454,14.560699803691028,5.911136010823329,7.5374656753908935
E-0027125,3.010531069823717,101.85057315827629,717.8979901459525,54.45492710301333,1.35505660676421,3.9725015292088277,5.073706658424236,1.598969436487261,2.106026167332049
E-0027126,2.6157433637803473,5.190809536638434,64.14765996309866,39.628916523293306,0.3549344192432908,26.266172021464197,3.436395859810678,0.7885829470700508,0.31542383484959613
E-0027127,2.6014058339346535,9.284227985131647,173.97768452757538,48.74271941920249,0.13460622850900486,54.295490519782945,5.887859862054618,1.428937734399639,0.6319729899551517
E-0027128,2.6014058339346535,9.284227985131647,173.97768452757538,48.74271941920249,0.13460622850900486,54.295490519782945,5.887859862054618,1.428937734399639,0.6319729899551517
E-0027129,2.178649611890313,5.207914877787163,145.61852243445534,59.7898861752664,0.2775765765795616,32.5951354307293,4.590025415783543,1.2809188028387353,0.6706961843151843
E-0027130,2.1975039129547396,42.06518827732317,222.8318663312465,13.661101740355214,23.498968785245385,0.8935979597194714,10.164159119123491,3.970846114778459,6.808653317504941
E-0027131,2.190933598011637,92.28233349023941,621.5513986985383,11.4428669762955,7.137331307570613,1.5373813854819354,6.293770884118385,1.0069392098980487,2.3893351449886153
E-0027132,2.3001529172060398,146.72383170895034,438.1641854209347,38.62032187286541,3.847778130319252,4.670728952256382,11.160042822193871,3.505733768949106,4.703887248143368
E-0027133,1.8637412889685123,95.6518913611416,470.9612491964813,41.4023254982394,1.424232425153741,9.33667915818174,13.297081051660477,3.6300256600802876,4.072649372984204
E-0027134,2.137974002710492,85.83687438794462,550.0772288275953,44.84634684715494,1.5901143145064078,10.233200014791588,13.794054190761248,4.218070270745845,4.427959662187127
E-0027135,1.4356995442151848,296.5578429746696,435.5442959745635,34.90877242778079,5.484465442133687,5.010670028328316,25.55810644444153,6.717971215168717,7.945677633564347
E-0027136,1.8125407992723774,252.5118798218726,516.515758691782,38.65508895110443,5.461129584073736,6.042734668972675,23.01215718338317,6.127295313122001,7.664298991130005
E-0027137,2.235494070538357,131.07925634050326,616.1788328386125,21.217802001776484,5.442846470448549,2.157225766399057,26.347627080532217,6.252361346637093,6.840211672324301
E-0027138,2.7746915794149727,100.40268408080665,580.4226688053106,83.76886248156735,2.4690671681960517,3.6368355321703953,7.200748265211843,2.5085196457916354,3.059861138149682
E-0027139,2.8950824869312495,22.626783148085092,810.2166898288488,41.74825921817339,5.0017718901516925,1.0548912221060027,3.6579044543133863,1.715118990371218,2.609346737880211
E-0027140,1.106098159227516,235.36975995877427,507.6355561089542,22.839753193101007,6.185211537388357,2.6631753725531717,27.432604588353254,13.725128346183523,13.862325095516269
E-0027141,2.2711558948157893,81.81925345804855,191.82328428685645,62.844861837156,3.039583209214909,3.9896180652432363,8.652104573830423,4.036708475737019,4.176672431866826
E-0027143,2.580263317943253,9.256309608644859,169.65336937136152,48.84692263799675,0.12361856699617642,52.48142036326735,5.421012567861471,1.3122361333224926,0.6574126778003931
E-0027144,2.580263317943253,9.256309608644859,169.65336937136152,48.84692263799675,0.12361856699617642,52.48142036326735,5.421012567861471,1.3122361333224926,0.6574126778003931
E-0027145,2.1277181503206535,5.443653132906041,101.87457895336807,53.72092906066408,0.315978494387507,32.11227657476143,4.772515038486418,1.2369467053052754,0.6562927922860206
E-0027146,1.9672675723876196,157.69163402342602,151.51472880080863,38.00575891676105,2.3276040628004195,6.1366063174005845,17.035144795477198,7.133028094326828,7.656337136508162
E-0027147,1.544448723971356,104.53141694225982,140.70274118525307,31.166300090721034,1.8467586161997753,5.581956760063605,13.564883484842372,5.1564408558969985,4.7504683172048665
E-0027148,2.0192604188677503,18.08827453261868,210.17925683131583,31.140337535352092,0.39290612365382016,28.65302551345952,5.596843044011014,1.5082749715748862,0.704568088811251
E-0027152,1.9130381300011197,232.68867644630956,399.2697873379116,31.676590698021293,3.985675037967132,5.7100372326220645,17.74531975553876,5.819512599473777,8.636113710782444
E-0027153,2.1844511347265754,226.46583564133834,689.114153816353,47.066985289424295,10.001756938762584,3.198948157935673,23.249754893491136,6.401021752308407,10.24461351184162
E-0027157,1.9367350132829226,142.04803738740608,648.7032937010899,33.58800781204719,0.9573139053586696,8.086634386117991,10.798949429680182,2.7955502367351537,2.87981625633795
E-0027159,1.791162501001706,228.9614168058232,1090.7743257221014,49.20740065697558,4.542784498271863,4.421289870787761,20.74319030191039,5.477051680602969,8.704407692012628
E-0027160,1.3813261863257758,194.68308004487642,102.30929166904131,19.360428966062216,1.1678529012678054,6.053237522143086,13.648098220936875,5.621990111832717,6.102317192747873
E-0027161,1.4823554375888677,150.5320776047484,133.1118245918099,32.22717938872302,1.1481896106926766,7.854845848759008,15.257724844242626,6.06340200291268,6.074929550419935
E-0027168,1.7474066563900037,151.65442455163083,96.26689689553484,34.425772161637205,1.14834530382991,9.96490683315822,18.388641129908635,6.991288598306787,8.285416305885613
E-0027170,1.369558088156316,153.7696276102705,119.53443019786982,27.523021031321903,1.3238415445942027,11.65315761535636,21.661327387976847,7.709114943524597,9.16588239980251
E-0027171,1.3823463799227125,171.18187552406548,118.95251522877822,34.57291079814524,1.7723482023871318,9.207605387820736,26.573656969263585,9.19920077582288,10.742108221005486
E-0027172,2.019676036781706,92.76299531013134,236.50939984424747,45.79984242066801,1.9531295698422875,5.201169435170303,8.252272625882846,3.868344478163637,3.768450333906478
E-0027173,1.603867826700876,196.37495204899213,359.92540020184816,32.30478196216182,1.801239788767053,8.118298795002005,18.373835311217324,5.905590989135076,6.960228169929022
E-0027175,1.1995901864179193,123.59514390765624,13.501917271270472,7.502977188327412,0.5899640818694071,13.47523386749394,14.445272791006353,4.000329114834717,4.3898987812105075
E-0027182,2.6157433637803473,5.190809536638434,64.14765996309866,39.628916523293306,0.3549344192432908,26.266172021464197,3.436395859810678,0.7885829470700508,0.31542383484959613
E-0027183,1.6981354782420275,146.17116870030563,81.1179364013599,38.83521270515397,3.4191796194524926,7.170801047303299,24.894740690451,8.45400729907156,11.215216946996003
E-0027184,1.0688429786348081,165.4675344591068,78.55755254250525,4.46743837866051,0.9543350642351103,12.01575358182972,22.110976348161934,7.767271309584596,9.426490231949375
E-0027185,0.8605965541369038,203.40007408332667,43.38649359977516,23.65327699502205,1.1339164173489742,7.786435845779136,11.749683363406078,5.433039212563593,5.527913870852272
E-0027186,1.4458397193396613,162.16158330996947,83.0357539804776,14.7966249762896,0.9687162422645672,6.664058523791826,12.33640904443946,4.425124827990099,5.445740712223176
E-0027187,0.8592921886300477,141.6560375856299,36.493493436990654,18.15565753535272,1.039264009441528,7.2611657381732035,10.52496428330374,4.2183280406896655,4.775538439783216
E-0027188,1.3826732809513271,155.778214396212,142.5981338787444,15.310154219706735,0.7585318013798211,10.613140650957925,10.56244735306681,4.666830275620755,4.806502997721869
E-0027189,1.3826732809513271,155.778214396212,142.5981338787444,15.310154219706735,0.7585318013798211,10.613140650957925,10.56244735306681,4.666830275620755,4.806502997721869
E-0027190,1.6062402262259132,166.67773383023751,162.77477180998528,38.341721368550104,2.5998223819695028,6.090008010637439,29.735539415786114,8.122409720267495,10.200297450495032
E-0027191,1.792291100088906,188.92054265754598,560.565106815933,23.243681535451298,0.9913460574669244,5.952086010992269,10.090840360677017,2.6759354501731902,2.865390703849692
E-0027192,1.4263525534273769,147.74137435419155,93.30890235615973,9.383553134060907,0.5945684455584341,13.790863412053424,11.953078443204305,1.8847061221923007,2.276683104183897
E-0027193,2.2312366379287787,138.16411772947015,690.8692017503039,39.77646845540065,1.197756335175087,9.518120791318083,11.666496735205472,3.6582530851408084,3.5763528732113885
E-0027194,2.596404147317015,158.4256767417675,765.445912462881,61.52233679317363,1.613683048503003,4.233950197705481,9.28871410201783,3.336491842519565,3.2177424458250545
E-0027195,2.100000734647968,186.03206083916984,333.8348711547772,29.556733349175705,0.3199494082702991,13.49599451980626,7.400071272388867,1.7637816339934125,2.0628594871621213
E-0027196,1.5213578119236923,205.65224813770348,265.34018112582936,39.45240304425761,0.8836549719415837,7.908669026668008,9.768777398204037,2.8684533027335646,3.642396385224245
E-0027197,1.8460043672934043,155.10806113805228,475.0200485159756,19.068430920358136,0.8129496424132547,7.085010601208804,9.178930105359806,2.2361628218514227,2.773156250478731
E-0027198,1.5100085075596361,178.1476407436677,197.8005818646573,32.78127198403929,0.8372676715117106,7.955887237019906,9.160039357270927,2.4669826084653166,3.367486760598573
E-0027199,1.9144793075509432,163.85772728485315,405.2647684573701,18.970308026308157,0.5031656708088176,10.337590469258446,7.735250729002559,2.338141262651041,2.8693713171149557
E-0027200,1.9144793075509432,163.85772728485315,405.2647684573701,18.970308026308157,0.5031656708088176,10.337590469258446,7.735250729002559,2.338141262651041,2.8693713171149557
E-0027201,2.5926070146460876,96.31875061135916,744.3187255223659,25.424901020041137,0.49408323537353493,10.866825242404753,8.7971134333254,2.1987656096109105,2.547833401113809
E-0027202,2.06500315422764,170.16334978716756,639.185611543035,41.77208837996204,2.3296580436517864,6.557061868317926,14.731563849754885,5.626638324243433,5.2632601072394145
E-0027203,2.0641461233536993,100.22010913117357,259.90813495862335,50.85812820247929,1.5391078113338719,10.453136028519813,10.400289055211898,4.634792065192843,3.9106180532050985
E-0027210,1.7671292887459913,92.76557819592465,135.75590489073755,22.602215939515972,1.4057855888823154,8.038510196292476,16.57517609840916,5.367756216641778,5.427787813706796
E-0027213,2.1566043580019,126.9066886775492,474.5544744314313,50.176822903923366,1.8355603737879056,6.860748424563351,12.376355738540909,4.587163271703399,4.319624440312679
E-0027214,2.0872589021155994,139.91251477204887,553.0216270086844,36.53111207850553,1.9628118961662406,8.998333939718892,13.656398403576787,4.7733805643179315,4.66148033664652
E-0027215,2.347478069736436,148.54165696415245,356.9212691318968,42.159884696764244,1.2414633480433115,10.10678984959518,11.383173835674738,4.6646092364913585,4.515524557806621
E-0027218,1.604325154612145,190.42303376604153,313.4965629223404,12.848255434391213,0.48462440521060623,10.988248915163313,11.773696963417228,2.864415592859908,3.7771093159813156
E-0027231,1.8309135061846853,158.5288292059122,251.7670479068506,30.870468243148544,1.7908389042000787,6.726828226885012,14.150605437879653,6.615428094337683,5.434643531868669
E-0027235,1.7628883141436356,116.3534568984785,110.14043371770305,72.52382149052393,3.479527990587394,3.688123877763299,15.8144991145062,7.612094070448533,7.735452120812453
E-0027239,1.0953126664941515,183.07906163659393,120.56636023617578,24.03067567442239,1.3227530981366327,9.077486308723493,14.81431293081455,6.77247940242033,5.743641922190495
