Molecule Name,LogD,KSOL,HLM CLint,MLM CLint,Caco-2 Permeability Efflux,MGMB,MBPB,Caco-2 Permeability Papp A>B,MPPB
E-0020101,1.8958337895970654,81.46032676722787,7.81549371785512,12.04957399592435,3.3783733280512167,9.648760853844534,4.354277658305066,8.328538458950622,31.69420744068461
E-0020102,1.21180152802157,138.42793023133578,13.69333076614896,12.42097101400274,14.239933096734156,4.777630988683058,8.202434741769624,5.766932662800966,34.028609371052504
E-0020103,0.6245731376138575,218.65365909830433,1.1980385309255044,4.817290237581928,4.583137613828466,14.580381326940092,10.675143273443787,6.794286064585043,47.85469450367981
E-0020104,1.304917525467245,161.87457334191467,7.670580579725981,8.12149150875376,4.864309369675949,7.732525433872681,13.014773408025759,6.580877010351294,33.03307946626424
E-0020105,0.4737083663639878,281.28424137641815,3.4172732541485,3.9210268529358694,4.763710715610817,10.715927404735048,10.91301390555851,7.445046294425607,49.89015766172338
E-0020106,1.7790373426383608,215.283772287514,17.66641323209776,28.43507386405628,1.9976574144096273,7.422433219868484,5.15177771736301,10.606718746575313,27.398774876469666
E-0020107,2.3416634935776726,180.49699302683385,33.38630482850047,47.85619357424977,2.3948874070757076,3.886688935024825,1.8622117461376406,6.928420386192083,9.963811152067773
E-0020108,2.4519806645849203,13.457472298464978,15.991115841951133,22.687504453769826,6.122919698370019,1.3183301056233847,0.5519696538349702,4.631186960830977,14.075077467876254
E-0020109,3.1723739530945085,47.375748287429225,39.582947495236446,51.64180351945076,2.445793122540539,0.2076199111365328,0.17446318938228,1.4180478614541472,-0.9690832031929324
E-0020126,3.8573563229617385,47.91231541478116,64.31207452746202,705.933045974951,1.2941562289310806,10.931885668746286,0.9855834961348339,7.116526285989785,1.956180632692501
E-0020131,0.6773060757880485,144.3209193135647,2.27147179945827,4.160866339304855,8.529915159758445,4.30975476613737,1.8529602943004635,5.898514913927007,35.450722541939484
E-0020132,0.549527134428516,266.0582198240113,6.0921408899600635,32.63261951769369,3.350834702454595,25.250858987830775,10.021902843164547,10.340231619298416,42.05007522674523
E-0020133,0.920102134271882,236.91792774613887,3.6146481196588875,7.363883299836788,8.96757840542897,10.10980915807361,16.65977434540054,8.279641043719732,42.44693046202478
E-0020134,0.5952233737352787,208.3400212055814,6.847389502863627,36.75036994298487,13.547476428345682,15.540266019110557,2.40229113701236,3.523318406380114,62.1404124371418
E-0020135,0.8951442742944207,205.4777594883376,10.478089241247998,35.915226005786785,8.577284573987116,11.173977043476727,1.8567676856330344,2.858131549438974,51.908446878795004
E-0020136,2.6385881955139725,-18.706355661540083,32.05359105188981,58.801327803944005,13.430144180181768,3.469711963207775,0.3153889094859045,0.8600013357343543,6.140309712959652
E-0020137,1.305905767508957,125.41518649962444,9.364774152315185,21.652862231058258,4.272030790353379,7.885492009031172,2.824979781194699,4.850112285205803,37.92198774521705
E-0020138,1.5302387814881084,181.2175621913876,5.623745006186508,9.769811993456056,4.947002017087288,12.448569612399224,1.6053604207443313,4.776269270320343,11.306042528394945
E-0020139,1.2757890061367558,237.87464164160693,6.886392797598763,5.448490867465221,5.7432223151135045,3.972385883352161,2.5823099235927787,5.575281146349106,14.220484287790878
E-0020140,1.4336591755883585,243.11871850047467,7.906969225874067,4.644304109347125,5.782069376241278,3.738368347046224,2.7228512458259893,5.3854654651167095,12.929929026766855
E-0020141,3.646094340434435,-0.9983650158816058,28.72232570994215,8.375908927507279,6.2837558992766125,0.3780930823450124,0.12494900949261216,1.7864343917357224,-1.999408961644365
E-0020142,2.2423736096209117,55.285350315939304,5.597983727243791,6.7435445709946125,12.281360563662677,2.35950685864853,0.38378589384382344,-0.5803944506521675,18.011079361834597
E-0020143,2.4890505145609536,77.62074661941213,6.075932430162451,6.692222138667277,12.878991870293943,2.030853723585014,0.2977370127378901,-0.6894067019609571,9.185295633742241
E-0020144,2.7013352803477035,25.189923055212127,11.925823501354705,22.551056185518302,9.722484797303103,1.2831257451867941,0.196083899590109,0.1351601574668968,1.7528294861363432
E-0020145,2.3903721469998205,14.815140701568723,7.219725231093225,13.597500514742507,6.9641480263196955,2.888844496297703,0.773817407165054,2.219893108627796,15.343502028705375
E-0020146,2.54782446730027,3.0736111090371594,17.230487503939933,29.19779405103723,8.280180700379479,-0.17859667272997337,0.5239739304237566,2.8845534219323463,3.26933960364058
E-0020147,3.426677403164158,11.570859096718374,62.11826360069914,34.65434805579343,3.5541945301816185,0.05231388941216501,0.35029087988893315,1.0155818190407304,2.753874571493772
E-0020148,2.8422532898769854,138.39252328689957,39.17895941816505,22.679822748592926,8.196075040826655,0.5509555558444295,0.23634171523309735,3.8462163621461687,4.6615341166143995
E-0020149,2.3960700295095343,142.8827712949098,23.588843423312497,9.690060228930758,8.899966485989095,1.2960997761785316,0.26931732901938565,1.678114154088868,6.0909877892683895
E-0020150,1.832464689894326,48.64192220556741,15.422772743062168,19.36723828232618,9.924333217797386,1.4423503849699493,0.7786828860908356,4.3289563834641545,22.645988057080793
E-0020151,1.5846572787054716,78.87522365272015,21.277376923086823,16.688720200220565,18.908496972364894,1.7412513774559646,0.9829255866846602,2.406663586577108,23.333646161591336
E-0020152,2.5569272349392804,30.120235469786447,43.649089474916686,106.43554379265413,2.481510557822783,-0.08821476809987439,0.7203370499632548,5.274045655967179,11.414479737693012
E-0020153,2.170859790763732,37.356968958102826,69.13929257106614,70.36093348730046,5.368731574036236,0.5071373832047751,0.7021819944344136,3.901161624285253,7.898356658703985
E-0020154,1.0990405771895548,273.7512674618883,3.036994886094354,17.70149073429803,8.590095091134508,8.872069997359953,2.376966896555766,5.018525741956097,31.93270446452765
E-0020155,1.0990405771895548,273.7512674618883,3.036994886094354,17.70149073429803,8.590095091134508,8.872069997359953,2.376966896555766,5.018525741956097,31.93270446452765
E-0020156,1.2050247863105927,266.30353371435615,2.6011728091041095,17.39135629580242,7.164915708087356,5.450111935542624,2.138936580409584,6.054963101361214,32.379234001938926
E-0020157,1.2050247863105927,266.30353371435615,2.6011728091041095,17.39135629580242,7.164915708087356,5.450111935542624,2.138936580409584,6.054963101361214,32.379234001938926
E-0020158,0.7679978958043898,345.92093302037176,7.364221516373092,14.629635789687862,6.0750037468784015,5.7699042759042865,2.2380976692734893,5.237001738389105,31.23578984475452
E-0020159,1.09677249483748,239.0201762845707,13.102604907633644,9.103845158021397,5.27293536497833,4.020135390299762,3.7925744519095415,7.682282192424448,27.057214668877968
E-0020160,1.0652301779174689,205.80583293912082,23.27563276757981,10.322477069247642,16.030283165126114,1.3451009913619925,1.8942899800287707,5.78727651815309,25.188007497379758
E-0020161,2.341583173494193,142.63778586397973,48.61358284834188,81.15046605066794,3.717823589721177,1.9729041165182526,0.7307384312939541,5.469550860774071,8.104284610989218
E-0020162,1.71912872539825,63.52177253746537,17.93548745058316,20.429133527507407,4.34117200840791,5.814231350339496,4.288770703891686,17.298014469170447,9.98895742059695
E-0020163,3.0015199920442206,60.39235363041099,18.590452643067074,15.958068624307371,1.4430295345420052,4.231798043229897,1.3822071650679102,6.028887490298296,5.307975962093444
E-0020164,1.6097460649040318,132.3907399957072,17.921172852374315,33.56251345762349,4.4032722501318,2.9817446460141497,2.0040282531314215,18.52446729975491,15.330863486445148
E-0020165,2.4559535077999057,71.71759158769837,25.07927467740385,29.629023457886465,3.0245402503441654,3.0262450754537102,1.5262886378988523,12.864467600107302,15.55825196650691
E-0020166,3.4461654679918476,-6.618960736715809,26.071686067026242,42.22075352659563,2.0220489643684907,3.293380973005873,0.7115353785918639,6.310691621387913,-1.042891083433254
E-0020167,2.41732502646639,-8.564942625837702,17.449466203063487,9.937007529792057,2.1249339730170043,2.407352225026555,1.1691202869271178,11.362306643103757,11.11424046460279
E-0020168,1.7651138134237172,110.71881284030255,6.56487965731709,7.215392845763234,2.5117786352894584,11.516139407699473,3.9980849189061414,14.776417587165875,17.814556553189917
E-0020169,3.7463520615695973,0.8700143110009533,29.780350901361057,94.26383984354779,2.946192958018219,1.9144606317431387,0.7123594280782508,2.9851006604195462,3.2605538026687313
E-0020170,3.7248981292548877,11.113561626147975,41.09200534049621,75.74798172791922,2.6357890101364068,1.792075895686534,0.535465344416947,1.9588764282086726,1.425219307698637
E-0020171,2.848190490747377,8.175280169289689,10.48534676534139,25.60962216186457,4.961060602180359,1.1255563073433954,0.6126235049283462,3.98128237113006,11.85285838504795
E-0020172,2.795871525300628,45.81892989733581,40.1888707413948,25.542951114366122,5.668048501382257,-0.011066773928727347,0.5629630555394366,3.892731969684193,7.306615644336705
E-0020173,2.25452559864159,6.643914883404605,19.79267527354178,7.770861060289927,8.634563075812666,2.076335710513247,0.7252858816263149,3.2295489622620646,7.991363424826601
E-0020174,1.843959544627918,74.3999828510876,14.364438235662503,66.40271483838818,4.169180623699061,4.1551031705050905,1.2648773392648398,9.856308584876803,23.237215078556975
E-0020177,3.5355490422387366,80.27301262347859,137.20417798937515,452.67504488971196,1.497478494738766,9.770858590444895,0.6965576770786516,1.691400700798269,0.45944293335963493
E-0020178,3.0400585985160835,91.55904342089089,41.55221159356357,305.46422000965157,1.0366295730802182,9.320369016529607,4.119144777201615,18.492214700824576,2.485444125979056
E-0020184,3.047245263925376,91.48133800723531,59.870698629497774,661.5842899950476,1.2925707033215892,9.368738137982863,5.5310940212761714,7.941421287921174,9.629922635467118
E-0020194,3.7950832413946167,9.085365143449874,52.884037069018746,508.69237013572973,1.3198717518282361,10.829585587807337,0.9256916697490973,7.776662986332902,2.8831883889262238
E-0020195,3.7637315995998,103.71079592665077,29.07306915473088,471.9987801325894,1.0251692197212792,5.431889178154727,1.0647277806291342,7.517500414010642,2.5017091577412764
E-0020199,1.0059269929520613,104.93793382579668,5.355136909000211,26.292454483361617,26.49005291495736,4.2375157237119465,1.4642448840018802,2.130242855292357,28.965420275011923
E-0020200,2.938100314839636,13.78418449054888,12.528863356841603,21.668992817369883,10.280803713989203,0.5798343707494347,0.1884267224049975,0.8946173879521147,-1.324493743966472
E-0020201,-0.3320946234256708,239.29421583442084,2.7133120392606034,1.798535894172236,23.338718761534686,15.029808354918048,3.225870559279378,4.157839848164724,51.09018278964103
E-0020202,1.2747371932879565,191.43992029637593,3.8570678014036845,6.557798328009616,7.862547119511706,3.8648985722991993,0.7655975335158708,8.027626900709407,17.04551455728448
E-0020203,2.954507849727509,6.869996318476021,27.643687371974927,24.187017204820698,8.652852333510642,0.09094458467421623,0.030900869398298045,0.21867998150359058,3.781466051911641
E-0020204,2.0203206957815047,37.24549105157529,5.738248440520381,15.043690699199093,12.69187712438189,1.7478672815696572,0.5146613886994915,-0.8755186405393087,11.08952681609414
E-0020205,2.64823326966187,17.886157353316037,20.43444152432515,50.34979025667513,9.805851603176452,0.34639576081882456,0.13099616773306771,1.63335265054692,1.9210614049382617
E-0020206,2.5754548719327452,83.02826047567494,13.457480345222166,37.789868267369044,6.941527070869204,0.8605385436190705,0.22645374515529465,1.1429556733698596,1.9940023035595957
E-0020207,2.528172106749086,17.26715169160086,17.96004572136839,21.812041897295575,4.869204133156857,1.9232881626315317,0.6733617821868182,3.508083380491793,1.9685305269122528
E-0020208,3.1026071751563045,7.850274349914762,30.23657424108376,35.09254861076406,4.882534847175033,0.10518437658848394,0.048924171535665924,0.11328821606907932,1.059263598296065
E-0020209,2.234037699819003,165.91388011524614,35.05194312985331,21.464158109385444,8.535410303760079,0.7922575951693971,0.3396767010801878,1.9594175887265672,7.901877903607511
E-0020210,2.273961468083505,86.14530499904166,19.987401492873868,0.3939887178292711,9.124147218463156,5.267321211131417,2.679662850400719,3.252133710772561,34.70242208009993
E-0020211,0.4888736354768025,256.8300920081177,5.169905767071852,4.184605808650525,14.862052973657075,7.185434135077783,6.4051281864332426,5.57516471136432,52.33316359022321
E-0020212,1.6274470511898371,201.882014125744,25.20553876647253,34.22588290173321,3.13801072107164,4.557828930767535,2.2911562829350727,8.364593656054556,26.41728793585455
E-0020213,2.1487027749317194,106.73990433039467,10.311088791452136,13.985755216903483,13.128603885800617,2.013171634771796,1.953817570074913,10.175570813401185,12.631427230715174
E-0020214,2.7229748138021344,104.9139951336614,24.694262077422795,11.500632450927867,5.432675009170596,1.3776005055282634,0.41179952417095456,4.112125596234204,8.403116538256572
E-0020215,2.866664796759424,33.307631698274726,28.03385972129002,53.02346132236904,5.927120528612842,0.30379707568918074,0.2765214722592387,2.9133805839829647,1.9424708059381957
E-0020216,2.4202787793924347,7.839202066560866,30.53301955428248,26.97580342220617,4.941648879431475,4.8046587388530355,2.457586444838136,5.929336802125128,8.963943047653343
E-0020217,1.2304382331673098,151.65470357832316,4.694012178121468,1.6763399718069312,5.895461338339792,7.949011307577901,2.5823944487819483,7.16766648424769,31.781409240349962
E-0020218,1.867412719920001,109.33583316317903,14.737649043742191,20.682407673441382,5.4688766881965725,5.4660738360844014,1.8535887340496988,5.538556412367106,29.669019841659154
E-0020219,2.840797425460239,32.33252517553724,12.044940552441384,11.239691365008616,2.834751755806888,5.384104038731367,0.662025479624629,8.626527558166579,3.5385880220321764
E-0020220,3.099198660952994,13.153051247590962,46.986093115547455,75.70869512298965,1.3062052182598047,2.135910338777226,0.8867485813276044,8.160701178267818,4.694385120872564
E-0020221,2.316146284618672,44.07676783017147,28.143738703439293,44.316306313274,1.9121133742383232,4.070175599629131,1.3510580823348184,8.535551838188441,17.15431094635717
E-0020222,1.6605293766498823,65.44616876033064,10.963809959864914,6.59046208135979,3.192608443618698,6.598789603317899,2.6690894756955426,10.756105092758293,24.49336829806718
E-0020223,2.8628621175775026,38.281794756926914,28.117019742316266,40.01673093621517,2.58989959295138,10.05063823576659,3.0047072496901324,10.430782763712273,7.3731398641235595
E-0020224,1.6593934585302845,-20.35286886938765,11.675695969600163,5.858300987335032,11.050300844353549,2.0475405174266927,0.47619302513341144,9.592731843643449,21.61902099006923
E-0020225,2.3605020201154234,46.943331290849386,26.947371590114006,22.58976597226425,7.718653645985945,0.9441185937186758,0.36668351955515105,6.954847361366486,16.512595909105663
E-0020226,2.3462633062188596,5.429834548290861,15.371499120226625,7.288210163114986,16.000652670238548,0.6340868954850747,0.14090369418407303,4.237463317058365,10.34854825366166
E-0020227,3.4625188763549075,6.122373529786872,30.76633182840675,13.292175508069125,2.868534530682541,1.2348571543919498,0.6129079825312657,5.157166335851851,1.9319471807070447
E-0020228,2.351103933033507,27.170498751210605,34.74415868655857,20.389248383804155,4.955665144035757,2.1238784221737386,0.8082988124387264,4.441450717670712,13.858928214727461
E-0020229,1.3643250075757543,160.8656505976562,7.454196271051942,3.456997752739545,4.525816257155327,3.706714662409572,0.9577326296786777,6.799626032615921,11.353638025084422
E-0020230,2.49095410867504,133.1756138843471,25.35840426016206,20.940552827228846,4.557994230484611,0.9454103839976954,0.9402695293857507,7.649865200509677,4.671369161635443
E-0020231,3.1179692105567662,53.59235126350575,43.78482628767579,18.77253721691953,3.3737597912356256,0.878737715548939,0.5024208365169269,2.9381872913853484,3.290198443420259
E-0020232,2.5901463980472212,9.12459911636434,23.497211816088896,5.683952900576918,9.970961543860822,1.802565891554976,0.7134080353847709,2.072352987935213,4.413442566620228
E-0020233,2.94697742579162,44.27800546180312,29.52170958986308,52.12620604958379,7.0448171064187814,0.25074789658307534,0.1382933034213163,3.0905587325891,3.1063086260633477
E-0020234,1.2029033931568713,114.14491722225102,10.692141448500907,3.0292601936008094,11.150759884884055,2.61960971934991,1.0500515744238077,5.1792875558046605,24.951296977039743
E-0020235,3.0123837798828426,13.856742362143013,24.604232855022246,49.312367914744314,11.13737993366839,0.9140444705541478,0.2618748604817251,-0.1567793815758035,6.072545087071747
E-0020236,3.4476679820186167,-19.282411204499844,25.121265999316748,96.58004917676347,5.4608617688208945,1.2496838798525296,0.199657372939177,3.860610774969609,5.245306409982504
E-0020242,0.2857260910934947,238.36484083171192,0.8216747866119741,23.524287040914327,15.423836966285217,22.462420906992136,19.446644696148276,5.573397629768951,40.855805365384015
E-0020243,-0.04993396797937732,229.02193032052065,2.429178915881055,1.1124202073932161,10.755236540614042,15.468019013064502,4.125298477535891,2.6973919905223225,46.141304261730596
E-0020244,1.2590650701583876,68.65601899369423,10.55538988826678,4.557659623041937,9.372922216660307,4.778045855038476,4.253489016322935,4.2603155417240455,22.074852131380233
E-0020245,3.137781907872642,18.09237819607047,13.461252564386927,34.88568135155937,7.996190525687118,0.4614724725298009,0.20451823579319187,1.789932440743535,-0.35449464096631256
E-0020246,2.587378234541006,8.959951975720506,32.442030739134914,212.79538964861655,7.877320763186105,-0.22540836544319343,0.0127178151976847,-1.6100029405284249,0.24892529316471812
E-0020247,1.3976408056955134,131.46770189230492,7.253686909573308,5.5187836938444415,30.181021387268164,2.138165067975461,0.6061845027230133,1.3532398397708896,20.332832649149644
E-0020248,1.3976408056955134,131.46770189230492,7.253686909573308,5.5187836938444415,30.181021387268164,2.138165067975461,0.6061845027230133,1.3532398397708896,20.332832649149644
E-0020249,2.454965219722881,19.36881530130486,9.616048576826223,16.9479530894415,7.338967140234173,1.066155063303211,1.1472064488845164,2.999179815708583,5.588067080542725
E-0020250,2.896606337165966,89.7468641391434,31.469669600120536,125.22279991517232,1.5487992092861298,0.8803385625920824,0.7932688105597706,7.565074965178489,6.062521008833091
E-0020251,2.1638982970773792,-10.23599293124564,15.80699095866393,22.746196626986816,5.227737344901936,1.953304352981255,0.7408235108115704,5.4454521194670935,9.945296076791085
E-0020252,1.80474337070848,3.3456913538625344,14.772446457411755,23.865617532882926,20.769572226264238,0.419086072458804,0.2326420354054835,2.727184788555102,11.564415868988707
E-0020253,2.4356029152040852,-20.467226542340438,41.31587129957044,81.93144993512117,3.3182117855046607,1.4626088202330383,0.5836182632881274,4.032023467129697,13.699766774469257
E-0020254,0.7479967718225685,173.68269835076507,2.7127623376687677,3.383468019790269,10.927551480510992,3.996719555122586,1.2026281712936138,3.017335735477936,31.401057108650743
E-0020255,2.76049321239701,106.83839252036202,24.999694869801335,11.436742110293793,10.410304950602649,0.7745577808806584,0.3283273145323911,2.5980758101063843,7.862215009602266
E-0020256,1.5726162254981422,125.82959180293321,5.921748945943992,9.619439984755283,9.217596609663914,1.6171838625864847,0.40151171854656814,1.649407228877647,14.316747820260208
E-0020257,1.275706990798568,169.8726824496307,53.12951623203221,43.14397248053915,8.10120414740668,13.061582532005813,2.4442588149495554,6.334233542438482,22.468659902477466
E-0020258,2.174048825704328,99.78986465439658,20.102647126827193,60.58981429864591,6.902275454154502,2.2176843304213874,1.3018255881316072,8.79983507055865,15.16319539395421
E-0020259,2.2513021380621208,112.3968399899445,11.315009343515527,3.4494431309805154,11.473108142114231,1.6284674144501543,0.2805685197291555,4.936206600863175,10.814075530412753
E-0020260,1.8767341997936886,91.08325585090537,19.974237047395526,119.66385027213153,6.9957700750303715,2.144846115209626,1.199125356130098,10.73215646953264,27.758851277408738
E-0020261,1.1579602732307397,134.61430917642178,6.305719935080502,5.484851796733006,4.576456071313059,3.3490974676337992,2.1754384226808003,11.263519715290418,30.579086512816726
E-0020262,1.1705227923138826,149.74880790157053,13.979421226136916,13.567901032933534,7.099634027268352,3.4967257230924713,1.0710347041009383,6.727901704237921,36.067307136657604
E-0020263,2.2011531382812453,77.55061267570765,32.58463414091553,27.015565763789905,9.96694960359926,1.3560124838018346,0.3787355040881304,6.013972244654942,8.501313481649778
E-0020264,3.230211817450531,-28.74255122014257,16.72412979969654,16.590424013353502,4.919684918713497,1.6492978811080832,0.4952319077720582,3.2583624177242756,2.5857174586679794
E-0020265,4.696277144883706,-38.83605371748464,56.679506180752085,122.01624026423245,1.623385166720882,0.7030398719221461,0.1928538002922137,4.956532811772285,-0.19453360014712368
E-0020266,2.741591360524212,45.62431765845758,22.12315615214633,13.067931648895946,11.261643251382567,1.2381580345804402,0.18736706148420354,1.8882631765200497,3.5013866971190906
E-0020267,4.446218330384123,-24.66735297594426,47.69125247896189,88.4117312278725,2.0867418401729916,1.0978035369958692,0.1069773391134419,1.2522232225387802,-1.7136399157568825
E-0020268,2.6089452115046248,43.64890459828959,36.755272711594124,43.89312199670062,8.020560199284136,5.045916813525957,0.8262628263722871,8.945289884842845,10.70553245853043
E-0020269,1.0530148093515763,129.76816051667575,9.218821294322591,7.362611670481901,3.7365283570277694,6.6081020301499525,2.7848032299443335,10.537435088475801,28.201782938459186
E-0020270,0.45834977594436765,231.86803695406854,8.419844199670198,2.9865541557599657,22.98005718807796,7.685627449421704,4.641957218306865,0.46816191877097657,43.36656996324542
E-0020271,0.45834977594436765,231.86803695406854,8.419844199670198,2.9865541557599657,22.98005718807796,7.685627449421704,4.641957218306865,0.46816191877097657,43.36656996324542
E-0020272,2.9837917782013212,40.15069472259759,65.60349573559319,47.39794700931121,1.4748240288613335,2.9916563306452204,2.017070834256677,5.552964196224478,8.176226179230532
E-0020273,2.265677251000902,32.09680728768788,10.05315155760785,12.187291149442325,5.591783261380923,1.8719759634595527,0.6003770346721835,4.888109281522161,13.881863517814434
E-0020274,2.3548727516810146,57.73270709328126,7.753921883580113,20.592876529925714,2.770534518927152,8.105208198223263,1.6550970836989083,5.540590622460726,7.709259835993666
E-0020275,2.711592761645657,-14.59646833339772,17.182308700599794,14.303829536072298,4.937304097349011,1.680792726950755,0.4996013026614318,2.36555640666231,11.760530927798632
E-0020276,1.917367491357894,68.5723553842763,19.35126639521503,32.35205087805396,20.06070016945464,-0.24154190883412796,0.12581959007967616,0.03034829503037871,5.315415952597716
E-0020282,3.370572751208113,139.3565097428738,32.56691990906601,199.10460658355217,1.234726495476761,4.326086862228462,1.652609643749832,4.101652163830918,6.655760764077657
E-0020285,2.15044878920552,101.71720754865704,20.975496645274433,454.49678820396696,0.9680673053240584,10.042028575931841,11.688577659439646,19.237512772695304,16.08877431395319
E-0020286,2.684818449429012,120.19407950899358,45.51697504819185,565.2465234312127,1.242214354509766,10.980608504696436,6.408771178852153,12.422861270862171,9.033251149801728
E-0020288,3.125754585573763,109.33888996772863,56.279505192922706,481.69975247572455,1.424843733977305,8.493543720729052,2.8303544662991897,15.702129801672784,8.06171986683725
E-0020292,3.403045488607914,134.39708168632274,67.64764558501696,377.25859045825894,1.4019972733867763,4.865508897233166,0.5033582428981076,3.667140728353733,1.1299961407244128
E-0020293,3.9522746957295576,27.040070233165096,76.82427377382277,812.7641430029189,2.08371034287174,9.519572944049159,1.2485360605795428,6.372812062576529,3.0139784158493983
E-0020295,3.115091391529318,208.0755754506076,25.07410933924945,178.9963007694861,2.2064810491149633,6.948388117229961,0.4609127054869297,3.602839893586308,5.366157343233493
E-0020297,3.43107975238419,88.47941722545544,18.478284582543747,170.2987972212511,2.07542991382861,5.649987570311773,1.4069740621646651,4.52412856543366,3.780237170034918
E-0020298,3.8908323907163314,112.88099897399148,29.5236478460735,662.4770638941422,0.9802298230065801,4.25711434212837,0.9955515639206854,6.947158988970995,0.23025201886864244
E-0020300,3.260436988344166,167.87632659481255,28.911083960055244,186.2361834173423,1.2564688916059616,4.934102589913371,2.6391574692976834,6.725995285145908,8.80894081963741
E-0020304,0.6870750590416964,247.63809334621538,11.90119685929465,49.02624206298112,14.407905965222328,8.505845665869984,2.7858442765580786,5.122565944351347,23.99639392929081
E-0020305,0.9215977790897664,81.2123551611251,4.913563735848542,1.5704799848577555,36.47234185192352,11.88150340397982,1.1399222661049033,1.3172217488335765,23.63112755017928
E-0020306,0.44804280995132845,200.0896745169296,5.044550636286454,3.67395339084959,29.86982399565999,10.246326347696428,2.0102688712663555,6.352754546834304,39.30848556237886
E-0020307,1.8338495864913418,64.07627628191085,9.084576052461882,13.365597871782844,7.1245001864358946,1.798223565581116,1.135213575498799,3.6236672080893984,12.11373499549412
E-0020308,3.1986268670318942,-13.138162327687734,39.3334788620333,53.55756378382528,1.8831288375416506,1.2718970250404071,0.5272185313909027,5.258012220437963,-0.3470827122350557
E-0020309,2.584808320045844,2.438750232165357,39.578434029352835,62.117584801884774,5.414042386582515,-0.08836785292153676,0.13056694304154803,1.7472361633824895,2.040647193052939
E-0020310,1.7327676300067762,42.390517565350194,10.95867114237167,7.62915349917144,3.0506066263021125,2.6556489928148355,1.052075471160273,5.079649017592979,20.516088166402625
E-0020311,1.4226997621647237,114.02581877198938,5.696765413947601,3.5051969912668173,10.072852317599269,2.4542894149448244,1.3874127787289563,9.825769813413107,20.671060840328174
E-0020312,4.404077712197755,-19.729750793218695,65.25004744086853,191.12768007860797,1.1055994883483329,0.32530540960992466,0.21807737072758734,2.035358547325492,1.654111405755132
E-0020313,2.5237296501980033,43.109463867811506,27.69823034998455,54.760870552322004,7.140985464197597,2.55459807028891,0.38758169116761104,3.5393900009734347,14.110820131507737
E-0020314,2.4093322186840656,39.89720216349994,40.01609673739686,38.01328204027707,6.972727638699432,3.546870671377275,0.5511309462301323,6.407212510630152,11.49488427081542
E-0020315,1.692756347722113,105.26742173696799,10.276531790695905,6.8938709687765956,3.9221894101298767,5.109549853974201,1.1306279361900669,8.629957728174851,14.711069840532595
E-0020316,3.063536587109567,43.550481182993046,72.00002445461222,71.29540333160674,1.5714928185557846,4.4027448533614795,2.042573408013028,9.914076891341688,8.056906423518019
E-0020317,2.668083386988598,69.04620183378817,26.0946913495913,70.29907406666518,4.35567348908569,4.290655868231598,1.8850985408584637,4.448027459935891,5.4344816151979565
E-0020318,2.668083386988598,69.04620183378817,26.0946913495913,70.29907406666518,4.35567348908569,4.290655868231598,1.8850985408584637,4.448027459935891,5.4344816151979565
E-0020319,2.7780147177055174,64.0787552806864,31.152628095997866,62.01030546937922,2.3889785010618994,4.094615632201126,2.0464515058341823,3.43563272783831,9.299988478622804
E-0020320,2.4149812382034543,70.17895122661982,21.25260642686067,96.08145286832143,2.3024250550209358,5.361864993227904,2.425769044058609,2.7715023831364713,5.608985437395027
E-0020321,2.7950738546442238,88.89931891983204,51.327849631236425,15.290043216155546,2.5569050321113385,6.463634852879689,2.4844987214365517,3.116417631196094,7.043508132836713
E-0020322,2.4317180458583563,108.07863323471788,31.826604197214746,36.5764260194754,3.0089427637762958,6.640648232395156,2.334561780563183,2.2458960001373804,13.214011597079214
E-0020323,2.179378323410895,158.0731583826137,30.811496157096546,12.277070668563628,10.19160422311154,2.5477041813511088,0.6822868179749332,2.770694700042056,18.003225760404213
E-0020324,2.410407324365505,106.51337442273069,22.124111920244015,24.05170317784599,7.396742518814258,6.938403823735163,1.733537585457691,2.5345550745599317,11.233255624866914
E-0020325,1.1612921882238303,121.30220439833113,6.740938455474415,8.936271023067503,8.369844474579704,3.0752993610659694,1.2587290746806126,5.05636992023684,25.04890379968859
E-0020326,-0.04530229900435134,312.711920177626,8.448035916644411,11.118763466793856,9.303990435561134,14.717753571013734,6.449132292991153,1.6783908098339009,62.32485706893635
E-0020327,0.6201100827567784,193.23731179067624,12.919082248716228,87.8553200603136,9.904499161336824,10.762746904438767,7.366294031789019,0.6078011584278421,63.12495284971943
E-0020328,0.9067216400963953,124.29335925359871,4.3735261230867195,24.10312298674581,6.027800865880742,13.546049067275263,7.984451640819797,1.9292470929937202,56.73943361818161
E-0020329,1.0610863815671987,192.82469564794576,6.320265652741951,17.684063548858354,14.371758605262745,4.600851668474875,2.40759771051955,2.6373829126693233,34.40566875702991
E-0020330,1.1535631665448947,145.69929876007316,7.154136889479176,2.2733691662665616,27.674475100877043,2.2543103721359117,0.7063862820544264,-0.5368419914516301,21.97900963224282
E-0020331,0.11890898061915262,302.6602944755962,7.729454976977788,5.371786844842704,14.931260113601859,13.133486810038107,4.179719938988161,2.217519214565936,51.01900887022908
E-0020332,3.0183248439963006,-14.273622384416768,13.014986018309926,17.694756886902514,3.989318008204543,1.263729641948929,0.20932511207322385,0.6309429318820812,7.079161223273989
E-0020333,1.2668691916832526,165.16420320980242,16.055251233521922,26.901853937369438,11.749353753591881,8.819167795165257,4.291290375454997,1.755548678200275,48.274363585529066
E-0020334,1.4674668897299714,164.37044744868658,4.433665693314449,5.023744253136983,7.6425861797216585,4.79765039451401,2.381563728642596,2.051931629737262,21.35521955348168
E-0020335,3.000903666809938,68.74711535300966,9.725169830163743,34.94731531987825,4.011495773518157,3.4388376129877885,2.4924466483433725,2.3529251388323997,15.871991359237276
E-0020336,3.1688731205223712,52.65096950232523,10.024328742432568,41.12336356167642,2.6483008064335167,1.956853150217603,1.6390447819197633,3.1192305784578584,9.97598258352531
E-0020337,1.987635239796413,80.865216565847,14.897029947930806,6.1587762042443,6.291313511073823,2.1339532317410663,0.7341502798348755,3.538288265005034,19.703186448767248
E-0020338,2.8794292490470874,33.604503885758035,29.45613802142185,20.43658912108945,2.5790981362724197,2.598079955850448,0.6690433643106802,4.87876432272426,8.442663497335433
E-0020339,2.127959065703789,84.71489414852545,6.925439517594341,10.265929225441711,5.140977085555802,1.9165356757966334,0.8322685213608934,6.013635396295391,16.475072398653165
E-0020340,3.2742250830116273,-17.474438370212326,12.612744508252698,15.710293924325024,1.4500473589557215,1.7203788964753965,0.33416020788161654,6.44052693562263,3.3709615484666706
E-0020341,2.1237466861664247,61.67375119213056,13.580355046284843,6.595521324359308,3.159303344018733,4.600519772315392,2.551446026576602,5.456002026251706,16.092094852521022
E-0020342,2.9618659925973123,22.866243763585054,21.05656599539534,33.89998637936925,2.281229570705692,3.784301408976104,1.8167635432910658,6.993631056974432,13.666332830980597
E-0020343,3.288384343300721,21.734494684566112,18.202372473348117,76.65515270242919,1.6121022640730567,7.422816400467674,1.1943771259528204,6.630058946050627,6.036351266028939
E-0020344,2.2616330252934347,14.401844331180854,15.585033982854542,8.562692870401726,5.296866061085311,1.997835891185727,1.106509010895876,2.515123032514593,13.37534930476526
E-0020345,2.281160318238181,60.53274663938121,8.868096460107227,11.34993726675387,4.563239333647601,1.5080222070773537,0.611129349125184,2.5608151773870746,13.154389619944272
E-0020346,0.6643021109779852,239.24229038421907,4.775606516897185,0.07995199868773395,19.250437202930343,3.56816231825445,1.406637144225898,1.3748727366017344,41.811563326570315
E-0020347,1.5413122399041232,133.63965184957516,6.313039032691374,10.142783071053818,11.512057052010825,1.798173522488502,0.9619131886162724,3.149162179026473,18.46220083814788
E-0020348,2.6962359512562073,55.55473861748645,8.579037342760126,36.523028455583855,2.91964147607468,2.7515179921836985,0.6406522028042271,3.4896831116649074,8.485232382020166
E-0020349,1.2121638990264778,188.53107121306988,3.851277391977583,1.714270411550519,19.54487400039107,1.9820078555697018,1.065318300100906,2.1155604029848147,19.617256504697117
E-0020350,3.38321583983684,18.597117291041474,30.001608204885933,108.57204803679137,6.412759745814187,1.0964226393266605,0.20109519534498682,-1.4392310947602684,3.1108099217374185
E-0020351,1.2702316776658407,185.9338191062223,8.276170681097014,7.380314168022204,20.17297357398154,2.947884662384658,0.7250776110473602,1.245247348560496,17.686464108593185
E-0020352,2.7446015018332655,21.416384315099663,19.599107646175487,36.17983219325439,3.638447867246912,3.0746615010631686,0.6202426651588288,1.8022874120680032,7.346892870083254
E-0020353,1.1472986432005605,174.5138371434379,7.920138337657239,3.1549980977017236,6.710924354690393,4.913964918576297,2.3421265994186276,8.287945116297422,27.130130729160093
E-0020354,2.5074077852373664,76.75680299339928,11.128181223920864,8.297285252499721,7.074815165625142,2.492160437483762,0.6270385760520794,4.4248497267668085,10.308793261819075
E-0020355,1.5231433969335637,162.79222165881228,5.286208471690076,3.22491502124476,6.8644491585534295,4.282017407976136,1.5654612812493482,5.920327080351562,28.687132963722302
E-0020356,2.494183546516532,61.50316378517864,12.697569289735176,12.793129076396479,3.713122578304993,5.481672038280225,1.0746822578234372,5.364811607407257,14.214558246105563
E-0020357,2.5171440626393187,114.0108755105433,12.650322501152726,16.38140102212228,12.985523680244347,0.49326951064963487,0.10745496380418414,0.021334377461496024,4.127048785994745
E-0020358,2.6669306782900266,138.48590815530397,17.20018363468285,15.829004737236968,12.366833935845891,6.447207867015964,1.5626569860130364,1.2111855637690754,7.657545585890678
E-0020359,3.6640873825170983,67.85166565137888,25.795412749771252,74.39991061274715,4.191944432220356,5.902513079202583,0.9320094906765926,2.1421165142270064,1.2665603378267776
E-0020362,2.7780147177055174,64.0787552806864,31.152628095997866,62.01030546937922,2.3889785010618994,4.094615632201126,2.0464515058341823,3.43563272783831,9.299988478622804
E-0020371,1.1065228054208616,180.35363608303115,4.982961662861376,3.9989436478618487,8.904656239115024,3.8918184127740583,2.3026535590854142,8.07015818918227,17.78481211731398
E-0020372,0.9353772832796708,213.66572064498837,4.052095049012782,3.5317469656081064,9.544651648343056,4.054133036975295,1.3005069416945747,4.749435165215183,26.97644455065301
E-0020373,3.137518393095104,35.82161127536123,25.591480293273694,57.40771235735879,4.73539059435872,0.980417559033261,0.16688327543327947,0.08883121272113276,0.9876762189402297
E-0020374,2.841742634728189,25.75815038899612,24.487698565360596,44.23204287634157,9.932656271680557,0.7140740258174147,0.2399199727043149,-0.8022614937307866,2.2669666698946838
E-0020375,2.4513549443023357,96.91081788270456,32.70438933960172,13.785143168269235,10.674572604547638,1.4420687996973156,0.1676117901789172,-0.09231821032615717,7.1919822108936895
E-0020376,2.6920583101120377,151.92709411066738,34.922661604081824,11.589447637016344,16.735060382909136,1.471452381304951,0.5550194904993075,2.1513591545577277,6.072163616823175
E-0020377,2.5006520147625566,34.838718302712316,17.999078659644642,22.107709593941884,6.487447555393005,3.0685413635454406,0.5023441192968027,1.969019952058349,12.018104041170167
E-0020378,3.7413454704862152,-32.488322709436865,35.073943062101904,79.41447449539396,3.1405186011471136,1.4374645668117927,0.266330213195458,4.351619712557026,2.498975789175483
E-0020379,3.3793544297770817,23.1412128533954,43.48740050879446,32.8782174142477,6.451612529620843,0.9218607812297597,0.26622486588737143,0.8875384571467457,3.573044789461172
E-0020380,2.6360537640955655,135.60382700707956,16.324711550253685,30.074612146836504,2.8264875498008264,0.3074668912255042,0.9620561968651765,9.527169573569175,4.966246965863707
E-0020381,2.196400746711875,105.83283534624128,32.60239843732497,49.10083908238358,2.3518066990275,6.681184961041042,2.613698776672244,2.122683553086791,12.849353209543947
E-0020382,2.7950738546442238,88.89931891983204,51.327849631236425,15.290043216155546,2.5569050321113385,6.463634852879689,2.4844987214365517,3.116417631196094,7.043508132836713
E-0020383,2.93410353544076,38.55554461020934,54.55193455134814,18.398749479809403,1.9621549158073281,4.537336059936358,1.8945067448488506,3.9308326532802766,5.811317811208715
E-0020384,2.978433441698478,80.61276612711627,76.44732909187753,17.164848997726335,2.1423216917979664,4.161688246706946,2.319839540367989,3.872014722531728,9.167389257118897
E-0020385,2.179378323410895,158.0731583826137,30.811496157096546,12.277070668563628,10.19160422311154,2.5477041813511088,0.6822868179749332,2.770694700042056,18.003225760404213
E-0020386,2.467150349766844,152.69134065982288,35.54176648412913,12.452654510418185,9.838527004649514,1.1682000977523241,0.6418557836336215,2.515899163767697,6.6417446699586415
E-0020387,2.6498134009781253,98.85129996873617,15.374149831868532,15.598474046023089,6.0152334988015985,7.121897296594964,1.3917520442128635,2.8093233135319777,9.286586486876729
E-0020388,1.6008435903281513,90.73964693190038,8.256152268487543,21.52909175716857,6.575869363728803,3.1546992816457644,0.9513157817023379,4.535968474669195,19.123666691647408
E-0020389,2.69434270098845,59.18235034308371,17.666427121921576,14.557922816730441,3.413307357295304,2.185149175560728,0.7266051919888846,0.6807968258082758,9.548060447455574
E-0020390,2.678755071893138,94.5288924926255,16.88492493301498,9.992156540858199,11.200188458006414,2.2327677288041237,0.20580709474705472,-0.15207901358657044,3.748641041414509
E-0020391,3.774270985029168,28.766503129876195,35.02022873586185,26.50538499311971,4.5334823298837925,2.0116959428048125,0.20959402785204204,1.6940559478709158,-1.7333540670658372
E-0020392,1.5807368912344388,54.78350441846936,10.394137571840593,7.082361346660261,13.30469671231881,1.727396960951369,0.7701532831409791,1.7086469349938207,13.491804397628048
E-0020393,3.3971711343805353,-8.148742434836665,17.38784983996108,37.250195046717714,2.908494977354964,1.416389738014613,0.25027600210443673,5.225703366381321,9.833380227794962
E-0020394,1.9362409060670007,13.036256894039774,4.250237381579019,4.2080955621335185,2.746035059833949,8.074468234814898,2.2819194808943983,6.845812256954672,16.64786527694364
E-0020395,3.3224647873914064,-0.8702393365117299,13.48761947717304,24.980865439404212,1.4752156909309226,7.138410472384192,1.3873150114339936,8.054201092342614,9.563350486156176
E-0020396,2.232340365678147,20.960331977203303,11.042824347369763,9.830231502381029,8.311536928813915,2.028221532623084,0.5099303194701197,3.565102403016458,12.170367486447798
E-0020397,2.0673158263988496,108.42749536984971,7.346311402354438,4.273072572433697,4.3810490715920665,5.176504221803533,0.9485579879027338,1.7397294567478936,19.07726752991134
E-0020398,2.1995732204454064,110.63695873659084,8.150499535782622,13.995713720163648,19.460208400748975,0.439856876805023,0.2733683558953901,-0.3781651934796618,4.270611892973337
E-0020399,3.218723931824049,17.326249730126136,19.931345600111307,45.32688958807209,7.815568587158731,0.17158360213822482,0.12121794843752177,1.3007500765877533,-0.7865152415971092
E-0020400,1.911161995121556,225.99640508642958,8.185415522207029,6.672273649056521,25.171110608566984,2.5022932463517162,0.5541122036419158,0.5799927192497383,5.5512479310827185
E-0020401,1.2702316776658407,185.9338191062223,8.276170681097014,7.380314168022204,20.17297357398154,2.947884662384658,0.7250776110473602,1.245247348560496,17.686464108593185
E-0020402,2.7446015018332655,21.416384315099663,19.599107646175487,36.17983219325439,3.638447867246912,3.0746615010631686,0.6202426651588288,1.8022874120680032,7.346892870083254
E-0020403,2.052318459178768,83.70710620091424,12.593945182464022,6.1461028402248905,6.188460744734252,3.72906827606316,0.6830312903338984,6.068985867361401,14.265556828635015
E-0020404,2.6755032988627314,48.83502890134057,21.08795738254743,23.082020903971316,5.595421307244861,6.186909612336052,0.9256507128381656,4.239898262724367,8.975748737735366
E-0020405,1.7806396129547082,156.35168088731498,7.759626411208493,3.795780778426112,12.86002304318948,2.228113289949393,1.5651297065499354,4.2564629633076345,17.78255004015348
E-0020406,3.117965216682891,75.01330299687912,26.69656052272427,14.916484166665429,10.780529449689851,1.9271697258610119,0.25846435955044955,1.707123933494063,4.82235856307714
E-0020407,1.4882387228396468,173.21395229224476,10.516721536110408,5.537713925686129,22.269833771979705,1.5316032974024192,0.5417632503421754,1.3224795750756928,15.627776415379296
E-0020408,2.945775394575493,39.9503980426728,16.25470757705922,13.94459120949932,6.613023035380669,2.475140506978853,0.5263732680216644,-0.6296009243879279,11.782697168417947
E-0020409,2.6843306444348904,123.2909538454917,15.494819824569847,12.420172081889186,10.686951580548826,6.862220269117745,1.7596417555095234,2.325979575322249,8.049603510535519
E-0020410,3.64919816283778,63.515230126316936,31.108263987860532,48.631928451535366,3.6337437859666424,5.301399609440513,1.2827042044307007,2.1548617363229434,1.0423323494086203
E-0020411,1.5751529219223175,227.48755139011206,8.437132511476769,9.028314836384466,16.93187155756886,1.615772690108166,0.5031411066369161,0.7710355123544833,9.11798885869631
E-0020412,2.832417472161792,63.44388310146779,15.987164918663797,40.35283679173173,5.187959411682632,1.4952298803449513,0.5216598096466855,0.827524547805773,9.589521083868402
E-0020413,2.2434905536475798,100.8728263143634,15.473535630463285,11.768157134394507,5.309586789329708,4.730663756134927,1.4872739058850655,3.820617435551167,18.030129044666886
E-0020414,0.7478837884923437,282.8277881408082,6.844711041525456,6.113609057628895,20.197245436326043,5.59220682661522,2.837741160268986,0.9490162752151814,31.672174926572016
E-0020415,1.8268843126225183,112.08154659008417,12.09605064714317,22.629735906506784,13.164906542610527,8.8857615989699,2.6345866760927943,3.4262600489209247,37.579045852820755
E-0020416,2.5119790858007573,107.64782330146257,17.7453442508671,18.270426322816004,5.329798686593572,1.668983226706592,0.20216400324805522,1.5604919054140303,4.97966221237541
E-0020417,2.831751765763471,36.367079397552395,15.594153226457776,8.13461063737435,2.253357379750671,4.5456350509867365,0.7382236371687753,9.4174407743346,11.167314120804376
E-0020418,2.6316618599382333,28.34612192240253,6.009088698768442,13.981403401208073,3.3707949941416895,1.7796129699502987,0.8883004395414561,1.2165211696872986,9.51809245384253
E-0020419,2.0024764854313046,56.75366485248584,6.437509646460678,7.750365852874959,13.67369907247257,1.2001591256256372,0.42191453340366825,2.583179978457267,14.42841444167898
E-0020420,3.34255345976932,-6.864731345962207,16.163402828314805,28.479008521551496,3.278540716948556,1.0259032261562953,0.2512212131239658,2.185259323326962,9.990079591211536
E-0020421,2.1494839836115074,31.117484258259545,35.902392912365976,17.671067907846403,3.1607656474977475,1.5475598178387326,1.2874254455735858,5.396807431516852,14.088141759523392
E-0020422,1.964204575710525,119.33733346061949,5.319151346930095,21.685806691751118,5.843878710119746,11.130007899160933,2.409093222326715,5.086143418264089,9.77212955130323
E-0020424,1.5234782173827388,205.229860095004,1.837877958323495,5.975183068296227,7.433929510873129,4.9316496524248326,3.1788060823375477,3.0439441622689865,22.33259619924518
E-0020425,2.154840385691164,82.12674123933645,13.993415975127538,28.79908599936326,2.10772009171728,6.285563291857395,2.74857339092484,0.9636823469577367,11.68656292670524
E-0020426,1.8250192753774652,101.19775155943948,3.7523699116214257,15.015361674909377,6.965325232608672,2.6976667162948065,1.325995360400318,2.362781959637579,14.993096403618177
E-0020427,3.4394047644046832,51.279322022508254,9.06916917474569,57.58248696086528,3.3894863610274073,2.9245086251091728,2.466931576376226,3.236122129089969,10.41292072649318
E-0020428,3.4394047644046832,51.279322022508254,9.06916917474569,57.58248696086528,3.3894863610274073,2.9245086251091728,2.466931576376226,3.236122129089969,10.41292072649318
E-0020429,2.027179362328056,162.0358625838199,3.4836232481985245,12.15030130295896,8.150087146194096,7.694832166600769,3.1003527391360457,3.8009986876156026,14.038124594283083
E-0020430,3.401062359346229,52.752732160392156,8.459870980426945,71.85723144346645,4.737888580122641,6.159929256780351,3.6764373487150728,4.722124664981881,6.6783021397050835
E-0020431,1.4237720103927787,230.34389183977802,7.730056620191483,12.40220850844716,22.780917175446117,1.038198669989861,0.8433951228830268,-0.563955495281366,12.4390972868647
E-0020432,2.799730807986765,38.963238010738195,6.564840203069801,36.20716273732304,3.8177030662258793,9.712226006902801,5.843493988328815,5.558708936756741,19.454698627888177
E-0020433,2.9600976814317885,11.49683699598047,12.562881476170777,94.43145136460339,2.9180655056555955,9.15660299265814,3.1276644553088566,4.399729969911871,15.862019020866038
E-0020434,3.5918273663898814,-10.559973369547167,31.285990081874328,173.45834765996887,1.1839888922608435,7.105354814147018,2.8713352050488536,5.556263138919861,10.37405600734886
E-0020435,3.335115980819629,34.27273318642875,15.608714837244605,96.86199974932698,3.046551982140983,2.0190137951353613,1.4130559237537328,0.5186649941633555,6.897966902450429
E-0020436,2.496143031056766,26.960409369692993,7.595636070579091,12.312371066170499,2.0638799543138653,3.0584143476920778,1.2949364221091777,5.0055431017001855,6.657123752775482
E-0020437,3.118878520093709,17.877038291580607,15.277722956805661,74.74040589205734,2.9996191589191605,2.9459155706699542,1.9622571154856565,1.5846797140067521,2.9745553040685135
E-0020438,2.966541231154928,71.3513531725829,17.357219304014194,83.44312450095003,4.628225858048844,12.052027151226689,2.309882869332838,3.6518118142207947,10.377819553166848
E-0020439,2.9357402471636678,62.80014114296093,3.5859329963936757,21.326826111818537,4.703817458446265,3.495165617742388,2.529425913386733,2.1721700112956777,15.691219784866417
E-0020440,3.7086079619982892,-1.9059625478878477,30.427928686871454,73.23725930787782,1.4117261196748625,2.8756562154248746,1.7116542134313437,2.824364142170029,2.44411064611122
E-0020441,2.338717259112049,101.42440847816911,6.967053324774726,13.398970616559176,5.776787349677895,1.4533744116581209,0.3289408359351594,3.50941571276165,11.705245644240874
E-0020442,3.287168459831174,35.53376686413957,11.151119359315885,40.34433173622769,2.896594730494794,0.2506886981281207,0.35062298469856185,2.7056175652506895,2.446631804962738
E-0020443,2.6177027843233276,73.17159131180702,8.5184668205069,16.193597929058686,6.603491485164623,1.0980834770697006,0.6000088192798686,2.4496746863712566,8.34718857936392
E-0020444,3.3086616626143632,42.73963127985471,16.513490946164108,48.7221214125423,3.355008355300682,0.6206097665381943,0.35810679096948816,1.9738413359976852,5.067116414395459
E-0020445,3.091466409417615,78.04783014708265,7.144731280206679,24.225226999076515,5.967797203607159,3.7251840668490495,2.416950362858269,2.3291460662895886,8.453585031494292
E-0020446,1.6268635978931238,100.08727633844855,3.7005763857598053,2.1617895076636278,11.25021739544645,6.172201042045931,4.1136912094428455,1.149250991194155,29.515643549783668
E-0020447,3.099745478676438,55.378179405119766,11.551262644220717,19.85190371929578,8.607128509174803,3.2192810216555428,2.8363955295026435,1.3551213254224752,18.164482882126368
E-0020448,1.6809931956152127,114.0834325390584,6.97986861402173,4.19571666952369,12.632312062207513,4.284723197579584,3.9744520722854917,1.0618690263568205,18.92356156622604
E-0020449,2.4561391308225464,100.61325082078494,9.214108498438014,6.354541827883368,7.187970901355301,3.9852226677414126,1.5616704368237821,1.2860604537515452,15.351669608015632
E-0020450,3.774245344731406,82.00479910595575,20.08929366286674,55.19171440927908,5.032553769262191,2.8010586907471113,1.5312679736922874,1.572177514312545,5.66953927643674
E-0020451,2.49363110638005,161.10752001680336,10.237155861963785,7.710792120893593,7.313114248923721,3.6405781074051804,1.5284875107573062,0.3547275270560052,10.79949649310234
E-0020454,1.055048010893224,235.04052414473298,6.007664846699902,5.9924996487182085,10.310349100917923,18.732981243366027,14.799686200363258,3.3722305445038625,46.20202195457366
E-0020455,2.111342297991582,118.37988482379515,7.227155496020788,10.952658058541948,3.9976113418123775,9.756587879862057,1.5886439992921018,4.3295928937069625,7.489916593020698
E-0020456,2.4537664099839533,29.092697563585407,28.554959262591275,32.07491471024747,3.1943692844690745,3.920431671109414,1.8952585009791623,4.520094873246141,6.422391292888269
E-0020457,-0.05650591049790857,136.802839254711,3.1663680670383134,40.06385061480476,3.37997193888125,19.69822405093587,8.543151086061387,-1.6859866063039755,24.326089187420948
E-0020458,-0.6726377123771604,145.3265221695,3.3400097654008576,39.1527247141948,5.483569971751945,23.945463982409258,8.778006236168638,-2.1519610733324277,29.77488964618633
E-0020463,1.6257026932708065,147.9870002759154,8.92463805829637,171.55481492751514,1.3695745821688494,10.439136732550278,7.681550097057456,19.962304760462185,24.021856320649135
E-0020466,2.091995233785283,221.41970646414518,17.32836631487626,691.0504274250001,1.2775784622978839,9.396037353701484,2.21455656557058,16.61509861582406,13.82041899881125
E-0020467,3.3613402012935643,110.79582468194,6.021445505346403,474.019410058406,1.539393794784926,3.4981827427366747,0.7422554275311336,3.7987216332215654,6.047374908079709
E-0020468,1.8435419019878523,82.99078295302,8.196218393057489,15.486093188828569,6.059378781085767,3.617929525499311,3.763224415331972,4.860767303595396,20.783375999981075
E-0020469,2.934363537229362,37.01808816446117,16.595099382360043,60.33884517037234,5.420930507295908,2.8858992126490746,3.8353073397955586,3.0614375632866553,13.056981782342552
E-0020470,0.8555032102631067,161.51691616788673,1.7312967494053177,3.708076433742475,11.372195737983793,9.358482263649691,6.688942804961349,3.3112948203503105,46.80562061367065
E-0020471,2.0917693513457944,192.51136533859264,4.056427540348022,17.918971634470008,6.744460769791651,5.141287805485755,2.6005052363244956,1.111300379083092,15.647954462740577
E-0020472,2.0917693513457944,192.51136533859264,4.056427540348022,17.918971634470008,6.744460769791651,5.141287805485755,2.6005052363244956,1.111300379083092,15.647954462740577
E-0020473,2.2130736560436093,162.3405722725039,8.98172197414204,10.605054183669944,4.5144467352014805,-0.30559533147800355,0.8533916264049982,5.256167846254339,2.191051919168387
E-0020474,2.5904930999956233,84.40197440086855,27.65538024855809,13.1553666389014,2.8370852490775236,0.2935505123012335,0.2870579074107467,6.9050298759539315,2.1775543208558057
E-0020475,1.1076452697667245,156.0347465323677,3.486376040731922,3.239730417302892,6.512910979504457,15.18195805558084,11.943921741266518,6.283329338134592,41.49688420183819
E-0020476,2.645510330572989,58.13689143043275,14.120291132253119,33.78242559008102,2.2029453976450797,3.7720952343014504,1.1751271664440976,3.536198539595434,2.8286851944634304
E-0020477,1.5402749782959968,140.75452345158405,4.959213445562182,10.983803222841573,5.489358193117577,7.042940171865226,2.3143364666212833,5.705642848878445,21.780724767877704
E-0020478,2.16992246548221,139.43060826129738,4.637338967277698,17.196759712865784,6.535573858344017,6.458246793554104,1.5312565079535154,3.160344021399934,10.99747591374802
E-0020479,3.018266160952117,73.9170501964928,7.777012102007804,79.12942592768857,3.2393713165462947,4.205828196713927,1.6631152211821032,3.8327003557076695,6.038179951256707
E-0020480,1.938420301953385,142.77522674155952,9.483605033173266,7.596259498399054,3.441033837508338,6.946812160488508,2.65950881807838,5.542083962842085,8.091142887892708
E-0020481,1.6839660343289604,154.72558788688605,5.310345632830769,13.792275387149115,5.492005333119759,6.505785056714817,2.999603318991941,6.491354553686044,16.5280310400764
E-0020482,1.9481198202108405,151.67688072024453,5.552127409481831,9.788647083780356,11.956775212692643,1.1304507665657986,1.0166647924077226,1.99460883881453,13.461159798103166
E-0020483,2.7780197895513195,82.16736008951368,11.64761820469385,47.04672190332077,8.023373500189772,1.2789428531755305,0.6826706157035167,1.6649942521774823,8.868561412474206
E-0020484,1.595783039805979,126.45522552042293,1.9762201800961712,0.6517769683490081,14.640666919812258,7.5662357089410825,4.947573597878347,1.0533341055635819,29.318251500423234
E-0020485,3.0252677308525247,76.93110218185977,6.084226401952674,10.468216799738546,7.002011774765787,5.4015116123029445,2.829781344994743,1.4610899486616333,14.56721803514401
E-0020486,1.72741034166676,125.68306082810847,2.5634278207713193,0.9211916117288914,13.316437633183837,6.106964624506284,3.5712847275385244,0.9170556791624217,25.126795475116204
E-0020487,2.4363090607561984,76.83352450275216,3.7555803962987944,2.770406444369631,8.16841249621492,4.616438020412478,2.3638241684108636,-0.09321488949677623,19.642938547195676
E-0020488,3.5308368792499016,67.07506365508468,13.12484341500394,30.182840305013748,4.528318500595947,2.228894771312952,1.5121962466230894,0.9641909333733634,6.899961386983025
E-0020489,2.695534432312388,128.07266891983454,6.188844948949186,6.648956579045934,7.442054488351149,3.5377785227993277,1.9672663780814477,-0.7188265668720044,7.76313704892861
E-0020490,2.4736034535351443,108.61883756597885,3.444446404980355,3.1806208100742133,6.249937734056656,4.910285634915728,1.8431491778851683,2.126675007993187,11.356446671497947
E-0020491,1.8247087874214722,80.40517084438524,2.745189248696692,5.125802111269021,7.982152693600686,6.941742481280589,2.6345742089220647,2.0541100323033588,22.736235859141946
E-0020492,2.1609796724712416,127.57238652978629,3.7336734519869474,8.112808435654564,7.992047009003675,5.206238779199057,2.5516033147699493,0.6271125303368845,8.246116958941418
E-0020493,2.6421781040900076,81.9591704435534,6.155312708457944,8.016412620428975,7.6085717964514,3.5221673475823154,1.5882817390164239,-0.1109854701847588,10.247720245915863
E-0020494,3.495685241181188,63.08473473711999,12.890950247213796,35.71345577628336,4.947015881376188,2.009899663588386,1.174971281279112,0.7909288779035583,8.553902635669592
E-0020495,2.841849776199262,127.52435229164564,7.247381830216602,7.99455073711804,8.342235045456782,3.3219827464514013,2.1972640489548168,0.905647013801771,8.564361141027177
E-0020496,2.870148055676871,65.88027630594148,4.618295894633681,9.132448203948668,5.096842045089462,4.281567834656588,1.300325355059614,1.4010504183473245,10.651600485652896
E-0020497,3.3642875020240957,103.8826442942054,13.029063492036897,27.461440614328666,4.781684262501806,6.302996697899516,1.5330761673196223,3.334821810300464,16.469953532690333
E-0020504,1.759349193014091,207.70405544489705,3.0965101571155276,3.235370813331751,9.270227072055565,5.71075585793919,3.5626882344180575,2.4379637528279523,23.558425998049522
E-0020506,1.890833980452006,112.74913918489888,13.377574421830941,25.41467329998891,7.902036120111709,17.71314866287967,11.285438500359007,4.469893294351037,31.374593728841354
E-0020507,2.608908225904819,71.13003981553553,18.004557142872837,29.760404514107456,10.078889445605832,4.670200221052796,0.837694272028672,5.56285787882493,10.115611022335306
E-0020508,2.683240128379241,93.99250334337542,9.241130710394142,26.10191912439707,11.546525307246913,2.7201721266206116,1.0088326547440112,3.827805930630984,8.150075571896675
E-0020509,1.7817567820992641,45.86395263775176,7.7289943961758985,89.82727902170582,10.157864091696977,0.7849545545000797,0.9133024308158454,5.263054031655053,6.807601738714545
E-0020510,2.47333338799182,31.913546875697094,15.120481474020812,68.3547396709203,10.473710144005958,0.21622366601782933,0.4844898342121902,5.811000851484535,5.313074469166521
E-0020511,2.4176093702878956,89.47650984280496,19.001795946979,29.48384818843161,12.021718579743057,3.784493732904595,0.5907079950008166,3.687168498194789,7.63552876967876
E-0020512,2.6032925144100068,97.00007367580528,13.432467358111118,80.70070191795548,3.1074571679589553,6.679785516535313,3.474607962673887,3.5519184700189657,15.26639094354125
E-0020513,1.817840985174406,121.96747007769373,12.323824825162255,16.538179444012695,12.205564026735058,2.8877558358440565,0.9646690630815196,3.6473679570471917,15.35299235688125
E-0020514,1.719145086886523,172.26624979835225,4.098611500091826,78.80202708074174,2.223092622878406,7.926451283589383,7.572224216773145,11.675317802701274,9.57849163653843
E-0020515,1.276151061691693,96.38312577799033,10.681548157826725,277.99963141831205,2.4017259886923092,9.561257707974544,5.739873759263354,14.356550798932663,14.036609490433856
E-0020516,1.5591749797948957,161.85007809789076,4.038816850774774,139.66496426936632,3.093708896660141,12.208938712224649,12.835300908644788,12.640177363989682,21.964584182481584
E-0020518,2.8618498019658194,247.7791738037164,28.017939707417334,479.1260121285805,1.2608681637329104,5.161338518083982,0.9013991437308617,3.1315713397467064,3.7937908575371955
E-0020522,3.4216740713961946,42.20376853103117,22.586353093186403,34.67784480683156,4.777890420179547,2.368063850729695,1.5096795893788688,0.8044453771856556,4.186752451123287
E-0020523,0.9362641100841618,151.06460660132348,1.675404636156365,5.6844072697949315,17.67637234330511,12.9393249624455,8.030964804254372,4.588816387453838,50.717967510762506
E-0020524,2.219000772445366,71.379137220224,13.380260136698189,22.681598867788342,5.304507457844396,1.3490700149140036,0.4999620550882724,2.927963181758359,5.298145442696267
E-0020525,3.284964136538286,36.10547028895153,23.867712262742547,112.81698671842153,2.81581477836888,2.1463867525285947,0.3169033106561082,1.6019134082068978,-0.13756887670030182
E-0020526,2.3589715642770295,110.95260415180522,6.348555083654638,5.514087715824051,7.066088140363343,5.780624216689604,2.951844198019287,4.203147691645787,11.77290487428521
E-0020528,1.3640815437066307,49.20655483817612,8.13458865237017,41.296506483126734,7.528664905658877,4.944148161905325,1.6069053228859582,7.455039824895624,17.513217577896224
E-0020529,1.9394249389313565,19.520788620059648,19.63609252196103,67.22433336298505,5.947520214604878,3.1882102844864075,0.3103695582152589,6.185246329973609,9.291694299409315
E-0020530,2.7630146316190145,94.33003680397833,11.07951131330663,33.80742910707545,14.875028604390607,2.6650288530314183,1.0308007733580182,3.9476493015273344,6.6183868369952386
E-0020531,1.7803784473637447,44.17890737786126,6.249684668216453,70.121511613343,7.72618532108192,0.6974074948044686,0.6878283655081752,5.908468591579876,8.056188043675192
E-0020532,2.2089658987270013,33.92313219202138,11.425840080443434,62.46736232570725,6.809133140834339,0.3002400022974542,0.14243989553197114,5.7918281389872,5.6649362155912
E-0020533,3.1748898968048365,89.10718279944689,11.597082012317873,56.34946003790916,12.908158235549614,2.7979939904288234,0.9931641386674886,3.5202257709940517,4.389760008060356
E-0020534,2.422849816076745,32.59988532028467,8.456840606244423,113.50747770027297,9.502599970628758,1.4554711204426918,0.22310373082429233,5.312420244717713,2.361591618045736
E-0020535,2.458423065188386,113.56603930216366,9.810896411804482,23.623442761583522,18.155138091508313,3.7538774413595353,0.592485177953161,4.689648096964598,12.06186137863755
E-0020536,2.1538575001120015,138.01060412082902,3.7448805627037074,11.130887613824799,23.219959664033134,4.248284147173582,1.1715067705994806,0.9620992009233429,16.960260282770093
E-0020537,3.1313304687855408,122.99884152264848,14.134447780890936,28.75123981560281,11.769019163910718,4.372083180645379,1.5596135826824915,2.7315749845986455,20.474154633486844
E-0020538,3.607817085726212,28.65053384750081,58.09104178772397,60.78802462800902,6.694279176622137,3.706634785215929,0.9251701747840078,0.9642417603197482,8.564213295549134
E-0020539,2.2871781493296153,159.22028643448408,7.033359256779828,8.191676931652404,12.580880935055141,4.373361625405836,2.1412154028716333,1.8257829766276323,14.152728610949893
E-0020540,1.9543117314831293,191.00724295052254,6.028659383771784,1.8542068322671565,17.713575434548947,6.560925630501938,4.770190342981404,2.9698204511577844,33.30978976360801
E-0020541,1.771581825151814,41.68195289739045,11.790846964297277,62.68010732509336,11.894818293956316,2.293299555578124,0.16341411464525296,4.9011646572206535,9.832727926280157
E-0020542,3.4040134286469272,-3.2158878851652317,29.95374708191548,122.9389756720121,5.858903525400309,2.3321286526729232,0.6332290883105982,2.0258065292731278,7.087728363019514
E-0020543,2.071241480046888,56.867750646798214,15.134958528277132,31.57820852272697,5.492585685619074,3.8696239761317983,1.397071677684216,4.337530475332063,10.980819470479634
E-0020544,1.770758512698189,215.6589276079897,5.199880247658693,20.435932128372166,10.135128801977794,16.083927463430292,5.703718235859459,5.918054410252387,28.82578481957251
E-0020545,0.17486872367277462,228.90498378830415,5.155846799153412,20.69853112534514,3.626655641321384,46.749374058680374,39.68269931969261,4.40915001123105,69.02794966008537
E-0020546,-0.4147749110819501,225.58771453228402,3.3710641847030542,25.83969086665919,8.73783941686707,36.41677629620863,24.39815966573379,3.4579445649571894,62.737421257113134
E-0020547,2.37891394729183,46.54564769481329,7.418271012320155,104.5758087258476,1.4186707635943536,10.793071842906816,9.475008923087074,14.87391701249807,21.843858075590454
E-0020548,1.2820382617333528,197.75379140522966,4.371853811999064,73.45668487244419,18.450370458925523,19.53378303882377,11.122041117598172,1.9598439087375152,18.930153689276395
E-0020549,1.5461606379184658,214.89847201723106,12.776140896934248,89.65582509477021,13.06773870294749,12.445756862733667,8.908182879631891,1.63769812123016,11.483850490485437
E-0020550,1.9109429630481154,181.7296871751723,18.313302277661005,254.15489585029874,11.209245819605538,9.70943861548023,7.946538891685638,1.7909855016863951,11.631519074429875
E-0020551,1.8865234886120466,161.69265698044214,23.63345535515676,281.6187060140491,11.185428225630796,10.005137555315653,6.00094134178985,2.0870022476829124,6.843366633383677
E-0020552,1.2770358302511815,202.8056819240729,5.94618250598631,90.49972870295609,11.395113677513939,23.80060380307468,11.261503648139874,1.0783440704313212,21.109254431073406
E-0020553,2.038809316814898,164.7748547846069,17.11558705057677,170.69929121331216,5.369207400744684,7.09612190633933,4.624513854121226,4.235495480238084,7.260341886981526
E-0020554,2.4323581206548575,126.37991686550195,18.941785135517236,113.4183814667254,3.822810409718789,7.455494400708863,4.023562882964956,1.3911535956963288,5.358035297261052
E-0020555,1.6312134553496282,126.8857262888076,6.747881149881396,57.37969993176349,7.4685063723519205,11.868361707178423,8.066535515111083,3.9803502445100243,9.337543726267228
E-0020556,1.6394579947050991,155.47057324778976,11.158306564976376,70.20788685563383,4.319355320657361,16.133765057494124,10.891038987054264,4.336278431344333,11.993973546645119
E-0020557,1.9261318429447294,157.97642411837506,14.194623158984287,149.05236932836343,8.663777340972803,9.236028691751736,8.371266655369094,2.6450214344683305,6.748810587537165
E-0020558,2.0591877334529256,172.33256254435418,23.32103302782082,254.3245403858996,7.2648678563773545,10.082113794945476,8.158009422401523,3.8964496699860875,6.4889110714130425
E-0020559,1.5319258390413244,200.67123436817056,5.560977885187891,40.66296212936908,12.703240678531632,10.994536236605338,6.842119087760078,1.1428693712605973,14.750350646623117
E-0020560,1.2177777264219125,186.34945616504234,12.506105960616274,58.580248183912694,9.959035102899076,26.716466797615347,12.299509455283115,3.36395137929146,11.405250284862639
E-0020561,2.5308509482283106,126.12380984546749,21.132415473927733,126.04491797680244,3.745902652580593,6.55426508929893,2.582612516036517,4.913783148906868,1.2322307602238518
E-0020562,1.9905008603292478,132.17667161214567,12.70159692665447,97.3944249906851,4.2293978620665325,11.177138545532262,6.570813626410668,5.477385455067554,5.831088172153228
E-0020563,2.0616687772321436,253.6090646882293,16.86649431659827,439.44152114272686,1.3979122295846445,6.818694662704257,2.579005820335778,9.517592484970129,9.774785490719061
E-0020564,2.1924574499591913,189.03087028075458,18.61344509742706,190.31027332548652,1.5672343280249341,10.083383523289605,2.0947372806884887,19.909030449325133,12.85223181452478
E-0020565,2.243561137913622,107.99180783073709,8.414563304162511,18.31510218790069,5.050793986747968,3.373983614344649,2.1827802477562916,12.817230952023236,14.324553094846838
E-0020566,3.0609836816600318,58.68964602831384,16.738514172381166,40.8670599653109,5.469600305104123,4.113250579999892,2.3553803232000496,0.3225703549885949,7.8413850118089865
E-0020567,1.366080432746409,61.05425445588386,2.93369291254792,5.49690051616,8.226928267451948,5.292626569314923,2.282379959686871,4.5381497601932255,16.12881213978015
E-0020568,2.9410082030240368,36.06001509873619,13.074207544847384,66.03663892691914,3.794227783311644,5.5961653339878525,2.365588094327359,4.991033007670922,10.015986789084627
E-0020569,2.2078628793382404,39.876051348871705,17.766126170114752,46.602360488895854,7.894767294897358,1.3563063482887694,0.6620914700714869,6.175139992252805,6.248875509679443
E-0020570,1.4414970884310603,152.80412586382513,5.364644583528878,52.281878579885465,6.983223840991934,19.388174298219337,8.464990317397563,2.2622178603359155,41.661730517773336
E-0020571,1.4976067000901656,102.21176829620418,9.442410887466096,25.458687875547813,16.19706226700371,2.2873184706289615,0.555202920470786,1.8498445416845315,16.666586007837896
E-0020572,2.5160514482960443,132.94280201130724,13.844078176055335,19.479749355958987,8.5888600954968,2.936531486609884,0.2548994903399901,-0.5753429497570064,12.495824573772458
E-0020573,1.3084759342880574,212.10874050403783,4.6389867801549665,85.75620482825025,3.9598524859681428,9.004164790184998,6.040938233568292,5.166800074594712,12.318491313816603
E-0020574,1.5428180110048666,183.60353646231087,6.761492389406447,120.50300328599096,3.0573301133201127,9.884779051972389,5.932281921407047,9.53210929193622,15.17119536567067
E-0020575,1.0859176827803683,188.16755206169478,2.918264100912986,83.95731914121514,4.118084014665611,10.55885272236996,6.722393475328676,8.51811815443784,16.579758745942947
E-0020576,2.1411916562610007,176.956375569232,12.279558319809519,147.41402332723155,2.1441855938489534,6.81165235830076,2.0054800535432165,14.277000698563514,4.665620028503767
E-0020577,2.1411916562610007,176.956375569232,12.279558319809519,147.41402332723155,2.1441855938489534,6.81165235830076,2.0054800535432165,14.277000698563514,4.665620028503767
E-0020578,0.34394594580316273,252.07999012745364,1.1287744313027344,29.610458498446086,4.092218361529132,22.17050065861582,6.980611455529991,6.017973520145909,22.367703073435052
E-0020579,0.5859874557582208,245.61384367644757,2.0466653028167143,19.503518898141625,2.5120247112885115,14.39529340445656,8.120238409501596,10.854247832036865,18.994058612209294
E-0020580,1.2276538350434554,220.13239641521008,1.2884608591274898,102.48109330492595,3.564560571873312,15.553418116070281,6.279644215673443,9.42106868455655,12.145860070504456
E-0020581,1.9800993478708775,199.90927293141527,4.867349844290561,338.853834406214,1.4172302594149284,9.032771367529664,6.54393990079636,17.94482315758281,8.681244739297416
E-0020582,1.0892452354034,183.07213644953586,1.7085577495165087,100.30196823200437,7.374629732432249,19.03597087673655,11.566802977847205,7.2497210140120725,17.86118646974505
E-0020583,1.3880305190878088,227.30875371086339,6.953176461820321,79.8811528610718,3.1408111007853843,16.135705400581074,8.777861747176656,7.7536527533103925,12.948303979072328
E-0020584,1.3880305190878088,227.30875371086339,6.953176461820321,79.8811528610718,3.1408111007853843,16.135705400581074,8.777861747176656,7.7536527533103925,12.948303979072328
E-0020585,1.4313023737492716,235.03304139799297,6.096184884096004,81.56933390253035,6.418180811430709,8.2291778720509,9.415668206372908,1.2913698454748905,20.428673032811737
E-0020586,1.460768604668125,217.93264607555085,17.752096529697468,185.2644954684165,4.785820197461116,9.051215880528593,6.348704419174888,10.80557357273696,15.736092622191094
E-0020587,1.460768604668125,217.93264607555085,17.752096529697468,185.2644954684165,4.785820197461116,9.051215880528593,6.348704419174888,10.80557357273696,15.736092622191094
E-0020588,-0.655879058041279,186.38751575396304,2.065425684106276,17.260584815687473,21.688907183651185,19.261815735776878,14.36709625403144,4.19535338761257,44.05190537847548
E-0020589,2.651201514127048,130.91486629688637,12.344117681197845,134.7608552748425,2.9644321780445595,5.785446745576742,3.001854267769431,5.209248295091837,5.537240526351926
E-0020590,1.5243916062372564,218.53147341505638,9.051783056990628,88.4769000270451,5.4224137113985655,9.880437573299286,7.705440305063458,3.711621136235459,15.55510556575261
E-0020591,2.658887435881832,199.5555969514259,54.892457985534996,192.8363775835058,2.700015016711677,7.2850977000095885,2.235811031779475,1.633970733567393,5.9798448646417715
E-0020592,1.7237852326274417,210.95261857179338,33.00294490505949,67.78071376862385,1.9333811258598006,11.109081357974325,3.665441757674929,7.689763613929609,11.290903707954756
E-0020593,2.967322122367131,167.31145906609353,32.40197410703245,277.3265390570323,2.341257835051141,5.616001932376982,1.1469512630669372,5.014829828233365,6.848481660424885
E-0020618,2.7383621626638583,67.65197533646493,11.438537641952326,34.401315599255916,9.286988834492464,2.0663379613992676,0.7058066895018359,2.7514076184937553,13.967327984860681
E-0020619,0.4874797246326652,225.49202230354734,2.971128308085666,39.97358443657205,4.145251825410578,41.213176695993766,36.78163463316697,3.5990151575293243,61.44928564783552
E-0020620,1.3084759342880574,212.10874050403783,4.6389867801549665,85.75620482825025,3.9598524859681428,9.004164790184998,6.040938233568292,5.166800074594712,12.318491313816603
E-0020621,1.5428180110048666,183.60353646231087,6.761492389406447,120.50300328599096,3.0573301133201127,9.884779051972389,5.932281921407047,9.53210929193622,15.17119536567067
E-0020622,1.5324337460014807,172.7825701865049,8.272807440197894,112.05623942280465,2.182591018446013,11.442585376938784,6.212300552887416,9.996603229803796,13.082602942641296
E-0020623,1.0082950377900424,204.72208774816988,4.6048522160328105,119.40549517999102,3.815874496655884,17.807218452577043,5.112771600963442,9.064041631717933,11.419382222798106
E-0020624,1.1924449870642706,223.52631868000225,3.4052502669438964,96.98062822495052,4.315190918268289,10.651960532374481,6.15744718857702,7.492403855924823,14.156421884308461
E-0020625,1.5617134615584363,224.01631123051015,5.032152247343509,62.18878863853973,2.5353543396767284,11.99393940689827,4.663306148897932,4.888474508595141,18.651807304745805
E-0020626,0.4911338603363723,194.4641684191134,4.549254528469416,49.215761989177636,2.6235304380615685,32.02803563835732,33.83052609534187,12.17133560498635,61.83567177836955
E-0020627,0.850895193939686,257.0853768396961,0.9242261723909753,71.57963223544176,9.476258362489023,18.262259941947224,10.433229269093074,4.749816356319364,17.063097263936964
E-0020628,1.945424465924311,212.7257567578315,3.445030695171836,275.9584027955372,2.0006231735636635,10.516830744385746,6.682461111723865,17.68654564508823,14.080154289482364
E-0020629,1.9130073255726412,184.53940379681825,3.941966276691538,378.7678872141372,1.785731932904431,9.087166381303266,5.683025057533108,13.767755180420036,9.145790236116731
E-0020630,1.1276314468634194,212.12223880494906,4.541920797010292,61.957460312058764,22.753808130369006,15.877598515695892,12.485921051727754,1.228991648679675,15.522611608743015
E-0020631,1.4575207905420635,237.47979138964504,12.634642523716309,78.53760170881077,10.43209022333188,11.619939055708864,12.0416093624164,4.653836596818704,13.447269641119433
E-0020632,1.5026953828020846,194.26565443559778,22.42691925038111,105.08758446512296,9.32583807470505,14.561617224616096,11.008735940066172,4.4036199010489945,10.988304949746427
E-0020633,2.273109610367276,170.9754196587134,48.64321708262027,190.45785231900408,2.0344737996132536,9.409748043568646,7.587820337568428,18.932955510633107,11.699291391880653
E-0020634,1.7784871830120594,105.45564409307921,20.208111279212943,72.37120978944722,6.867398032424558,19.265200113206337,12.368960256092247,4.126415990924494,20.397565499869486
E-0020635,2.168348895188191,129.79160544929772,12.394468960960669,499.36290686321405,1.0898705595521423,4.54689099535019,2.1157419777427884,15.773707536530706,7.486087188286173
E-0020636,2.1048617917190864,182.39917067020872,11.175969071905033,502.97976308926184,1.144096380767962,6.453765758773622,2.636626262703791,16.018218637333067,12.4739127351682
E-0020637,2.1048617917190864,182.39917067020872,11.175969071905033,502.97976308926184,1.144096380767962,6.453765758773622,2.636626262703791,16.018218637333067,12.4739127351682
E-0020638,-0.13141646960390882,177.23833599312525,2.8943304850699247,17.639463828007276,16.915396950379503,20.339493987350945,15.447556898018881,4.792244408616495,39.04339958322464
E-0020639,1.1066871746295768,172.70583944069307,1.7621557205823808,56.52811081311719,8.171521301747873,22.47945349217545,17.364706592999603,6.433072115526635,32.74619427322601
E-0020640,0.2477417362099513,201.23961332647815,1.9444171881824666,34.583576385922676,9.304737122067275,25.078135063883995,14.916698524192686,4.98914591967016,38.66850910022987
E-0020641,1.8841787789554445,146.8543258867397,10.804854566290759,34.13848740183893,7.816033210751446,12.564729466925694,5.705973417706755,1.1549952261672036,16.416861740318154
E-0020642,2.1430436999635245,166.32235834606496,15.441858888073623,195.39706503706392,3.9393723185829774,10.458261756032845,4.455694013500667,4.5433033485553285,6.2885904039971265
E-0020643,2.6049651771577906,188.14524421585452,19.960263425287224,234.8472589439016,4.7071013329663804,9.016956918672047,4.897555808842229,2.518487804355444,4.795279052458318
E-0020644,1.928026400904171,175.6312630365053,19.128170450104623,161.49419427702801,3.655273489002637,8.074118131186523,6.8128681907660775,4.1832584680175025,12.199679634954599
E-0020645,2.760513729742816,113.30338854380716,14.29342815256112,120.1830476397142,2.5187111349960283,6.137538222378718,2.702732538319354,3.7157313907101437,2.7317374916311303
E-0020646,1.830938733723194,195.40990048167635,9.694527502431672,72.28535261385858,8.90778708483013,9.600353646793963,7.843528100510045,1.4171890081563436,8.282891295158588
E-0020647,2.589531483908571,158.79912138588173,15.783253467713589,124.33262175723414,4.499367119376885,7.39955972306187,5.959180238643404,3.28997554572538,16.743579880018956
E-0020648,1.9620024384655865,206.65025770288446,50.3314333351924,152.05833303631772,1.9406048391456725,12.835840132380408,2.327353537231593,7.13822686850859,10.217807392179514
E-0020649,2.8559141519554725,114.0059715836316,86.06697401400822,190.646891359605,1.6695869465134519,11.508720207395355,2.163111370762998,2.9652631303607397,7.4375331260041975
E-0020650,2.0445331792120527,195.85902403754648,15.749483703910316,124.17522993421011,0.9632079644509722,9.913768900262125,4.262738581174678,12.447431508079143,10.858139375214073
E-0020651,2.739657791958795,117.18733533169845,42.206060488402905,607.3355251047811,1.399660427778568,10.244171679375276,3.2702402320301465,10.807008776236824,6.094445352881476
E-0020652,1.4412633499610066,130.28324811455872,6.660259314523082,4.903102184747458,9.983038651794388,9.37490276089892,5.595684674393128,8.782275215576341,30.670654258166845
E-0020653,0.028052378529525968,230.2258083094296,3.531741338303084,16.962071646219965,5.837883919808219,47.87736361353724,37.10088560328099,3.0991952907538907,67.8029686332089
E-0020654,-0.5293538411101791,188.3743828672385,2.3474164330138607,40.84858155553027,13.028057417431599,23.214744352069555,18.32928422530708,2.965455229731782,67.44052373123256
E-0020655,1.51898815605606,197.9696102742525,6.5970429173945035,413.49414397398726,6.171747852674407,3.586864099296266,3.0230104728569716,11.3780754147119,25.1544202374678
E-0020656,2.1312576149448996,169.53683902710705,11.521727282942459,443.3320543788438,2.011345244591846,3.991421202002373,3.8571154837941255,14.83791234287094,17.48353032391367
E-0020657,1.3770122530473985,253.62732612556886,29.956211348249397,220.69417105093657,8.813388841324596,11.54401579585669,12.532217939331368,4.981386093130598,12.805955289153838
E-0020658,1.5913357618174968,185.659120276432,31.9028861966894,207.11039889942856,9.373597931555528,12.943221632685194,9.792630952105798,3.545762492829276,12.715582571349438
E-0020659,1.8454492223329155,198.6455019973054,17.709727005968322,132.82296478171162,6.442731388212839,15.507463342070853,12.527773700007662,10.827704022304193,12.236621261265315
E-0020660,1.0053380109992103,242.9240504944093,6.438252192311429,52.11330330979471,14.556444449339976,17.944638647800932,9.108493583382776,4.8916406843332,15.101859993864606
E-0020661,1.9495855965041424,213.82602974611493,15.46985397055425,177.39571684092235,2.8827475651102166,8.077069132416236,5.364973300897597,11.10537841552468,11.115616568130166
E-0020662,1.654309576437745,209.9820699742778,5.115987837274083,97.7087480483609,6.7897062278102265,11.94191115718752,11.124607698546107,9.606280974439063,33.3360058910683
E-0020663,1.3412726536298867,205.02818585415343,7.166183940737733,91.81419879681634,16.050706717659278,6.744574176456574,7.596409449245196,2.1072515532740486,26.552732155281408
E-0020664,0.8879307986301346,235.68007282089874,1.9874855501844648,60.24339772754909,11.007411777203547,19.7877481680447,13.552575124450874,1.2412597487438828,34.851717692313656
E-0020665,0.3010942380885599,151.0610260008206,6.401525122091955,85.26985376577207,11.84367928434026,7.698338540264414,5.8512766209036835,6.4812942035073755,14.206609623584315
E-0020666,1.5885131491861575,160.04812769258606,10.501988393962785,123.34937201773937,4.264786448505743,8.853640790924558,5.945820851599814,9.72878237135925,15.74277790858734
E-0020667,1.941713292347878,180.3511070341074,12.173835599032518,139.32496335159226,4.266328942322749,8.081002098963836,4.130265228904712,5.987842827782895,9.600810618392131
E-0020668,2.2824518769877873,84.30551472750292,25.927545461682346,210.1107907317612,5.615324060433563,7.1737369596901335,4.365904193992133,4.547177959303594,12.221028131415903
E-0020669,1.573108336760189,202.9658040326587,8.632002512380604,119.19264276834238,4.538292383632865,24.604200046396898,8.782046594238556,14.016378735399286,17.562676060655072
E-0020670,2.2771844283650178,204.3184194916729,26.370410422393142,369.33722035060646,4.832956568580658,7.931878292985235,5.719304081188034,10.29053822807105,12.707437598654955
E-0020671,1.2967153370891689,192.93051588020586,8.599258732686135,58.53637368395173,11.246890172983232,21.89744802796726,11.056733081778443,0.7446544812650396,12.425927682689174
E-0020672,1.829246693995541,216.0318272701429,12.57516001252809,101.35944498230921,4.9760230717858756,5.592462325977767,6.176445746134271,5.021598722052073,11.415734464861917
E-0020673,1.826994131439077,176.7871750940109,31.701771861009345,400.32856945295487,7.5112320080850905,8.833316711866834,5.306710368476972,0.5232954845687766,5.760308308749813
E-0020674,1.8235409414644077,164.5936275586859,20.747079398908113,134.23345787658286,4.152909491615613,7.805514727154253,4.601253302544768,5.1328002271063475,18.39832574863501
E-0020675,1.7150265583445763,195.99961073829525,14.265420800456745,171.0286262824176,3.0504936870071546,7.903011129135393,5.553574896951684,9.485534205446218,15.449013850632701
E-0020676,1.8765754288649044,110.70765800985437,9.885948252886866,156.75807615951675,1.9713105290050714,7.9448272625516125,3.1354048583003173,8.02483981418187,17.661159244849312
E-0020677,2.171202094294073,141.78287492427717,6.449002060066197,203.9639166854069,1.2575015962789342,4.093799775337047,3.592128816995574,19.297915167262516,6.132385919969609
E-0020678,2.037811412662722,129.4411264207447,3.8731963892353796,348.32308305995684,2.0765956002233543,9.337942400553345,3.6252572525228133,10.104701766838032,7.907345755235362
E-0020679,2.1372399793415435,163.9006494452488,4.807955256538691,244.04235728796485,2.0937504898063,9.678035220173339,3.5398345922119794,11.848927625351811,8.435048488064922
E-0020680,2.531231217993854,111.86228735901076,19.405636989014074,180.60222024301305,2.9793815999937454,8.97067369803652,3.980605558964237,6.801226368670904,4.901385351742093
E-0020681,2.6809233177318017,110.33507113203261,15.36956950850548,242.47254466158466,2.508832763781326,2.901375379633895,2.48588639829685,4.012665171359365,3.6294490019862504
E-0020682,2.844636621023297,109.37555521946827,15.732606005386865,169.50131829938567,2.6571924888460288,5.286476122392754,2.1169797089409585,5.072876104206761,0.9385884773673516
E-0020683,2.99721164632286,77.90496757926705,19.66858498653454,267.94637815992843,2.875867120537568,9.479057243848521,2.377888068605047,4.937465635918801,1.3815115158691613
E-0020684,3.1054501244850483,63.9031542228129,14.245314749095071,182.63877791746017,2.459048239896322,6.729109070166899,2.5125353397404613,5.432671469655007,2.655734795564216
E-0020685,1.8484193950327081,173.1913057531994,14.81293627823795,150.90271475203485,15.224132674436255,11.867347557035012,11.160258701448935,0.9588943501147671,15.326614472156933
E-0020686,2.3390508077288015,182.47672206498368,46.129811939279804,245.39459198956118,1.570778985977051,3.843167834956943,2.2837698138714804,5.431758917748471,11.62443441152113
E-0020687,2.3390508077288015,182.47672206498368,46.129811939279804,245.39459198956118,1.570778985977051,3.843167834956943,2.2837698138714804,5.431758917748471,11.62443441152113
E-0020688,1.7619121606850685,245.57212799760345,26.794314808738285,134.18380749763386,1.599345341386406,9.701998518043816,3.981759785418231,12.229932588920072,12.013681567138496
E-0020689,1.7619121606850685,245.57212799760345,26.794314808738285,134.18380749763386,1.599345341386406,9.701998518043816,3.981759785418231,12.229932588920072,12.013681567138496
E-0020690,2.071282904176366,253.91984057257366,30.0983047294952,85.22720988133528,1.969375627973119,8.235246540513126,3.4784904826552996,9.90173940417711,13.614236392855313
E-0020691,1.6832515399614214,233.73097137087584,12.998408632052158,100.76587297023629,1.8270928608333914,9.319987419335114,3.966341524377109,12.524188888784428,10.338534029854387
E-0020692,3.43925869367697,126.32068295019421,35.464392589908684,395.0593357300917,1.30042213239983,5.587041502495515,0.5899807585140038,3.166423199890371,1.3076330908162137
E-0020693,3.148389468764125,184.3419308412026,58.0765071082143,379.49964771599707,1.564207914990357,4.2151236728054515,0.5913559297269669,0.738989712973748,4.587633206958241
E-0020763,0.22437201068381385,182.41741099497727,3.45399160865186,44.556851021340094,8.322248394985753,27.5049369981906,26.562641614848353,3.4996098391628974,70.16540606603627
E-0020764,1.9646628092760197,160.67426308915898,2.956656224653596,187.691199330898,1.8063279139370332,7.194340630818953,7.135684756453862,15.9184889133278,16.067519873401398
E-0020765,1.2511093532627302,270.0824521770692,7.14062163440811,117.8224589879015,7.446171243969364,10.267939071173235,6.449261858703826,5.061408528523143,20.22449198522027
E-0020766,1.7958852505093499,203.6002292661568,5.763878167224931,61.76086300381331,6.644623855806704,9.074292651110214,10.743150130474886,5.173094036000092,21.335753267457854
E-0020767,1.6318532838685496,193.59191429208553,4.555603158507756,47.6695404175527,8.72152569784444,12.22151925643162,15.717875039112139,3.255865441311215,26.934418690620852
E-0020768,1.3833294819428161,158.9595883060826,5.019785097262451,52.108610084747525,7.943523325307683,13.218850998550623,20.909004532957717,3.266188597995937,26.23709446621999
E-0020769,1.6126709443028449,240.3332627159839,10.336463661686494,59.66518577569789,6.408841929471024,7.898780441760244,5.779536478277815,0.12952817726399002,14.445824379588936
E-0020770,1.9288110288772278,226.62735110606948,25.49261867205274,125.16756532151581,6.380915806672651,6.629955017106067,4.792266187296542,0.4860082746510118,16.144567599016334
E-0020771,1.9513040089341724,176.7366262799056,13.542072992957802,100.66058742974991,6.2499519537214745,10.0945979946347,6.870699993299884,5.9588825525830895,14.104190212360084
E-0020772,1.6966626001018952,209.92853916505484,7.733344799734873,126.93056885435107,5.5644448098112775,8.610244984243984,7.294123933400657,7.414153814776578,15.695416384746242
E-0020773,1.6994887808680872,111.40573236057539,4.762662993930334,34.528717628078574,8.838845250777947,17.257645991685642,13.3509811742129,2.6200510454573642,29.301267407315226
E-0020774,1.1550064792786923,143.49675583468627,3.64155489435979,51.099641958676855,13.46296207768877,22.195107871800772,20.725749934506453,2.4676354298491097,39.96682682051443
E-0020775,1.2749098417362985,110.50412716710147,3.142421987759921,40.158878857803984,8.939424117233935,17.456033425606513,13.784170106606846,1.5756416650395257,35.915219902148124
E-0020776,1.9621483668751563,148.89091569900447,16.487097729546893,79.08373892255341,10.81217604325267,12.862524273600734,6.521768595980066,1.028470669646362,15.878536085244903
E-0020777,1.4449601188759889,216.54254773715985,9.866124463320581,131.8380299010846,5.089753681474111,8.619166965539454,7.1968420347662425,11.557725526617043,14.525330518005916
E-0020778,1.4449601188759889,216.54254773715985,9.866124463320581,131.8380299010846,5.089753681474111,8.619166965539454,7.1968420347662425,11.557725526617043,14.525330518005916
E-0020779,1.8890770639665488,221.5737242647634,9.394339960680286,161.0594887425372,4.635233083848768,7.498811480739431,6.9156807875019926,10.491659163773834,14.683091755390066
E-0020780,1.8890770639665488,221.5737242647634,9.394339960680286,161.0594887425372,4.635233083848768,7.498811480739431,6.9156807875019926,10.491659163773834,14.683091755390066
E-0020781,1.9024593617164394,192.45447193677438,14.97920729068876,151.15333588179323,4.285426499750136,8.26365874856075,5.262487677937895,1.8513775074155574,17.500228699588476
E-0020782,1.8811061303386214,169.83606093932133,19.1586938508946,214.96040700880758,7.8067308117835275,4.871170996710191,7.980188401325853,0.9610584278933596,27.730386142683844
E-0020783,1.188463711016665,221.9291173828955,11.370263778999774,122.40724868992812,15.341750599402667,24.322848417197427,12.716960068660693,2.00493886959518,17.341042249457324
E-0020784,2.1726131511918214,143.99014866108175,9.684135110427631,100.9411387710764,4.006984953936418,5.612021633914697,5.087885914595319,4.828128939583349,11.18619840486815
E-0020785,1.808570689573035,161.19244981204938,7.032027778373476,94.5903559194564,7.024058344096086,9.327355737688757,6.883536081963362,1.5015730090421042,13.126371941469957
E-0020786,1.9588655647289612,209.46440582179042,6.058250808303355,269.7146857905571,1.5166263615077196,10.331418762981299,8.219971794715823,16.092849744678215,11.342424676367788
E-0020787,1.9588655647289612,209.46440582179042,6.058250808303355,269.7146857905571,1.5166263615077196,10.331418762981299,8.219971794715823,16.092849744678215,11.342424676367788
E-0020788,1.6557271271741358,226.27603880333916,9.448650414453272,100.32376665938861,8.606033454043025,11.02397900038898,4.204733811752947,0.9559019506743296,17.163920906158037
E-0020789,1.2374161303507316,138.08028294226065,5.70218706128459,82.59168984980077,3.000002087771568,25.378752764101186,8.335519714286235,14.574547358493183,14.60504029236698
E-0020790,1.114167406163453,256.608059824827,2.2380016332671557,31.76219774892257,16.427308906160615,22.13429215219535,18.59458464208897,4.699548742456189,29.385674129023936
E-0020791,2.474618218675291,123.96083521494519,56.00377620677085,143.68448299959016,6.568441805887903,9.911530677928559,3.6099170958880653,2.5791959621681806,6.088979824073014
E-0020792,1.7220350181000323,183.2282047123668,13.922534935261245,201.76933946201254,15.918673233074687,12.209573018013618,11.871430535146024,1.848307723329972,18.987215728390787
E-0020793,1.7220350181000323,183.2282047123668,13.922534935261245,201.76933946201254,15.918673233074687,12.209573018013618,11.871430535146024,1.848307723329972,18.987215728390787
E-0020794,1.2190835831506766,163.250140291558,16.62645956807472,135.61291851152274,5.495294011105211,6.202802625914698,7.9170852036661765,4.058462102351712,10.100772564452537
E-0020795,1.4536345970605449,188.38617261872565,11.264472571556801,95.51675664848855,12.021544369397898,13.329357952510808,8.507949358492416,2.270167209196009,7.778375834270234
E-0020796,3.1657789068569544,172.25356023033646,9.00124260017474,781.5397498613842,1.140911764668604,2.4539876308552904,0.7831110287572874,7.979497420025897,7.711264115220049
E-0020797,2.202588013403151,125.85619371487618,55.89658513334411,214.31350309445156,1.529319129330744,10.052972575541412,2.7729372330678403,13.44225789990923,3.4365545978367464
E-0020798,3.610789731457798,44.558531006534224,39.0971872968905,579.0609857516318,1.257972583778792,8.760234480031054,0.7434754439436341,7.0931842906403535,1.1668267154901961
E-0020799,3.286529402586219,207.3484499886311,26.657015442781386,274.62510093101434,2.0034002798953,6.939277225041625,0.4760403810409232,2.048725201789506,2.3008235471124183
E-0020800,3.1290092780720613,238.758694229385,32.43029875988165,187.74931654738683,2.4081087225428317,6.959067083595876,0.831270453267181,3.1399496853062323,4.981715274371817
E-0020801,2.1615858992206767,116.4388151031637,21.357861128761705,294.0913824790156,1.9669423226430618,12.142404699828235,9.41698100995151,18.183612078128455,7.372931635990428
E-0020802,4.037047869804374,39.186554181524215,28.488716636505362,1021.96444760006,1.1971216166301044,8.519267838673185,0.5476073110919636,5.831454699617775,1.6754507370263787
E-0020803,2.1130438421491418,150.57273321275795,22.887655497836,260.4388557525928,2.0976849667907955,10.35777536781264,6.80711135519727,3.709691763393157,10.107895592093087
E-0020804,0.030827869574581418,228.70140278588215,0.7909099948858541,100.06108541136817,6.476802043226598,14.299877341424317,6.496304155865199,2.0231894086908104,21.679777796081048
E-0020805,2.1312576149448996,169.53683902710705,11.521727282942459,443.3320543788438,2.011345244591846,3.991421202002373,3.8571154837941255,14.83791234287094,17.48353032391367
E-0020806,1.631652484562257,151.94625819020547,12.94518800532677,140.97619759395258,6.580399920291579,7.596640581394868,5.727101087478421,4.920843657115221,18.39962039718594
E-0020807,0.8219036552124236,244.43206501840797,11.138600188426476,108.83216260389212,5.947964938830193,9.025729493300133,5.624497225614511,10.904558651368275,15.170676858225416
E-0020808,1.4753246228168366,162.10161479352584,25.820982263648737,110.44629884994623,8.260557434280104,13.099162040358241,10.371533573798718,4.0124758844435435,10.701218328377813
E-0020809,1.8892587779648666,188.36516342100717,16.710029274299693,101.03921148950094,6.635341757935265,9.158899353052014,7.9803539152892515,5.079313743053588,12.01678224278766
E-0020810,1.341807937433018,244.85199430559516,9.431234327413852,138.9248759391758,8.664852809112698,12.953200698341842,8.633590961988128,7.566083309808443,14.974505577531463
E-0020811,0.3454667312593319,207.2658821601548,2.253596301021729,55.648472580735834,18.660406830926835,12.272270663760086,9.433403645828356,5.4312952020216,37.10091739750964
E-0020812,2.030400831009536,216.8316194503591,16.239167587423214,206.67257344729626,8.612594043623222,7.955689545921343,10.136411785662764,4.24796255722574,27.100039271887706
E-0020813,-0.17374242569773127,230.92629741957634,5.157669842808993,47.09691972190271,15.360136401129967,6.762537845783283,7.959921563650818,-1.21688124910745,20.788359995458848
E-0020814,1.7353999722887898,158.8415345030548,7.181279985205674,86.94830694563929,2.0458189614642146,10.627507658398493,10.367497680300575,12.356763301873121,21.702171079420037
E-0020815,0.9844651161208043,151.35813070007043,3.0385322296752433,51.12098266014755,14.752960934159292,22.54035232543619,23.87505516698749,2.177657295226376,42.25286695491223
E-0020816,1.7499300390666372,194.2533326712722,15.125872243726015,108.80204116627525,3.4045767613934035,7.9869031745821015,4.762476484497291,6.076098365135454,17.862489695063402
E-0020817,1.9024593617164394,192.45447193677438,14.97920729068876,151.15333588179323,4.285426499750136,8.26365874856075,5.262487677937895,1.8513775074155574,17.500228699588476
E-0020818,1.1388172060070327,239.7247041448952,5.540942203399543,91.57014635496361,11.273078628390483,11.724011822307148,11.354369599896096,2.5780074800475075,27.830361765382335
E-0020819,1.0516320914222135,192.3430455996264,4.806398201172836,118.60224398072495,14.223235130163369,10.181934712376819,10.101326492736659,8.584221502318627,35.18357401269778
E-0020820,1.428253901648836,213.73120877237554,5.440299803084597,153.15526049856012,9.662668950825164,12.12964466876521,6.004905261877611,4.915615732952661,26.172233670733977
E-0020821,1.247643556338423,192.8361735708894,5.752561530782387,140.63359084257533,6.9851308778899135,10.550379729077198,8.587242709167505,3.5125599811611243,27.637350275310435
E-0020822,2.27763086511725,182.309584965437,19.08771154166611,109.24612004099461,5.924273339013785,10.910749647815333,5.388819739358757,4.861509308435603,8.880158606430365
E-0020823,2.17965061612062,186.17702952575428,14.041996225512737,96.50101253082535,5.764466673007858,9.955483772263985,5.079824480807955,4.349156726045119,8.796554933088117
E-0020824,2.2596496732557605,162.8974019438437,21.807212620297214,182.7660956710834,2.689817220491355,4.123734028108954,3.6463332306441307,5.150191634645113,5.000576964700585
E-0020825,2.6191121895772422,114.94859159787546,31.70676083521689,232.39012495964138,2.9761161458749537,5.215979661091606,3.2676980522234507,2.1679872374944837,4.052339759995711
E-0020826,2.5382927616960327,125.13060079562764,39.18109888342827,235.66723028129354,3.413726701060165,11.080968520084785,6.670797798262973,5.7018501079580854,6.576213306895561
E-0020827,1.5386337298235067,206.67955480078763,9.830184443412376,106.45370005745306,8.922167749720918,2.61118101416411,6.628694523653745,9.923171887098306,17.2792130198048
E-0020828,2.033182496129285,255.1716651836301,16.367706690839746,122.4624705513521,7.809010714946134,9.748542001330538,3.5839995292899154,3.524921099861213,9.840914965953983
E-0020829,2.0678831321373314,201.81534893509334,11.33487059960647,131.78321465180088,4.962202947803381,7.939624867284439,4.753980561835165,10.767656652375974,14.492450125371086
E-0020830,2.248760241838002,186.328990458131,2.4739587843035626,123.61730722275882,2.537441280652934,20.313221864572032,4.726036513794529,13.700843950484334,13.500155341999966
E-0020831,2.4556660624800855,97.54589088189357,15.090354130511821,156.25397512801595,3.4366317151997747,8.068560444711718,0.3684380987497154,9.598968332162663,8.597902138268005
E-0020832,1.9024593617164394,192.45447193677438,14.97920729068876,151.15333588179323,4.285426499750136,8.26365874856075,5.262487677937895,1.8513775074155574,17.500228699588476
E-0020833,2.0450362283295225,171.9142873818658,21.23359289719227,333.907005228896,8.978154069996506,9.804872239959437,3.905621924135691,1.9565473349560034,9.795604291694474
E-0020834,1.964589493126983,177.22570137646946,19.802903171862134,149.2988375455358,2.850800652958,5.036184287717724,4.197127562670193,6.07493586143062,1.1444899931826615
E-0020835,1.5806408606996858,166.62608745217355,12.026702743940175,91.28774527108179,14.021770635108693,12.104668131916803,7.761617599650645,2.496384972808033,12.281293194067644
E-0020836,2.3469291164257067,60.62978160590523,11.745362996355388,184.93886702071217,2.586523743119059,6.451422610143557,3.128814819680292,8.28979072282075,4.053121503075291
E-0020837,2.6545601883470535,79.24506240621164,24.261405869640143,358.62249356658936,2.6338776483615627,6.346590610891983,2.964161815799762,8.647627526912302,3.6839633148840383
E-0020838,1.7313056892461047,202.40659396359757,4.912784231928406,172.11468563014776,3.4507253193584853,11.881227428226186,10.078286739113189,10.4430709160843,31.353684522285572
E-0020840,2.987675504523638,119.94374643437986,33.89266687641856,727.9976232237399,0.9007081545090776,11.649119092023161,5.479982765255725,16.005739843740038,7.252112885512068
E-0020841,3.3753121706116667,67.59655212475081,61.4807176820704,484.5964212227711,1.1067420267926564,10.144944599401414,3.121635932116847,13.726205384849324,4.7361405614055965
E-0020842,2.230409849903259,79.79656390329265,29.068050703040548,268.60645375653337,2.734952928152697,10.122698235064757,6.764731500307174,10.05969355319452,6.875735642936983
E-0020843,2.0612279098994812,124.69662120088596,24.974665385803654,229.40223068860232,1.9492119218685389,9.679090439651052,5.42229053941772,12.26396415113352,10.220970527593186
E-0020844,2.994056088699308,101.39015566477717,26.946390234061923,172.94479202372543,1.6386273486589178,10.897190053335013,5.049665947245337,16.4719159522297,13.213178724632254
E-0020854,1.6490215371816597,126.28104955450794,4.356941577620914,34.094652332287346,14.861687757842114,21.31849362260239,11.646210902351768,0.06393172604027944,28.60983387353395
E-0020855,1.5988852627298253,208.20202215217375,2.292936278178317,40.05810925708517,8.651968861236654,9.363168657194963,8.875563401650524,5.528481240002063,18.545001187990877
E-0020856,1.842824420053733,157.31836842958563,9.926582741781464,84.46603784948111,6.654180636052864,5.962142129781958,5.327515887893279,-0.6763472603048577,18.112806985947117
E-0020857,1.6060593751027001,282.7897251540146,18.613768965522535,244.48500590819924,7.475455718550266,14.475530271352408,10.84775286194831,9.704973806835163,14.149159424933721
E-0020858,1.4157942652792341,208.32130913770374,9.985616810139872,46.82613223154618,13.84999825287882,10.09211166401217,8.049509536904232,1.4047411905557592,15.65391739019251
E-0020859,1.6934751850485659,204.0001329775158,13.397887517539772,175.7284994103851,7.433989395583294,4.534222664612877,5.197463580702994,6.807989954676551,12.19210594170146
E-0020860,1.857748874293816,238.18397142429316,15.42920618704937,196.0928618182593,5.569282014296264,6.680492862468444,6.299225149545553,8.991296304839011,13.807216169800455
E-0020861,1.1903940871542473,228.74749600179686,8.139977684063014,149.51671611204168,6.235286030494177,9.721402031641329,6.011768965334295,8.765146934929364,16.855124679234855
E-0020862,1.5421764577345751,215.3367126723792,6.836855342005893,172.51987105514021,8.028630788685348,10.457771556742703,9.33456909096102,2.7367467027295955,28.229900077419618
E-0020863,1.3063374592966484,221.77540483863908,3.708709132691778,149.1493416378485,9.864928206251198,12.58453424502847,10.121790030431075,2.205316022302664,29.930672923257777
E-0020864,1.3063374592966484,221.77540483863908,3.708709132691778,149.1493416378485,9.864928206251198,12.58453424502847,10.121790030431075,2.205316022302664,29.930672923257777
E-0020865,1.6446165866042224,228.84703095099823,9.565680499429925,217.77387321469402,8.518307280933623,7.0685150311948375,2.8474608537744412,5.009957574917208,24.502759927384755
E-0020866,1.0516320914222135,192.3430455996264,4.806398201172836,118.60224398072495,14.223235130163369,10.181934712376819,10.101326492736659,8.584221502318627,35.18357401269778
E-0020867,1.0969571439699803,198.5036350840007,3.2320959326918475,98.41388780619543,9.668926628795669,12.445335762983394,8.454296443617231,1.9307207748323276,26.521722786331047
E-0020868,1.3156285429842478,219.65124763595563,3.80213740232795,105.40204629496354,9.99817901934232,12.509477045621754,9.593865075998096,2.0316203928490113,28.068749837057663
E-0020869,1.043016078716046,188.68179265884748,4.521201756551559,128.43327869774723,7.0191993591097654,10.745126016136453,9.519263485662075,2.8296790581260374,28.772743417261697
E-0020870,1.583827618576352,195.67915110302246,11.806582659466072,151.82807985944453,9.99325506057603,7.663341526949704,10.735664508720983,3.215161029213233,21.506360993333026
E-0020871,1.583827618576352,195.67915110302246,11.806582659466072,151.82807985944453,9.99325506057603,7.663341526949704,10.735664508720983,3.215161029213233,21.506360993333026
E-0020872,1.7177020720381022,225.3109763618088,19.260662474045816,142.13032429320657,8.992416029507034,11.355764575692156,10.73821286232074,4.998556844583573,15.702369352516095
E-0020873,1.7177020720381022,225.3109763618088,19.260662474045816,142.13032429320657,8.992416029507034,11.355764575692156,10.73821286232074,4.998556844583573,15.702369352516095
E-0020874,1.562748012611856,167.0208847948816,9.305993507298314,65.60598925996675,9.46243811937343,12.637009306003156,10.028672412253606,6.236186099667214,20.532432777017615
E-0020875,2.034701292570588,213.59281643219475,2.2589335929864753,92.50538044973355,2.4109375015931684,10.881399328066792,10.165105937424217,12.943472167984858,17.17568998120847
E-0020876,2.0502481496251885,180.04444105884133,6.670017688654906,282.527507020553,2.6500713412570684,11.948221371998194,7.560156493686861,10.606496331639459,8.733995775955044
E-0020877,1.165869489185972,236.0980443434245,5.450636543318495,135.84108366078053,9.855247943968738,12.290112723090273,12.494653056432853,2.8838067921891906,23.638146934306917
E-0020878,1.955438595921205,195.34918764788438,19.02929917949252,148.1801602659042,6.0777083723891705,6.15688426936406,6.546641532717371,4.934746994375444,18.606622224450614
E-0020879,1.9024593617164394,192.45447193677438,14.97920729068876,151.15333588179323,4.285426499750136,8.26365874856075,5.262487677937895,1.8513775074155574,17.500228699588476
E-0020880,1.309953983545492,240.7875589739832,4.089903637441773,94.28781492939176,3.774228786746612,23.94734156619795,12.502201318091414,11.776151698541206,36.59271714134119
E-0020881,1.730663953562733,196.22000832197332,11.057126764325147,73.08293643662691,4.965298563000062,10.2916621664524,6.244410482040313,5.033612663717597,15.653038479240777
E-0020882,1.3784285547834683,132.4986956337461,15.821491222384463,89.79467836791399,10.96742853835539,20.59987461247519,6.048612216765399,0.5283257986945169,11.35294460874352
E-0020883,1.9931542033213325,83.69996428542711,4.637464421270587,126.22585405987452,2.457351514867908,12.81453617223891,3.6896756832085433,11.319342934772383,5.203326100584272
E-0020884,1.8051002678407464,120.65942970656944,35.5313753821457,358.18091976210974,5.446407221945672,7.009550464450728,6.243528675227264,5.926533788851363,11.963095708619012
E-0020885,1.5413227250698625,284.7104179968036,1.832498747319786,23.253411111063983,2.386348385934724,31.039649750233703,16.126050798580167,15.441330697749471,18.623555263381768
E-0020886,1.8559082986629893,148.82096436800873,11.499741521346111,119.88697901742272,3.0581069979239817,6.628069282248758,15.245280058172838,15.148326542970139,25.887720492223423
E-0020887,2.027494826120822,230.96670083010628,20.505929457724516,235.3255492356138,1.5612144343673908,6.844481877596383,5.693501355611085,11.497176799000865,9.352323957254633
E-0020888,2.4815325039494014,200.93803362346682,28.894996471433,287.46215874819524,1.2937118212776477,6.794467480524252,3.647984317632239,10.390614309613294,7.772182442927939
E-0020889,2.6695514086812,98.3222455376082,44.434450800352245,876.1715666002175,1.379756682650299,9.360622487667536,6.120672538832477,14.263240466481706,6.777752620505475
E-0020890,4.021115164115285,18.626787272579442,37.818010471780795,588.4818088608667,1.6222026083166057,8.507362768793639,0.8763830078295705,1.875594213534677,1.658070056302207
E-0020891,3.79808667479431,35.11879528344312,39.447512119323925,486.07497366447654,1.5377364419360757,8.956988201311693,0.8886009276823003,2.305230203017003,2.9103549966835454
E-0020892,2.62548265835366,206.96637522366913,61.67559575163975,265.2895889038241,2.7237435491058988,12.163005193687573,2.911568882410462,0.9040402859096511,6.04639836535404
E-0020893,3.19361090099423,23.906806924960886,32.20684324927754,327.5846177466,1.4271991204297714,9.869899759430384,5.789748927751902,17.203737765591576,9.493106034377217
E-0020894,2.008953994003434,140.09147735970922,14.864707819186618,278.0694159501669,1.7126302319799545,11.452688223607762,9.647323882708019,19.299668107295624,16.84486550743161
E-0020895,2.629684576385474,169.76972386485596,23.361038817856965,331.0555919104875,1.6706916876566564,4.882414277964713,3.306081980590991,10.95111140860952,9.638985673087067
E-0020896,1.3975683938475312,182.6034730093427,4.339809908966084,25.355079865353574,10.09284957434497,16.596574601160242,7.820322627370615,2.643689411109485,13.27289356145543
E-0020897,2.225862557056972,149.9968895400812,21.547718668324286,223.59369568721172,3.2019428438095408,11.360142473606448,5.264980790808736,7.566547867424857,8.352135938144732
E-0020898,1.5965065171152737,200.16957178575885,9.778151699435329,59.71315206983347,7.9802701374097245,10.106375500429948,15.892515945842831,0.004221582868545126,14.306824163236152
E-0020899,0.964891226794499,213.84463639402236,3.543348379442681,89.40110877895461,9.151584415184265,13.20376432731725,10.705446137412016,2.5478690762942233,29.931749987980925
E-0020900,1.8245394864669082,207.56020049800424,9.371105468646391,141.52207270797004,5.407299529118306,12.315278845787546,7.20615512887709,7.320080542603907,15.96922952773362
E-0020902,2.1208976456623145,97.94471323936335,15.741054923329784,112.49559364782709,6.296297530932775,8.232582155628256,6.484837882467329,3.819281975385464,6.061910347031958
E-0020903,1.348397330411795,192.3516843253852,6.892157314818918,50.22179389735841,6.398918850000441,24.09852195932116,11.51769374237503,8.357816926519007,17.433072195757518
E-0020904,1.3584427842876305,210.2338508398179,31.258133228012767,97.2098417410011,10.65679656061989,11.777709090449509,8.531406814741024,-0.2874000887169612,13.094791210565853
E-0020905,1.3584427842876305,210.2338508398179,31.258133228012767,97.2098417410011,10.65679656061989,11.777709090449509,8.531406814741024,-0.2874000887169612,13.094791210565853
E-0020906,1.5086867479000858,188.7900707393863,14.033116611046387,128.7224631560604,10.62609319701565,13.542425824545731,8.463818621569454,2.171671236542323,17.747889081829193
E-0020907,1.72573132082411,195.29083372587638,14.989777258710667,73.76458972737977,8.257965833904267,12.464509573365063,6.085307721633716,2.9135300939711515,19.322050370505806
E-0020908,1.489962591616057,194.57621560493598,13.401064293002392,88.76173836870979,7.371787557946025,13.76887954817865,5.656051398640015,7.7555481298438504,16.543652382231755
E-0020909,1.7791480965248776,163.56443838341426,21.649679224005673,117.42266052031363,15.150136996588829,11.984259035954114,7.491585767679629,3.0329073659720223,13.097265129330802
E-0020910,1.3562718857666107,234.76936095134198,3.9257324407867493,132.9089481739171,3.958807960630267,15.235280652559974,8.552846511899896,10.450789219370433,33.677276498531924
E-0020911,0.24066830480351695,215.89057363917047,3.284956764194623,33.77730959572873,8.41873154428042,29.99866169195967,15.652878255420143,4.874307595287505,37.96415878045276
E-0020912,1.128299474833375,194.49536557205755,2.0584640617816317,63.0193904560764,7.143772741255571,26.505156046710653,17.992687179183505,7.084708718514883,32.88568124137278
E-0020913,1.9206328883815966,132.99802015130544,14.965446468697332,239.21502266773135,5.279497644343981,10.963954906739017,7.300493407590816,8.740024092635242,16.11670078943624
E-0020914,2.5896101691381435,132.66159989128178,7.705095318382939,315.52430773672137,4.234087937245786,10.313509449604226,9.666976281687818,10.257520128091645,19.41004329729707
E-0020915,1.976521880924413,112.37582894045586,14.588018845684553,159.220294739453,4.795225149769384,10.78862179134039,3.2910597503470007,6.7679466943760085,7.546680171658779
E-0020916,2.675528833901137,106.94701650792207,13.712066248472134,334.80265020813937,3.8457562489791184,7.680965984892311,3.404160969782422,5.550254306010748,9.329482986355629
E-0020917,2.1810837808508716,105.91900496799116,11.985604191202203,206.24629452935426,2.818092477360003,9.329117508475358,3.505142529179344,9.49766464271179,13.815777691605488
E-0020918,2.7516378774403973,99.22566647157261,13.487842033302758,307.6287740040214,2.388908840649662,8.598004191385446,4.1929416800172605,9.368844445841678,14.291846413204723
E-0020919,1.2565852913521254,208.5249800703024,10.267731099796196,185.86017060750768,7.540281664497807,7.978042461922776,6.3418948019155525,2.3228417609358107,17.930743610101217
E-0020920,1.7157438830989096,137.2835991410693,9.733622024460297,147.30208590437448,9.275806762548301,7.4663953064686055,4.2016035898259005,1.9609619722882554,16.926094532767596
E-0020921,1.3312045412943667,188.02416458284293,4.238994763878676,62.15170430109892,9.230981601031887,8.944228619549351,4.406133470174808,1.2645921740534392,20.143119173939642
E-0020922,1.8051002678407464,120.65942970656944,35.5313753821457,358.18091976210974,5.446407221945672,7.009550464450728,6.243528675227264,5.926533788851363,11.963095708619012
E-0020923,1.360669519230705,179.04230806314138,8.544278952639525,49.888917751147254,8.998807602998896,12.615120690262462,13.148365205202394,4.708007214711829,32.025322048368395
E-0020924,1.360669519230705,179.04230806314138,8.544278952639525,49.888917751147254,8.998807602998896,12.615120690262462,13.148365205202394,4.708007214711829,32.025322048368395
E-0020925,3.7487276738531765,53.219924201267915,34.425178857271064,110.13192260966613,3.1874051031936625,3.5319418904526594,0.9395895662051326,-0.17596561208142686,-0.04531525722876639
E-0020926,2.7279217471375423,112.42018243868924,43.08971331477723,312.70779665649917,2.506272809340839,3.846793760470847,2.0250670011819225,4.7521404224250166,6.287162179814646
E-0020927,1.5093684841833257,202.07968090667066,24.930036748144516,108.05500995188204,6.19711952820955,7.130903309061688,2.859565494110482,6.290061232328145,15.235544260637488
E-0020928,1.7831456223198814,176.6486005449287,12.332858286906403,219.65332978603809,7.335008655655426,7.183551369743414,4.393447900530916,2.895169539089183,13.862779799411399
E-0020929,3.7297327613388047,48.393594889363435,145.2148900820127,604.791649763084,1.952586666422916,7.522520156599372,0.9989734134706053,2.324357510376701,3.271697100194185
E-0020930,1.9753966413319586,226.21293384541354,29.109955741363244,267.98701828240405,3.0097733032285605,11.642375676104617,4.1058210662569605,8.65562963891874,12.972710624343966
E-0020931,2.6385448249152788,106.75592776694036,53.454444017561336,586.1407769534283,1.3721811889601014,12.811156117628398,5.183738561662168,14.021195662222977,7.313310897892682
E-0020932,3.546630965562115,35.14408868034208,90.5765818689702,3156.1838931252732,1.6256608529145256,11.275575597597609,1.5291874496290805,9.112082179798943,5.370341456289824
E-0020933,3.5790111831664726,55.396608522287515,99.91165054725673,1094.287240251801,1.7928975362587163,10.977465684465383,1.510292577261885,7.967385826694089,4.289378208548632
E-0020934,3.5571235147117757,56.195739911830614,80.59999964310754,1158.9015073705305,1.4213780130129683,8.759255679603587,1.2911051232358552,20.128329095989304,6.419484732781559
E-0020935,3.058317436792402,113.1504325572864,38.16006600312961,1741.0087870619923,1.1010535733635833,11.161735961634157,6.55243562002447,22.21163119917434,15.684584711468391
E-0020936,2.056939034351578,138.58800943362095,14.743027281990006,95.06355516720029,1.3405283417489553,15.750207400567444,9.789925260046141,18.335804096557162,9.253219411172331
E-0020937,3.125038790425924,78.59612906606932,47.40472811150305,563.1234607703344,1.561869720535151,12.083507233487378,3.4108014191878726,10.906484726733588,5.778032846456082
E-0020938,4.096143733744291,50.986640032444186,25.17844814118069,296.3263009585488,1.8357055395795814,9.561117409845798,2.714234081158998,8.94861251138898,4.871996170281816
E-0020939,1.014962496334428,163.59835545475363,3.9542942833042116,21.965257684893515,9.477278131041606,20.994533691380752,16.32077320813147,1.3517852676165814,37.247120888801575
E-0020940,1.4241793903737354,169.54267173952027,4.64476159466465,57.79252999645503,6.555678979692301,9.861803223429643,10.369526130751636,3.3118974461213453,23.683964540612234
E-0020941,1.734185880292431,218.95884249955606,25.677419256449475,97.38081340598646,6.057746975704756,8.298145170935225,7.633277060675249,2.3896658722860558,13.04493015539105
E-0020942,1.7694058190724846,248.48039763429807,23.73677243611726,176.39487572821596,6.4231182092927215,12.39836954092671,9.793973366517474,8.20185674047242,13.496515004899832
E-0020943,1.6799514160654312,229.2828613812253,26.1347310467373,195.18455977715337,6.7939481873936085,11.258143566951414,7.974978883717485,8.688313116210765,18.017368582462566
E-0020944,1.7694058190724846,248.48039763429807,23.73677243611726,176.39487572821596,6.4231182092927215,12.39836954092671,9.793973366517474,8.20185674047242,13.496515004899832
E-0020945,1.6799514160654312,229.2828613812253,26.1347310467373,195.18455977715337,6.7939481873936085,11.258143566951414,7.974978883717485,8.688313116210765,18.017368582462566
E-0020946,1.7499300390666372,194.2533326712722,15.125872243726015,108.80204116627525,3.4045767613934035,7.9869031745821015,4.762476484497291,6.076098365135454,17.862489695063402
E-0020947,1.7499300390666372,194.2533326712722,15.125872243726015,108.80204116627525,3.4045767613934035,7.9869031745821015,4.762476484497291,6.076098365135454,17.862489695063402
E-0020948,1.7499300390666372,194.2533326712722,15.125872243726015,108.80204116627525,3.4045767613934035,7.9869031745821015,4.762476484497291,6.076098365135454,17.862489695063402
E-0020949,0.964891226794499,213.84463639402236,3.543348379442681,89.40110877895461,9.151584415184265,13.20376432731725,10.705446137412016,2.5478690762942233,29.931749987980925
E-0020950,1.259508029641627,235.63951279958656,10.45386385237368,97.11543366970865,8.982870514574353,11.45626604441362,17.67453303404114,5.605599115339524,28.45220164597586
E-0020951,2.6925588673622767,104.63114563459126,6.701330330043063,99.92802552927797,1.4837800150275955,10.117492144634394,4.320395918628799,11.927858915248574,13.532144660357973
E-0020952,2.646909752389459,76.99719840458755,41.848903098219225,218.5571911824571,2.126995743403678,5.826057690441498,1.9140352649165762,6.270712845772686,3.0297511490778017
E-0020953,2.5564190138581244,67.97184950875881,24.245093793340367,407.22712259460434,2.206971031644924,6.407693519087733,2.2058632941750975,6.230876458042891,2.4601631180145827
E-0020954,1.926848698808087,174.5599942249096,31.07435630414864,302.35312311074125,5.486896752051261,4.459491701636589,3.7034871450825806,4.8685958868046235,12.636495886272598
E-0020955,1.9830854025994515,162.29818546037447,12.405737949201384,73.93590016550182,13.21487796169401,8.976841579959233,10.6977233220535,2.3499684316427447,17.561690087308314
E-0020956,2.3362485239562876,242.78014006303894,11.923497622045812,107.56317403027627,2.8597492846133328,9.403428792257163,7.904181662836283,9.108244179045386,20.586403501829544
E-0020957,2.7279217471375423,112.42018243868924,43.08971331477723,312.70779665649917,2.506272809340839,3.846793760470847,2.0250670011819225,4.7521404224250166,6.287162179814646
E-0020958,2.3342762753064523,112.16304177402375,16.83182256220515,238.61918024611487,1.4213186648648515,6.663952249790314,2.8175539844929762,13.108556567999187,11.73906377356477
E-0020959,2.081305221557341,111.28881031500966,9.286013933613246,240.53821169346364,2.27764247878025,8.482984232609033,4.300353739130764,15.243133785706076,18.859091362401013
E-0020960,2.3910564590955383,89.97984814417366,18.47969951327307,186.5855119749553,2.3610319615513276,3.2063178953661002,3.1806730497328726,11.232106091974384,8.472930002595255
E-0020961,1.8541461450884777,202.00875311321238,17.675753588625728,182.04298943206027,5.228157886585469,11.240358678147285,18.654662886522882,14.669173238025861,17.82926132696277
E-0020962,1.3781850431474862,249.22157126442528,5.574127373404559,112.97548650637053,6.73264660653251,20.508583756709292,17.970628486068236,9.96222309480959,30.32713028273417
E-0020963,1.4957807586064922,204.10434460508012,5.834954121336587,93.19522110095441,4.7999899003156505,17.831635675809167,11.85690171644249,11.697405683996537,29.869187040824556
E-0020964,1.8837257232819629,182.89783589797622,8.770574638247608,133.18083955879194,4.729836985228053,8.540541406074329,7.289567926442289,6.95015735634936,19.42671756090516
E-0020965,1.834489833471747,172.88018112081303,8.664279921146145,133.72834558635165,4.83025499711956,8.342599719673515,7.312208284859779,8.433265060280466,20.89529786585774
E-0020966,1.67043225778327,197.11354606224222,12.883805942946301,156.49516334365768,4.159039973639004,8.649542825555944,5.6229256621955175,8.678436214172104,14.34211003240509
E-0020967,1.5149024207210935,225.9514163961537,3.753616197879709,278.3971543083933,1.8904538018876977,13.918543208688517,14.226550253540632,20.480857251223657,24.59551888293847
E-0020968,1.794500126823657,229.75981338251677,28.8742948810068,184.2079232963834,2.5683400238564946,13.298104566260122,8.2537352368066,8.13183145431709,16.338113609640445
E-0020969,2.617387705755031,146.18911699988968,64.43675434383796,406.9754717494879,2.7345583879923074,8.935893034579642,3.413944545955044,6.309577830973247,4.797260608224346
E-0020970,2.7638208410644056,131.12331952243116,134.23730979801462,939.2098544630871,2.4489360804181457,8.899130905658854,3.6335290367907342,5.825437930961672,5.835237353395705
E-0020971,1.9980325359149225,202.72288542070567,40.96876320750422,139.95399331122377,2.211535169171258,10.417917346047052,3.8639732793011223,9.71319711042182,7.963564950533067
E-0020972,2.5547385068039303,154.54618808184222,55.439441611910645,182.55652735171947,2.246190713525873,10.37466223839768,2.6831814058551804,8.72983249802271,5.911598567115596
E-0020973,2.0756390772659854,238.05647583526707,28.722802078807465,288.01404031701287,2.0870107916439715,6.202348256284589,4.665802914961746,6.7133289620986165,18.361952228450235
E-0020974,3.3746974056124612,101.06758907214875,24.116801501140035,548.5451274743093,0.8650658867834147,9.865955302453667,2.7777555014475372,16.403645058066484,3.3796962925906233
E-0020975,3.0561225084568573,80.34845046295179,45.78703642431934,885.2824891513563,1.3627343570409576,9.29159572746162,4.393499564729599,8.80514905970246,5.327776953218837
E-0020976,2.9237907448323237,89.07888321888984,110.44745437867144,530.2695858225078,1.557461431582502,6.812484285950384,5.932917183032425,7.212568246195618,7.736732390925394
E-0020977,2.1223946683500934,240.62283164116292,9.82205761798133,365.54035945764014,1.5084589263889878,4.690637213912019,3.414710837069864,19.000626934669867,13.252921113011556
E-0020978,3.28330615128756,143.28618522437512,216.2702432504771,626.3876585757021,1.498314867956989,9.343531725233959,2.4515720829511145,3.3049334273112554,5.880348520117843
E-0020979,2.2137046581898927,129.7452429258501,5.33364084135318,72.20883918659,6.453738729780599,4.676587822195776,11.128982836081459,5.572290293340241,27.747582578864474
E-0020980,1.2276123607102212,191.54269498512002,17.42563913481929,123.48338103938245,11.456139514704418,14.951938708794927,8.892561954868972,1.2157154782544282,13.224911759609112
E-0020981,1.2276123607102212,191.54269498512002,17.42563913481929,123.48338103938245,11.456139514704418,14.951938708794927,8.892561954868972,1.2157154782544282,13.224911759609112
E-0020982,2.4554439149259806,70.80228587374204,14.563457234512134,191.17306022932038,2.35957584346234,6.681958639916608,2.6991912551318444,12.76931866077896,6.710895050272816
E-0020983,2.04272732809361,174.9733592447763,13.683424144504338,78.08710085268943,8.195115719007488,16.722749742352107,17.122814881952696,4.828503505509447,22.982718012819337
E-0020984,2.048448493704759,196.7407602987825,5.844685509072257,166.01067812017436,2.231218257168345,8.456781123985959,6.952745927368239,15.83073148745413,27.057672801355587
E-0020985,0.7164217529100889,197.81628560436178,1.8405270130362241,58.6771930721558,5.911531191157899,21.38194333311936,12.533899843942482,3.494518104493979,43.17167422462284
E-0020986,1.694047688556604,168.17616295612973,2.6382882853050122,99.54021698964672,5.010997406417722,17.937631731542346,11.698829845597317,5.071787642181814,37.47799788347189
E-0020987,1.5129613116320157,133.9337613690299,5.073224525844383,62.392440888258776,5.767378513112369,21.424452812355597,7.628957431915439,7.18186461078611,30.63541187680876
E-0020988,0.7974939927907455,189.52592785703456,1.9268196149806056,24.415776492663113,14.589503879033124,23.422633319411812,17.126857067296392,2.2512490922849904,36.13533966905264
E-0020989,2.8530500449792155,42.0478605647571,29.787762358404436,396.2819009093562,2.1570778309171854,3.321015511942394,2.0609558730898874,2.1196185222307053,6.895570973296139
E-0020990,1.644216849704489,120.43024488799296,18.408394993832168,451.8225255060552,9.233729356470118,6.783162691145803,6.191501005043563,1.6301239915242405,11.510464750189369
E-0020991,1.907130003227443,173.27283334421506,27.07839915171994,380.3441371327426,8.869723881376395,5.7906275325564955,7.717148914662963,2.3341072486857986,11.097407521002076
E-0020992,1.5734107366581493,221.95487312156285,16.390579303893425,133.71525091098445,6.486228137535213,7.903680089396582,7.41037195461924,2.660348886441361,16.889120874422844
E-0020993,3.0293650189928023,72.99009645037746,39.36662002142847,304.8577095982688,2.20542386553853,5.878449255393868,1.1997183514316625,5.856498312240033,2.7631224216652424
E-0020994,1.907130003227443,173.27283334421506,27.07839915171994,380.3441371327426,8.869723881376395,5.7906275325564955,7.717148914662963,2.3341072486857986,11.097407521002076
E-0020995,2.4539398849017213,126.14342003255314,24.84153522926171,166.4641984014088,3.763464264712286,3.965783118539943,3.779906599147675,2.202566735808684,8.332224533757444
E-0020996,1.892224699247883,170.1332316508327,9.714360743925022,262.91189756616285,1.2649777173589727,8.588980246724324,2.9358467137539623,13.038004447842106,13.424987213204162
E-0020997,1.892224699247883,170.1332316508327,9.714360743925022,262.91189756616285,1.2649777173589727,8.588980246724324,2.9358467137539623,13.038004447842106,13.424987213204162
E-0020998,2.3342762753064523,112.16304177402375,16.83182256220515,238.61918024611487,1.4213186648648515,6.663952249790314,2.8175539844929762,13.108556567999187,11.73906377356477
E-0020999,2.4561422127032086,46.73289541221193,15.80530521062153,202.89041767909228,1.2854245433951088,9.628655602609957,3.4198453809826885,16.94365574934377,3.525053945997968
E-0021000,2.6918651268168374,41.95860232026956,15.635019954562297,303.25473862105736,1.2214865686065175,6.829797953735159,3.48421211609897,15.138104992492009,-0.5206088346854332
E-0021001,1.4660936983505541,183.18904743288576,5.431404025524847,85.66637582265636,10.92137501691975,8.186304912619633,8.772052999605897,0.0835658957278872,31.20376875739251
E-0021002,1.855669933700191,152.36209177952483,8.14649523982531,96.23283989300388,3.1928497440998282,10.79179978237443,5.244446534604384,7.756655616624239,23.591679378826612
E-0021003,1.67043225778327,197.11354606224222,12.883805942946301,156.49516334365768,4.159039973639004,8.649542825555944,5.6229256621955175,8.678436214172104,14.34211003240509
E-0021004,1.9616194789819212,160.4623919336584,22.641483178567288,316.3566836735399,4.8930830180098495,7.440683531689678,4.656035630092943,4.833678389904131,11.742292008841336
E-0021005,1.5742697925350293,227.42995785184098,2.545489236029678,147.29457170114392,1.7772995320185436,29.077332144390923,17.077041671063707,20.457935748993176,25.285715717158123
E-0021006,2.410043643346765,96.13119944618684,20.39071200656671,455.7203927828797,2.6533383918746436,5.9898051925556945,3.786932948349231,8.397408364002752,7.419868887250394
E-0021007,1.2552853077850192,253.46980445119146,4.252311322998281,23.40429593300506,13.204179160750696,7.19627363402771,12.117453131959218,0.4052875971597708,21.96382289563384
E-0021008,2.0888333769625014,128.57974274881076,16.341913335023925,283.2825368812816,2.524171925307944,9.063596837577226,4.93386584015716,6.122616167046722,14.094407465779295
E-0021009,1.8520770174641914,78.86829066199864,9.910245294132928,237.17991780931635,2.7502953475164427,10.420895165910963,11.825624745036688,15.594891764539875,21.11252178436711
E-0021010,1.2447907348462437,251.08822614671584,10.808001552533,34.71615277279731,12.378567716058008,9.06880626860632,12.506433408093901,-1.1771228848130506,16.899287891216936
E-0021011,1.1630161653174835,264.51422235694,6.732447132437797,52.31163047359508,4.602547975045601,11.049717965643968,14.040565914384196,3.923281904123781,16.579006512955736
E-0021012,1.1763937813224996,248.14724958277674,9.92249521709824,52.803497943855284,7.9005674689908565,9.897203545690989,12.003752830991893,1.1822357066657834,13.915498171060998
E-0021013,2.113635521451732,120.78609822095152,11.011206492819525,83.1945755294052,1.931197206416564,7.296543853412251,5.396898341586198,12.523545274374086,14.986320885095322
E-0021014,0.16073385949236763,276.0333844343165,0.3156126290484987,19.002486249986056,16.850271314909826,28.628701046029235,21.725868757883234,-3.0334737903210427,31.05236260561045
E-0021015,1.8651380246784957,172.87041795361299,7.7217173799327465,136.93505844247812,8.536866435566909,14.25437138571284,7.7994657772528315,6.303470940028494,20.809430504889914
E-0021016,2.371825107903234,88.16857335246304,16.559888728198416,176.23942126321168,2.46403814099191,16.134751570094345,7.471216382551702,10.414573997588402,13.445180807078419
E-0021017,2.5221779475549044,69.5827841391214,25.515166820524463,617.8114880878431,2.6104341292917588,6.524829015239032,2.5269515714371074,8.34000702717222,3.3603805820342023
E-0021018,2.370844783576919,89.12437741549846,25.072611478444443,387.8200292818068,1.5813888927184243,5.757220165776785,1.668744567477923,6.376462872723157,4.124102845773012
E-0021019,1.644216849704489,120.43024488799296,18.408394993832168,451.8225255060552,9.233729356470118,6.783162691145803,6.191501005043563,1.6301239915242405,11.510464750189369
E-0021020,2.320423052081587,97.67307166028628,7.300622534612593,96.46794383814148,2.9005979886311404,6.305214224880663,3.9362629643629847,8.135474196072906,11.384626082326118
E-0021021,2.5028640441986347,133.95390286165195,10.376392432076104,312.0622447938516,3.2108847516466077,6.892314331052331,3.3430343259887954,8.685576009764318,15.441599635594168
E-0021022,2.8116991759680134,69.22383194152707,10.319035251435754,63.39222358106684,2.1461447966180938,5.848309351705771,1.8743963472922078,9.685212550216797,7.624074542266556
E-0021023,2.0754585796446934,117.53761882354775,4.458350772822653,172.2964685991464,1.244735401587328,9.196212728873714,2.7774787582171077,13.910774041094154,7.308940989866763
E-0021024,1.4834328839266209,199.45561790382865,17.162701950101322,107.21812433901371,2.722287579793556,6.59019320758245,8.416196239392777,8.813671184325106,13.481064768224586
E-0021025,1.4834328839266209,199.45561790382865,17.162701950101322,107.21812433901371,2.722287579793556,6.59019320758245,8.416196239392777,8.813671184325106,13.481064768224586
E-0021026,1.4834328839266209,199.45561790382865,17.162701950101322,107.21812433901371,2.722287579793556,6.59019320758245,8.416196239392777,8.813671184325106,13.481064768224586
E-0021027,1.4834328839266226,199.45561790382865,17.16270195010134,107.21812433901381,2.722287579793556,6.59019320758245,8.416196239392777,8.813671184325106,13.481064768224586
E-0021028,1.5387592157705103,140.02567248029027,10.572183645068614,124.44499426264144,3.0263486849632315,9.164669911817159,3.0537257034722276,8.854804548997219,19.181066446917185
E-0021029,1.4199719594165399,192.39052433125624,8.567533235453643,100.54931219154838,2.844686682577648,5.968468022878563,5.0470752542499895,5.173938120162193,22.189443889568572
E-0021030,0.17590764170112527,223.0286909044764,3.703133061509172,58.71766920715863,5.5026410862473645,8.157618037665223,7.121617111661074,1.9919698806561488,20.796324003787234
E-0021031,1.5350276058284342,182.20456062484902,11.55820342853205,85.96502233038176,3.1259711580415956,4.907089151964507,3.7944824348896793,2.897457637631425,21.305529920151223
E-0021032,2.387430489366133,116.78980722612275,14.889211138182219,185.14246601463032,2.761333142540011,7.5550502651408795,1.204956809091202,3.9836832462921103,6.593717630253206
E-0021033,0.6636393701449501,254.34902541677747,5.398061447042382,110.83246294879146,2.376427127708657,29.165240066117008,16.755203212312285,15.966610325722712,38.547217116861134
E-0021034,2.3017953800427478,71.44656854478825,14.790124841203122,200.26027480976757,4.533328675045161,10.95323805680971,2.75744036686946,3.4070011158606337,8.196555886559388
E-0021035,3.239756587865619,77.45260042026754,14.314201989720967,267.1901075817737,2.420515091785568,5.920029714005507,0.8534979843361036,6.521336795492626,5.377880982670801
E-0021036,1.9156563157353559,184.7967400766787,8.269895074758308,187.56906555114054,3.022335200196164,6.479211919813286,6.204157626545728,5.0690110536482464,15.606975675573661
E-0021037,1.982092706386783,182.30662206833634,4.61563886900745,103.86174331930718,6.057877630087058,9.163147807505144,9.956361554322296,4.67730814906788,22.88010869256395
E-0021038,1.982092706386783,182.30662206833634,4.61563886900745,103.86174331930718,6.057877630087058,9.163147807505144,9.956361554322296,4.67730814906788,22.88010869256395
E-0021039,1.7909097185139535,190.97120125225672,5.31960567111175,62.87097105338605,4.960066409632826,14.29311081637498,10.595796795434099,7.666706583667238,16.718787576426855
E-0021040,2.7596011096806183,120.66695224063656,33.60569032826843,274.7709650470133,1.3211224910755732,8.947041627609241,5.19991594076246,14.259987490250628,4.579186727864872
E-0021041,2.776113420583716,209.21290343743846,41.94728917442433,233.5985141088589,3.1867770240881343,9.337958130389262,1.074229570703513,1.5945509515303942,4.982491583468162
E-0021042,3.226151644200989,71.76369356258455,92.3548255542658,469.35171175567143,1.9736267196704211,8.179443120115906,1.0331031259302863,1.9188756939422267,2.241252587756418
E-0021043,2.835540811845143,56.36927685928548,35.39821982847039,483.0512716650299,1.0677623618072878,10.022831284519395,6.500664115730375,18.09201211068239,9.26711183438697
E-0021044,2.916636706127428,97.7244052119573,103.09370597971224,941.6140604503139,1.402215811283693,12.138889149102134,4.476342018871786,11.22877893179712,8.221459555815034
E-0021045,3.7693023579814113,34.39124854103239,30.701890434136654,357.75132821638863,1.881581342424851,8.414936781970013,1.974351290081033,6.213773223382555,3.2539662767632738
E-0021046,2.5804374776635006,124.72040886717329,14.592185914751118,405.5337365617441,0.9113083881986499,13.267921599356278,6.2637775213781355,20.023213452652573,7.747176368040329
E-0021047,2.5284027399565616,100.68856853037943,27.392138349612104,347.2044339441714,1.0630039084352627,7.805738070580893,4.411052547436386,18.56124395500131,6.0529487139489335
E-0021048,2.912708983912707,130.42017894026145,37.67587905003797,200.9461820164469,1.5703094884857671,8.883650174878031,3.5646131426249443,22.674573845859054,13.075307121212495
E-0021049,2.587615329110082,116.30115352980687,24.316182601260493,479.0828658035075,1.2623258271683655,11.076715725624032,5.833203289362436,15.581171578726112,6.627599117030926
E-0021050,1.6365061739982618,121.54230883623674,21.969527711268704,211.3502655973172,3.699386565503737,13.644395825433108,8.170227243809377,11.295090403675605,20.1343615667057
E-0021051,3.150263648188816,91.07270573722616,16.365713072201327,935.6354083707945,1.2271576320938788,11.64432550880955,3.740818654839443,19.36777476991838,8.800550579160891
E-0021052,2.1278566927999583,88.87997264414932,16.014123061816075,91.93119715723432,1.731744251422747,8.192197364085596,6.562470961004053,18.32604955833072,18.235632279203678
E-0021053,1.9670880889001112,99.76968378773158,7.082302800562117,82.52371529997009,1.5788370198047508,12.688840832523141,7.251559431855412,18.228928093019995,19.74787761835074
E-0021054,3.0339638104174287,115.25564738027171,27.306767365726643,199.30871610687032,1.8715210672446976,9.764512723010615,3.5636167520853124,17.060908168978386,8.839148415143839
E-0021055,2.0720249692894814,224.02557238030192,21.471746462116993,273.5009649617701,2.120175642749198,13.962022433426355,5.659623113493565,14.539502200735896,12.426976830777074
E-0021059,3.795037044187302,63.701815929008006,36.14649700635071,277.3489459245825,1.5576123511919167,8.915143772733547,0.6564779413311167,6.963587894683249,2.738847417457639
E-0021060,2.8029182440106997,118.11914598629991,21.130763705419973,291.09657756295934,1.6811267387686035,13.766008856568575,3.11676793105545,18.38633861540583,10.444591040653373
E-0021061,3.5158243615689204,90.35124939651182,19.431548494945837,234.18954726551215,1.021804806376896,10.303075107459106,2.349100759031998,10.931278870813589,3.3872438904252764
E-0021062,3.1770001701260604,109.20178321256736,22.705958025546856,529.5703471459973,1.2246238551852933,12.387345850173759,2.944442966523402,19.733238180814897,4.2792120398083355
E-0021063,2.0686513455711264,231.00567249724864,10.603101287857818,124.09844003219047,1.9604106455997723,6.175732523454156,5.312888433595862,15.090155447574228,23.543705440776012
E-0021064,3.6124038989324236,81.42769101831044,48.066628330695174,1064.520175646828,1.4503030389787428,10.006635859841007,1.2654853405793187,6.634667670909432,3.680150682215555
E-0021065,1.9528300256444031,86.97167027751667,5.32615038211213,177.04874316176802,3.096487032595891,8.162642777088378,7.2800358813790575,9.788765916757713,19.82514365830349
E-0021066,1.6760411153300838,180.87256032322,11.937330672520012,165.50258039069783,4.652235335102187,10.155611132727426,6.7573281102861875,10.921363871755917,18.060450984526618
E-0021067,1.8811061303386214,169.83606093932133,19.1586938508946,214.96040700880758,7.8067308117835275,4.871170996710191,7.980188401325853,0.9610584278933596,27.730386142683844
E-0021068,1.3694467228132066,206.8685959673323,5.1704037276093135,62.26768707543903,1.3546892970616682,8.599687250149536,8.849792590589184,12.181252912740531,25.023817515050272
E-0021069,1.6774644755211656,189.1378924001479,5.13048053169403,95.9696166390891,5.448105101198599,8.310389791855542,6.522736729026059,6.871709450786037,24.071347783428465
E-0021070,2.4772361058489785,88.09858295892425,10.405391592945712,196.60571061893924,1.3293239523998048,6.193905699916728,1.4733260569808775,11.961422317438158,11.569719231363617
E-0021071,2.022945917413187,142.5206095653939,7.744948986767791,311.5407886257433,4.217597984823796,4.051746298677068,2.657584396169702,12.238714619917413,15.147506836203746
E-0021072,2.7195051354442352,134.53427543448234,24.156715259845136,426.5158236188427,2.124161922418299,6.707153268743205,4.5872996252714335,10.064665206899726,9.688659515351079
E-0021073,2.846211672153,103.06503711587906,33.007448498522265,374.18959842143045,2.5091003573833857,6.041534935224783,2.774345847196626,6.622568565090234,9.374711918732025
E-0021074,1.9164209249369717,189.02681114694312,15.91988533964287,153.91811304569026,4.129199748311742,6.40210021870758,5.296070057727656,5.773977163706556,20.815015024614567
E-0021075,1.9164209249369717,189.02681114694312,15.91988533964287,153.91811304569026,4.129199748311742,6.40210021870758,5.296070057727656,5.773977163706556,20.815015024614567
E-0021076,1.8159268229799477,143.92423987164932,7.117667856960766,207.2178931354158,3.5238360567785634,8.999931659773235,6.643625763170377,11.716935935245091,30.258470038997935
E-0021077,1.474178466320549,161.26746458864926,7.786505978049672,126.34280311270105,5.152827730684477,11.25156856805692,5.468455762813068,4.838196388873053,17.939751207676906
E-0021078,2.5652799796912724,188.93684449350982,23.646991082361854,212.62539091457006,3.7010667916533744,6.019360530693487,6.530933015525358,7.440074582035883,11.670059875465412
E-0021079,2.2486904103378778,141.98655911570367,23.917506695048935,300.3955399790046,4.11692932872875,10.462997825793138,5.438535549925196,6.40990285739032,18.583876882362006
E-0021080,1.424104970474939,246.18173503901355,10.438537339144228,122.94358180743559,7.227731980866886,8.392651369018736,9.550397299736918,6.349067104042761,24.972648949416865
E-0021081,1.999470589096341,122.55776345891269,9.512385851104352,62.81449960075521,1.4659049528508845,11.210038927379276,5.874075077911512,13.072014575409494,13.968144429544095
E-0021082,1.443148976208116,207.5362730407459,7.055743792528693,66.60217456144375,6.396523088908239,7.883954765238717,9.045448638149415,2.300699031309441,21.355299684897698
E-0021083,1.3573525195075546,210.23742022100566,6.328893146552033,51.08783417748326,1.1760544841317058,11.187073744845886,9.166822119347886,13.141415927009023,19.661110242994752
E-0021084,1.7710556932423795,194.18224747974065,10.605360557246003,59.65333723780544,3.1802153903706336,11.95641518424028,4.66946303818867,3.581734689375913,15.086215999637798
E-0021085,1.7710556932423795,194.18224747974065,10.605360557246003,59.65333723780544,3.1802153903706336,11.95641518424028,4.66946303818867,3.581734689375913,15.086215999637798
E-0021086,1.7710556932423795,194.18224747974065,10.605360557246003,59.65333723780544,3.1802153903706336,11.95641518424028,4.66946303818867,3.581734689375913,15.086215999637798
E-0021087,0.6466720046086264,226.4671340713828,6.798756134430041,61.09990555152663,3.9651191545834643,14.757520970791111,5.437930465519241,11.981489373867705,14.05881554799768
E-0021088,1.1114671614616274,201.01925363075392,6.1936005082571235,71.71053627999453,4.37986111149584,15.08860452316773,5.310738203120328,10.080780719337062,14.169921420964332
E-0021089,1.5962350985121043,200.6258011715036,11.68173468736211,91.44401031272751,4.205905643688282,12.179812459338454,4.9741532203416154,6.528328985998979,5.7001261055967865
E-0021090,1.6760411153300838,180.87256032322,11.937330672520012,165.50258039069783,4.652235335102187,10.155611132727426,6.7573281102861875,10.921363871755917,18.060450984526618
E-0021091,1.9272848038855863,145.12846174446565,8.266062393910325,252.37542221038973,0.2657492878880357,5.49334344113878,2.6557747968494967,17.106869250359345,6.542058019391729
E-0021092,1.4029277456840834,189.80141769887322,2.773043261820444,88.62420980625458,4.396072880454444,18.138852589473732,13.13999398521604,4.968520897168279,39.887006214685556
E-0021093,1.8545305560796275,141.52562637240922,2.8028784577767607,96.4203399715818,2.120779610463926,24.901133648775794,10.272334625591077,8.104189028676743,29.25029840115745
E-0021094,2.1056628353079825,93.4866977949924,3.1400450899514647,76.59020764441175,2.8713557701922254,14.503510334658461,4.6449267495590565,11.856987315352688,15.595834367822208
E-0021095,2.746756538718303,90.13268538327239,8.876477285617261,73.35250154035023,1.7011875668992156,5.9214507571825745,2.2328660231035236,11.367899034273652,4.650657845040575
E-0021096,1.8491880981614712,165.24976024517218,13.609874990643275,589.9971623403169,1.416142408646109,15.209789533462612,4.829584166085997,14.249785253700225,14.631103106547602
E-0021097,1.8491880981614712,165.24976024517218,13.609874990643275,589.9971623403169,1.416142408646109,15.209789533462612,4.829584166085997,14.249785253700225,14.631103106547602
E-0021098,1.9051565053632185,157.97583683827298,7.853410895590544,390.1747153074012,1.165387514350702,6.80182809281767,2.992015139114194,14.343382911816331,9.132890782928339
E-0021099,2.0759788641021513,117.40829162326727,7.339310011672305,198.63844895795287,4.898421700979399,6.010628945569829,2.6763404336869034,5.93716730372121,16.91158890946255
E-0021100,1.8320062091840454,185.3505100668646,15.127080659634466,103.5204728792567,2.996722047852741,4.893009396996356,3.454086066048303,2.5124202768651074,11.309672609718742
E-0021101,1.611456313115154,169.0112059238703,10.006079535137262,79.994845631982,3.7578284055861664,10.986998117957139,5.444209675438889,8.215984209791976,19.889829288078595
E-0021102,1.441088802679134,190.01975202379336,14.492773552065676,355.73916275937927,5.098954715580006,8.592678599799175,10.574842758009014,6.26812911648284,26.432867039866377
E-0021103,1.893426812023613,93.5202158046898,15.62804978434533,358.5913862537918,4.8129453000154525,8.862309002034959,4.420402317439971,4.366836659389533,13.093189612738826
E-0021104,1.441088802679134,190.01975202379336,14.492773552065676,355.73916275937927,5.098954715580006,8.592678599799175,10.574842758009014,6.26812911648284,26.432867039866377
E-0021105,1.893426812023613,93.5202158046898,15.62804978434533,358.5913862537918,4.8129453000154525,8.862309002034959,4.420402317439971,4.366836659389533,13.093189612738826
E-0021106,1.6962338154965841,188.61428039001092,5.373185573875611,103.36876608413064,6.445276154629967,11.790407387380725,8.654802885586477,6.77812597485266,22.037943198289035
E-0021107,1.6684289023604628,140.1009652874453,6.295659595619034,48.12855267651936,1.3588486518004246,16.563789217935984,10.58963333072314,13.720990184720582,20.38044172427584
E-0021108,1.5333634272430856,173.87117569177093,6.880710428886639,42.37526452861186,2.535063839095681,16.52986272228606,5.223997843090094,8.922847063702253,17.914652967449477
E-0021109,3.2008490300587744,46.50788917685414,41.85084527906897,1098.491754691884,2.432013868367995,8.21077803873291,1.4371723475969493,8.976765785683693,1.3290325765367592
E-0021110,1.3844335399669894,226.740447907585,4.062473604567257,69.23369277550027,11.90010945796726,11.731361894745731,10.379734033087477,0.07292507803956419,24.566804715329763
E-0021111,1.5631095752054172,171.6382810133232,6.618849004430499,84.15357512409575,6.3342271190048605,10.67023437781162,9.867402930189465,3.912820562859268,25.517907858793777
E-0021112,1.7710556932423795,194.18224747974065,10.605360557246003,59.65333723780544,3.1802153903706336,11.95641518424028,4.66946303818867,3.581734689375913,15.086215999637798
E-0021113,1.6590595333684528,148.36907075143418,8.846780897762729,56.57558132138024,4.802775723519818,10.78777373330523,5.467346270921521,6.606818195639908,15.072792909762452
E-0021114,1.5290404152621169,196.2782565517751,4.579913372157855,93.71679524092653,4.739586682854194,18.281047831098622,11.414464791144301,11.268387273426018,33.533444350137714
E-0021115,2.1263761047738727,112.5940764803051,8.149217987816241,513.8491053414846,0.90999423451466,5.536270253808061,2.2667316292603794,17.244699092927085,11.098025257991852
E-0021116,1.6211680248027849,196.01423791054543,4.025038738990697,102.12998819693095,5.974664120323857,12.220394722976753,11.431589555064134,9.5549610085497,37.05770090291357
E-0021117,2.9522845296189195,88.55409311654158,17.253551049169648,285.8241888005408,1.3638264016511072,8.742064216568377,1.7073846392165573,6.3764050203264855,2.310612625941271
E-0021118,2.3748028210546632,157.32615771997914,11.43726077384169,356.09694929929054,0.8510294778095254,8.287011313070355,2.168877560127411,9.530675747140265,7.560023005379013
E-0021119,1.7419683844718676,197.77471909404943,19.468088399242138,79.49242041184674,5.470332584100224,5.301202126896678,1.9853752979811021,2.474752478063662,12.808168007807653
E-0021120,2.408624769307936,105.77209760597225,11.677334459085351,107.64360644367024,3.034986524864003,3.753677217698388,2.0335589540161436,2.416045013156931,3.163058646079782
E-0021121,1.6713267118881732,149.50088863922622,11.45352699849059,166.4922382600592,2.342406348078949,9.291430004290262,3.7585523564644823,8.683827332810832,16.10803261602208
E-0021122,1.6054266612833266,197.5616532511661,30.993609442465008,139.65605124303593,6.6980305573716805,7.421089276108831,2.989378801163483,6.652625001714511,17.98051449673609
E-0021123,2.6284854234813264,99.10993421580534,71.4843462875171,603.8133537105954,1.4661786016353422,13.864772728888124,9.553423195801964,12.043006549897466,8.377105529388752
E-0021124,2.567594401595318,196.31065542258554,24.39706368799971,418.01090286939495,1.0455992109069998,13.526930757935268,10.02636542429913,17.510639903881305,15.727978735739685
E-0021125,2.6055552369664774,254.61316906770688,16.009609734622437,242.6176225588929,0.8381470257952855,9.040458198533578,7.729029640518451,24.722423391655937,18.38145373591857
E-0021126,2.566180774028505,245.71230846032245,18.97233041504315,306.21674994188373,0.9504009236249151,10.24732730435679,8.011274792372935,27.29284262704696,18.5324827698573
E-0021127,1.6417640499462096,174.63184565994715,11.550033949994358,178.83284934387112,10.408289822391367,6.6114248858543325,9.767681981357397,4.338087769821804,20.22871824179135
E-0021128,1.6707823808020106,161.59376689496048,11.41820038239779,300.564489920683,5.369515168763617,8.758702161003026,3.495722509450487,3.0469063461604726,9.961363194369262
E-0021129,1.567900265650298,112.9961708346734,10.777284459811854,127.70932667677681,5.422812603007033,10.232953638867265,9.030685134152618,5.548046645873198,18.403739025274067
E-0021130,1.4316004640833913,237.19397260765777,8.67879642265802,113.83603182681776,8.402661305351991,23.050982341614784,7.769569343733813,7.378250143578993,20.3678884822885
E-0021131,1.4316004640833913,237.19397260765777,8.67879642265802,113.83603182681776,8.402661305351991,23.050982341614784,7.769569343733813,7.378250143578993,20.3678884822885
E-0021132,1.4316004640833913,237.19397260765777,8.67879642265802,113.83603182681776,8.402661305351991,23.050982341614784,7.769569343733813,7.378250143578993,20.3678884822885
E-0021133,0.7175677143011552,222.02873980057214,4.9055024013622885,46.316555404128025,13.293835344993475,16.680814808175164,5.523549623668863,9.660727054336276,18.049561551438522
E-0021134,0.19185993209416913,201.69621985657182,5.804719545092504,64.66318439888421,7.119936085903977,6.456790688499311,5.302131112453631,0.9504300964621603,17.318851626418727
E-0021135,2.85591964806654,104.51300096493196,18.393977157070623,571.582344669827,1.0204400332555184,6.836805105009861,3.1175934006460033,21.085602368622204,13.635005699709343
E-0021136,1.6273131657540942,172.99206383613563,8.650570504995306,72.49162560035265,3.76239827778408,11.36940317035273,5.161639103528779,6.930352692231573,21.150402289079175
E-0021137,2.2217956086636126,63.70497774381029,12.531821379251834,381.44516675479315,0.9836352214093329,8.732815309653088,2.364095380556633,18.550017497328902,8.38385442653149
E-0021138,0.2622891599930581,121.89475608745651,5.958708138563554,70.85522367831493,17.658051732918985,9.818291362240483,8.857789850042643,0.8125830626717152,22.521166319033455
E-0021139,1.5597996140401094,166.536324240182,7.518282277490756,40.128873302504566,2.470939517861735,15.730999746948132,4.47609340499432,8.634254778378619,21.100645046104667
E-0021140,1.8476189349849421,146.05905089079187,4.290147752953159,53.78187070578677,1.1757866147909422,14.489114215781562,9.297866143863539,9.532621859665262,19.34517151367826
E-0021141,-0.397589732540099,224.26721739979848,4.49829840225696,35.60313099890865,16.03952766264072,16.68358140133089,6.632033813511651,7.757348045483919,17.699045856526496
E-0021142,2.4462698545130555,195.37527377921435,9.588796184122113,308.47278892036746,1.1151981274420457,3.638730441295438,3.424236825065159,17.09702444262298,8.045830834134799
E-0021143,1.6527612228955104,247.39668344742933,14.20432162609226,321.32254276482826,1.2779556634435716,7.621032722485617,6.767709054436278,16.821740443285282,26.33212128232556
E-0021144,1.8013015597291666,148.23616319652945,8.829638115504485,160.68316380562197,3.288162027495167,8.967945593493747,6.404866664615081,9.783837836141268,29.217350528350526
E-0021145,3.5164810321064417,65.95447997177132,39.623520011656396,363.95204050137727,0.8975852800284125,5.743374300940474,0.277331805315178,7.281379406808147,3.7594365212962373
E-0021146,1.7600648874401972,143.89987170103217,4.924059477186874,107.93564453786846,2.569060335590304,9.06825776554274,3.1051553838355863,2.6794587607696636,15.04736216000582
E-0021147,1.5428679543945591,179.50107990917724,11.205031010265754,79.38012669304214,2.7813480567548914,5.163974309306173,3.6894873315476966,4.468371549582217,21.945019462449245
E-0021148,1.6875125895576497,186.48253447679463,13.734225009506416,93.23871458302294,6.099068648394247,5.4789379429260325,2.3723375372061364,3.814240666498489,20.506441881304173
E-0021149,2.283955410645479,126.15535412275517,11.882338553497204,135.3245794064261,3.0068481060566747,7.521062589541379,2.5023158198767272,1.2961425469959826,7.764820955553298
E-0021150,2.0210991602910484,128.17795590885729,23.462356651817775,192.63140606543294,4.529062610672197,8.97066376819851,2.373836905387599,3.829820851727429,9.406489400871774
E-0021151,1.4414185518307168,212.57274549552807,6.800125475689037,75.56894831523508,6.007832476737197,13.52885532253535,9.860106042697613,4.337919057974248,25.868742646223144
E-0021152,1.6065816541518227,197.89733580427352,18.445320355158373,98.06942045148134,6.072115097983895,12.893587832692697,9.848531684165298,5.066170006845376,25.79792953893482
E-0021153,1.7272946459127894,193.58111740633717,5.935496039053396,83.11836146063595,4.022540288316706,10.480610566075555,10.144015059171075,6.429903944002085,17.19235708094842
E-0021154,2.1164071256466896,123.63500292892273,5.5236706877942385,50.97401121233762,4.718975395581494,7.939783379324673,11.148214370779938,7.803036854848667,22.762779015302442
E-0021155,1.9156353506629578,161.8189902746224,6.992618639059255,105.74656627299349,6.2125171092692,10.818221813534313,8.16595017448199,7.70726762800749,21.700438847751585
E-0021156,2.0457543537808243,171.0021929150897,13.44957864034418,124.44602327523653,3.8391357239007,10.215465791621128,5.4995514373054855,7.333923290334023,11.558881150134864
E-0021157,1.5485108655329898,193.52953709283176,4.390237107192556,37.49882003952887,6.861357499420714,17.553230079956226,17.492802528223866,5.25309790340769,23.48000762114676
E-0021158,2.5653702500496003,63.17403561435441,24.69311267100987,114.88946012933077,3.527865849289636,11.501306782742788,3.8145898336973785,6.160256851616781,6.722075665964198
E-0021159,0.9472175414228052,193.32769865048328,7.169806926193075,55.647190138542996,14.529243336950788,8.792790604006743,5.72830946929114,-0.0616591384039154,22.528224915317608
E-0021160,1.2895997747298706,228.5377442065651,7.824213295968805,62.568814824381896,7.452318019449471,9.752435690185628,14.307156555686566,3.757475084235311,26.78869245195724
E-0021161,0.20988448022117498,201.84547741740963,2.1929618898351046,42.05075909792104,17.612872772020115,18.655728077803587,10.073104438365982,6.961649346317524,33.942155615849025
E-0021162,2.3704894110983363,148.03333203387882,26.033202138489656,166.99649782123151,1.4196802436964222,11.256897415997537,6.706962590188414,8.67279113134347,10.941636881408256
E-0021163,2.565034936128208,134.4902547073438,40.92648524995641,344.4731935739647,1.489861881587691,11.273942294506236,7.73954636242528,6.839755219156795,12.735179375322145
E-0021164,2.652532566700881,178.28993433470868,49.46722314049477,297.9494364977405,1.6696317454402294,11.376318188902415,4.076729716457374,6.092102155532961,7.568985993267266
E-0021165,2.5327373520199816,167.78451065200778,89.82801560712548,424.18060969200167,1.7521181344966392,9.429082404759804,3.4416020730203964,7.22931713822944,5.625690579482403
E-0021166,2.2879868810975394,118.95517938700638,50.82431945321782,155.23824866522278,2.1915971013394637,9.133070842759667,4.603398943559353,5.991335517646551,5.890911681291215
E-0021167,2.3732312310102768,108.92475029768357,88.92012565765035,276.16833894001877,2.2019553942744,9.361828663480948,4.901838438578153,5.8737188999483,4.403928398999095
E-0021168,3.002015798126055,19.52399123610281,18.365458483060134,312.04979798838934,1.4736692754619671,9.691779576082311,4.1978357564759525,20.495568053772033,8.104656199707424
E-0021169,2.8390388983184955,151.04006105531133,15.766271779716975,163.94349993603223,1.847483324799143,13.894030312151477,3.092280373407034,18.853950289200647,9.695117208438429
E-0021170,1.777558704016767,156.89506661627783,10.865812785374045,85.97313941891032,1.6378553359292962,10.10290898593989,6.925963153636977,19.695737225134902,19.355371805478207
E-0021171,3.227234219572265,126.2577657305441,72.00275854681543,866.7421260822857,1.1396777424276676,10.616657897902646,4.583127931630982,9.714067076183778,9.568193055524873
E-0021172,2.3350517039579133,105.09980567490861,52.69762456752246,458.4376316381042,1.6880878802519832,9.972211316381248,6.379097129869562,11.59765022807797,9.415442275834987
E-0021173,3.875228245736862,60.00302863514496,108.10064986493407,768.781729277174,2.538998668059959,6.019781830009855,1.4973257427958155,2.694317546419184,6.757152391403073
E-0021174,2.240564106305662,227.00286250824558,20.344198311133994,353.9602054145098,1.2269493639261608,6.810889092171271,2.6943938566213435,12.744970786315587,14.46361015729949
E-0021175,2.636089675645251,190.1045973713645,17.559900029265677,442.641813083311,1.0749606029410566,13.396058262838626,6.756694136356553,19.203139927704324,13.961131193410559
E-0021176,1.8233125866253421,229.69669865089784,16.14010990163566,350.99897639277395,1.0473625484547466,9.207210829575573,9.916040929159434,26.728295524969777,20.493622675058596
E-0021177,2.816322619156809,180.85083088468284,12.667363631842587,326.103996949377,1.497953548728559,15.305747157384596,8.548254752036614,17.53662930051268,13.900842333601428
E-0021178,2.448456834309313,100.88539876287876,10.530459059492877,123.03837474246986,1.683283822885879,8.673240883848408,5.920303312662981,21.80715871546869,15.465560096379836
E-0021179,2.2185656764119472,93.3044681755335,24.69910522568326,171.99341130662887,1.6261178622857149,10.325921098464818,4.516052341003964,19.046635930133366,9.07835972274393
E-0021180,2.07953557315482,112.95907125680249,24.710056449031974,147.60769624118007,1.5568252513769183,10.70637224885264,5.991928469402753,21.267556927440392,7.582173745129361
E-0021181,2.65626024007258,81.54227517677509,17.612177170078592,114.76736142877424,3.9761052121489433,8.481878751328896,3.5651867225593703,6.749487517194229,5.296520456436649
E-0021182,2.2034647503532097,135.3532428342767,24.00803212745103,108.36262629841069,2.323308098856999,11.232681899837964,8.283098767704907,8.08915232756353,8.319860183059228
E-0021183,2.2034647503532097,135.3532428342767,24.00803212745103,108.36262629841069,2.323308098856999,11.232681899837964,8.283098767704907,8.08915232756353,8.319860183059228
E-0021184,2.2026207436452028,139.95992940626093,16.530892039686407,229.5300079151577,4.391516107502222,3.9201600062225923,3.4202170391641142,4.4818763057041995,10.899312016933424
E-0021185,2.7303892076426837,103.14101262875677,21.10124162989165,367.6124096064129,3.9038378587663995,4.515625422254521,3.5911213437759493,3.692651929111923,12.782269934871952
E-0021186,1.9642465513629934,169.43393609121856,15.650198382336068,56.62080491803376,6.7375838724656125,12.092494379557506,15.698652690856362,3.3118307918688363,15.555918377641534
E-0021187,1.658616218404866,213.27173694120887,15.051556350270998,135.8979045868986,8.070758011198224,9.37217599754483,8.886946391761416,4.690859770011708,18.534257005223044
E-0021188,0.7581436208569784,230.3176847983807,5.6656591840687565,119.4838899465677,9.9097082650003,15.80298285032052,10.911148837864056,5.367440037020574,26.73090982746794
E-0021189,0.6581388325047718,259.27009317756176,11.130307852732068,74.23688262906373,10.440176297055608,12.716353382231185,7.578404328339378,4.034044840389383,28.420107235525407
E-0021190,1.4777449991406357,194.1611945113921,5.23402994596417,140.53732558079187,10.220184717727063,12.54268005445621,8.798786135107422,7.973916821467304,34.880204595242056
E-0021191,1.713149270596963,186.63449322504215,16.31392598069246,131.33781687113958,5.673885638281902,11.39913716742717,10.153567540187375,9.298209992370612,20.70165988030417
E-0021192,1.8148761864499507,152.57388239525812,4.940044338892316,62.2243478329718,4.417092620244032,7.147377056865961,7.626472970200408,7.8211428995650625,21.22392175733051
E-0021193,1.574853184640472,178.783152508155,4.248822564656491,77.45923637083064,3.937053958068187,15.924775418975317,8.33301029190632,9.408675629625552,19.10340744692426
E-0021194,1.842487580882002,172.19365353874974,11.26505117178062,222.3217628846376,2.74321796725268,8.234171112327244,4.0014579191944994,10.285856250512712,12.835711571805072
E-0021195,3.3225503068429925,128.36434375102908,20.295903892766916,383.1814320165445,1.264673567511591,7.101077276358675,1.4983692444243903,9.667397765992728,4.481441385028448
E-0021196,1.640824316091179,174.74549645335617,6.34892143149852,111.67531736422764,1.100686015426147,14.399311006291668,12.878322009567297,19.421707544358682,19.978561833210374
E-0021197,2.1735722816347827,150.7763537549577,12.750970359304448,211.35376741493184,1.6970412755887523,5.782777866818383,7.057548736398401,20.21373373728965,14.493609346028434
E-0021198,3.0662837624811243,39.26970818634166,22.731940132417417,383.98520296476624,1.520620329549295,5.359836736360808,0.5035769568047888,11.291997725806825,6.142141287690425
E-0021199,1.6767097540724438,186.62640224590223,8.137790922892608,148.25058850115127,2.416598211318765,11.835610402660944,10.576776832391364,12.998819353416971,28.18023978343406
E-0021200,2.682724105717773,113.32026348791223,21.04454061293068,491.3319839493642,0.9890102244145291,5.407055404251723,2.999602592106443,15.48491324208718,14.287888476107396
E-0021201,3.65327394408967,62.54506166524049,24.960286688119194,818.5384624525385,0.8661372079544893,9.687876615655611,1.1353803022675502,14.9309031583307,4.0902107577835025
E-0021202,2.7890648070519193,135.06780855701527,14.04646156158458,201.1040166477375,1.3686931379059988,7.289870908494265,1.078338592514949,8.57421194424375,6.741300077840723
E-0021203,1.4064220243804932,153.8959974920005,22.026561599926048,72.51035063141339,4.787664501022028,9.716711349488552,2.473325215090264,8.344444105075894,11.818988746790938
E-0021204,2.0786368138355975,145.40981843512736,32.864304142042755,107.4588906317135,2.517627139659384,6.180545536988907,3.5284824770942156,3.1857568992420235,5.505350879337055
E-0021205,1.5433992505622975,80.33765998127508,5.082218470428666,49.83625785445184,5.08174380319283,4.398938003571663,1.906017975582751,0.8097693130476671,4.806170116600887
E-0021206,0.15801516738969829,184.94440451888505,7.689348264089219,90.40358181102953,16.724798050515403,7.710090431564284,4.061782179864152,5.407251119864324,19.43484178152073
E-0021207,1.9207715796472171,151.68329131835014,16.14975535015352,286.4177658590683,1.7624812695419996,5.855836171843252,4.786070482435339,15.85105896839613,4.487645424834856
E-0021208,1.9580718651619984,163.88665191235657,10.573761628273381,121.06910478288685,2.2724407337924517,10.421764973891985,5.372053369915227,8.208170184851312,10.63216297752048
E-0021209,1.8408919840317004,173.54198690195662,12.593695147733746,97.87373263743152,3.1771140086892444,5.668160660568258,3.3949685259987143,2.2350374249623477,19.57180186249031
E-0021210,1.4209980709586385,155.7096644851814,8.908035760912604,103.92151712275026,3.2685834802156823,7.534046299657343,2.7809179996873588,2.936847826325955,11.491394778505898
E-0021211,0.2581262853817255,115.21342973187578,4.51061949692247,34.16916568978274,13.222437430160959,15.751013396472956,9.058529691639208,3.102937714488201,20.226946743070492
E-0021212,1.8550357416801675,194.56356747248563,14.347833993058742,147.33219762636995,7.760993802107932,8.65173959426171,6.675229666480684,3.019154017698794,26.1485512041591
E-0021213,0.39448571656637743,225.8460002514605,1.7651205935779157,35.55361845960428,7.330127234607666,23.938593526475316,17.85857073846381,4.741153159113121,37.466682724593724
E-0021214,1.5560328404352228,201.36142780914705,13.283977945012099,147.85418806466777,7.2866967724133875,6.069714658000316,8.386812574581178,5.42516125182815,20.126638017815843
E-0021215,2.4594317931921696,181.96811097551816,18.519383428551603,232.7981066634959,2.729957069313086,7.837479401534663,4.210587682779917,6.5783109901603565,15.69736524411281
E-0021216,1.896532912406583,156.9918701039752,8.940611608567902,170.90333463579015,2.755607274729106,9.070495068554518,3.9501077489042893,8.27711571954481,15.679542649232863
E-0021217,2.7937628212198993,124.24676537702433,16.798792612351917,594.528241370786,1.0345946395383718,4.9445860334423415,2.3858173493111083,17.2067534638334,13.906273041780759
E-0021218,1.6976641562648398,186.6406449374905,6.53539416067288,93.22738987717504,4.539638163188821,8.873323372212024,6.5687823228514794,5.931791132176589,20.538824113620255
E-0021219,1.9842937929067646,99.24384524557338,11.833696149799858,340.7251029252164,0.868736947365039,3.4996609229172537,2.7738650187642886,15.668829408394549,5.357088416532419
E-0021220,1.7362396263166358,209.26884473220053,8.566164022856567,119.48583164604283,8.119507876269763,10.728631697069872,14.66640641304662,4.08607934079324,31.493436689315068
E-0021221,1.5827999536589432,190.90865213251635,13.888844554591582,99.34284691686332,3.5459480742484235,15.589691830338648,9.656430736537125,11.03336775645754,18.598165252056276
E-0021222,1.5344572593410932,187.85034027473301,8.298697602777859,63.66900629997212,3.444137686591656,12.862323999835795,6.632843188379058,8.473678639867781,17.276990762517507
E-0021223,2.7408450167552822,120.12897849988428,20.808608519560874,435.2481767477477,1.0047059431572996,3.121904177532901,2.708477683055462,18.90866994201718,13.981160549431205
E-0021224,3.3352582625851896,69.33540507122177,17.524140373186228,488.01062346935163,2.02682787761331,8.387971416921339,0.3147818552938669,2.901228284973204,1.455563975777657
E-0021225,3.0224509916369353,98.75909095295484,19.745652465490185,285.2289659696458,1.0523419037800987,10.189548304099086,1.6304756038522672,9.900148412385763,9.82727223996976
E-0021226,1.1899356177563214,169.4900210435119,6.46428725938986,173.48453167922938,4.69272113429134,9.81464364346304,10.70652901757531,9.685840581385364,30.934609899594953
E-0021227,1.8697294008827108,108.41691011967272,11.758577875268927,523.3981393044317,2.0953896234448264,5.257358915679997,5.275329137695991,13.158326430563937,21.6854726900756
E-0021228,2.33606515661494,139.92497181690294,22.099243669424123,398.51888546811074,1.4049221348009366,11.54446189870361,1.7473586069736629,8.796622944416828,10.59776848767532
E-0021229,3.323622294535806,91.70740478923886,38.15377078535295,335.6366550552129,1.3146958603239127,4.909845451386056,0.6383502965722476,7.659352408314201,4.454305113794008
E-0021230,2.251972733162827,150.15028244145498,11.394926073082953,262.5380073366165,0.8665308164206296,8.787432320475727,2.219528815735345,8.907633263956491,13.533940514596907
E-0021231,3.4854324164438863,119.4646295916306,28.054539974507772,711.7029641610978,0.9437055471228892,5.182856751204959,1.0275160718939194,15.716845949261927,5.542603208598424
E-0021232,1.9591206335995635,130.4200725769255,6.5623985784856655,87.9646903471505,2.5679612839731223,9.835188936837094,10.341032482030807,9.713273033291571,37.98661676052546
E-0021233,2.030524462209417,166.52413173376746,8.667698192350938,173.20226194484067,0.9989407318202173,4.6237676068066875,7.5926113513704445,17.859420184870523,31.93142591618285
E-0021234,1.780834189401496,100.62131498836592,8.532889888189878,168.8502657208988,1.5096286441021867,11.921356459348445,7.340187972537485,16.626549287180712,21.278179987762766
E-0021235,1.986180568054132,160.953724213898,26.973374840473713,144.29901680213177,5.5717194487039015,5.055769603761794,2.0414130782640405,3.9717808635967575,7.737154541291791
E-0021236,1.986180568054132,160.953724213898,26.973374840473713,144.29901680213177,5.5717194487039015,5.055769603761794,2.0414130782640405,3.9717808635967575,7.737154541291791
E-0021237,0.13153658744158933,197.53857495362257,6.736990155469678,65.955061037007,17.742574095072982,7.48470449630918,3.7713001133175816,5.072011338821339,14.68516023473955
E-0021238,1.8702695610487106,130.09151504620365,9.671037457093766,80.07925104905372,3.0643326865764604,6.991074563726939,2.862256795114441,4.021417010717087,11.135485922159907
E-0021239,2.7119637674563593,76.92454058512521,24.297839375805726,326.0159122097093,1.9801841031136485,7.726437496675901,2.6044036500096364,4.59601285802508,2.977852261641359
E-0021240,2.7193041994625373,63.479756080296156,20.54512120049881,294.1359422283221,1.3807794346314703,14.2783965337368,2.4163289846426665,6.682457908215656,1.611213846579437
E-0021241,2.0708241108551024,147.58305970852842,10.892893183075962,164.90638914452575,2.4411231090256416,8.816051782525971,3.266764948096983,7.081397292715633,8.184563597254375
E-0021242,0.4501720256593821,163.6399413051094,5.238526810613689,69.5159511319896,7.294847627636915,7.941352299523396,4.020427253748671,6.234894680588467,15.254490955574058
E-0021243,2.7281597516824476,94.34377947051422,33.65791609966475,249.09849693206039,2.1000757375586723,7.4378444587421555,2.760838750397229,8.164693574251409,0.7257813881964195
E-0021244,1.8804960453256112,138.28613024033854,25.69436582496962,106.20827191760634,2.857505909515138,15.19075875454536,1.914144237418636,6.896269297189923,7.340277515302846
E-0021245,1.6468508645549749,155.70618569847971,4.30778698720735,41.12864104000042,3.015750446867659,11.230067967545821,7.275076945112778,9.62507021162958,18.682294206306054
E-0021246,3.536065955167847,76.39454738243971,114.95094255294457,713.5304342892357,1.7588794332683266,6.103360288600803,4.305521606657845,2.6488701054902006,7.917817457786086
E-0021247,3.0964467846057495,86.50486186046447,48.211452448714496,489.3041922866675,1.6358021700602268,6.151242413251489,4.608429412066346,4.637087256019731,7.793707049589328
E-0021248,0.48048366690453526,292.75586986935537,1.2945170567406232,60.67271910924369,3.160615326222843,14.082761190396505,10.199586600767264,16.19111792885178,36.208901187922706
E-0021249,1.6291047778288923,282.9724045009858,14.170111474700652,412.6665610091863,1.562547066915624,19.585215323735845,20.680913566611146,25.465170404128024,35.81723330351598
E-0021250,2.920913472908568,196.7041235882541,23.307939488567406,277.67482478989746,1.580358142949679,4.786634086005512,2.955310313181794,24.671405023084162,8.249650890045052
E-0021251,3.2334118565729355,98.06133421174323,21.123177341801068,233.36212135327807,1.7232390529681916,12.616873928333266,2.994752358672411,16.4238532277378,9.593191488344733
E-0021252,3.152553280328814,122.61343636225088,30.514175233171773,220.71451160173987,1.451329007982697,4.013629389958834,1.0968640979469984,8.596117052189253,6.273643614519105
E-0021253,1.9181018950856483,96.22908615712686,8.249803801625946,61.88024485544099,8.132293651747059,9.758852083011995,9.457185652348834,4.550701031438425,18.00234117666095
E-0021254,1.9665284126171199,117.2270811222734,9.203668037848633,63.762070719210506,1.7417774842478313,10.426627422162456,5.8600918509176045,11.813616611531264,15.600327700924826
E-0021255,2.1429334295474547,168.1409693517831,10.748569191333596,264.73316517569634,1.071933248974817,11.94574792815419,2.46095255722995,14.828790454050804,11.311475941333319
E-0021256,2.722591842598005,86.55379922348968,14.18555044063456,367.2860918858973,1.9384402764359852,9.922373896457117,2.064208247714002,7.403000361410113,14.905389295870195
E-0021257,2.760485780097499,63.83955504305192,13.383268945208258,286.1596342053751,1.3725311296245963,13.582984932322482,0.8819487723326855,11.488094397623266,11.632010856160933
E-0021258,3.042111331220693,112.65414529313875,25.08842555276613,327.03734045359494,0.8397857101660219,13.310989750242548,1.82685656191619,8.378157877244453,6.455126944760953
E-0021259,1.6249679852282595,197.87009186342905,6.485257253423553,48.37110663098269,5.8099978418109695,26.020307335060075,10.252231539654549,10.51230596127871,38.564684345065885
E-0021260,1.9792421349657112,140.2828417755096,10.158978603490924,109.9015722575083,1.0233287452636044,24.366375786953782,5.990476763435394,17.59128712138009,11.117151222204518
E-0021261,1.796724957353346,170.4745399019247,6.749920483985736,244.7999666787807,3.5920797173715537,11.117772394635384,9.188101854242907,7.126153227995557,29.023598504613467
E-0021262,2.266008356434676,134.53004807263935,14.612927635115254,204.3463610266837,2.393980349011441,9.095517163805049,5.924440792671954,15.665697206648144,26.086155285480196
E-0021263,0.8676609082757789,191.93803774795154,21.196656751825387,176.12629879607795,4.6975631516462295,15.508241622153445,14.800355429574882,10.22939998333357,21.393044153873007
E-0021264,1.5347357664648036,171.46119153429285,7.005006372011799,56.04784471555132,1.9303741903480793,12.937669796195994,10.474366415559969,8.860483347723129,21.764893135151787
E-0021265,1.5285260416609407,208.02780259403727,9.327078538468136,47.88086669732391,3.5756171220392106,13.180565664138488,6.134610737983572,4.338151999535052,20.742188204853175
E-0021266,1.906343405996915,182.48736038597215,16.300958449024428,57.72091354091233,3.6678523308861726,13.247452947823863,4.340946756084942,4.318816792338501,13.842116299950082
E-0021267,1.596625622133583,174.09557942315857,8.547558010492578,172.98732300372848,3.6373704244663445,9.686069722850231,10.213634019757814,5.47751460492138,22.40175548381103
E-0021268,2.1006169582613965,156.1061641471028,18.693824739208026,182.0945913865313,3.1129159748964206,9.732612575490556,5.73737554869003,7.189898568348279,15.67053205501964
E-0021269,2.5871198655886047,129.3416935750538,54.33534953775084,382.7125727911701,2.6039930799260267,3.683075336681956,2.3106157336048043,4.699149814951106,-2.1940543489944146
E-0021270,1.9820714207911034,138.60965881284403,8.874244227819418,113.28673744517242,2.9527881223349115,8.269823525372693,2.995917444476327,7.3613608305685005,11.131397575967654
E-0021271,2.345506951212026,154.87400256635374,14.516467291232866,140.7893228543668,1.2355172448012899,14.923897061670468,10.24151196291016,10.057130110682186,11.07226454521712
E-0021272,3.330776327469647,57.698793877098694,17.223873309108832,548.9459516511176,0.8179932499906761,6.133868607217826,2.00942758765683,9.564493515081793,3.5017729731161893
E-0021273,1.504841168532639,178.74377689459303,6.5722870476315,47.32226421439425,2.3312033682350477,12.229545881011667,12.597092783469884,9.410274742453474,15.481029056370415
E-0021274,1.5206900596167459,185.631789148039,7.711885358780475,56.08740623217034,3.082509046414185,8.24325355305161,13.389233327603476,6.447078966713943,19.06281809542616
E-0021275,2.025215153039209,122.6807281434885,20.891721771604832,55.234985225753505,2.775525162092473,7.104484970171221,8.117762534822626,7.207795516263875,19.655143233178485
E-0021276,1.578550278165153,178.63040244584602,7.340442057740711,109.88423039499804,2.3484532255148314,9.635186797655528,9.363110540118974,6.978148286942067,25.59349282282895
E-0021277,1.7145436336063704,148.7499789168335,6.772552171938786,53.22794100344317,1.0014439056177515,14.582071537149243,4.956291870688885,11.837204254972628,13.262437652286577
E-0021278,2.5143123607687876,121.24825567667715,18.983073125998764,114.24213135390384,2.5902776585314924,8.4411776362962,5.486115262181856,5.847736351894919,10.362930348931542
E-0021279,3.603071020851993,71.61358461246897,70.45308727590577,447.45859272111903,1.5274177032976928,5.211610742609868,0.34094755590759607,2.6709932689492892,0.510734884116311
E-0021280,3.4709285019676224,125.39947799667115,73.18933137371629,602.847568815781,1.4231218732693625,6.000137208318825,2.486749573103481,5.895986780566936,1.7343763619838004
E-0021281,3.8035482863145114,19.29863537635804,125.02387588054324,573.247918144933,1.458550202740599,10.856894317037401,0.4542828848917342,3.323588711845437,1.0633940877430132
E-0021282,3.827638116822106,80.85778092181607,77.96741216137151,510.44618422733237,1.2979878068534108,5.926718953065938,0.45197738741901566,2.4460115822399215,1.5972042729132907
E-0021283,3.693471873903323,44.43665743096333,95.11699600139747,458.07569653935013,1.928778593676305,5.917866467209013,0.5660969078939259,4.008516137818755,1.5752117332577351
E-0021284,3.161089050394681,86.63710375343909,32.71508979118415,397.79582605959286,1.1097102060519595,12.336667220302731,1.5387928200869585,11.519022880555896,8.700596467616949
E-0021285,3.506936599244544,24.332884477638032,54.92648306366017,667.0269495302545,1.302588793184679,11.520439556044533,2.6576718932403294,10.04011313444108,1.887044898614654
E-0021286,2.5212756010989024,123.32420213477687,35.234045831862005,240.65043729487834,1.9447407526816596,9.685703899057327,4.682413388768575,3.6419769862078506,9.914599174847975
E-0021287,2.675907886885424,170.11624549620646,34.441889749242044,470.88037025424416,1.360014405979101,10.435574226993793,2.9030696986608033,4.443204767201331,8.008245915950374
E-0021288,3.0845597181113673,91.75186135622482,68.99091515082863,477.25968837155585,1.8666501468312193,8.775712999397678,2.581804854941716,8.641570631887138,8.90994592748197
E-0021289,2.6205324370651373,89.83486959933896,51.27979349186864,470.06586877120037,2.0096072483788006,7.983500830241697,8.539442928427901,6.358735482562011,12.205721637229255
E-0021290,2.7143450033288876,78.54198478671104,125.74877051137406,667.906100720329,1.5058065990773337,9.81546078333155,9.51048863647313,11.427315061481726,10.945415747438163
E-0021291,1.9656548772461526,72.42592962624762,31.064102375977093,160.84329390575883,2.642578851792946,9.252642822802702,8.38415572013734,5.222983804091621,17.151350598326097
E-0021292,2.8470493908350014,114.89150284520973,83.04419462549195,441.8969897838755,1.5060309017578568,7.45075562852635,6.695212711777822,4.927384006333936,8.636286226003417
E-0021293,3.0545159751613102,93.06644249354628,39.374458151984705,1103.349139167683,1.077883070490274,9.539996421569159,3.7286463980599467,15.04927371273244,5.080448809816399
E-0021294,3.148257391346051,114.55234200315172,21.89298717459537,659.4866453937374,1.0487166989319887,3.940586985610369,3.289488792397003,14.98151842647944,9.940275773167436
E-0021631,2.7070189068436505,133.88649465386783,36.521449872976305,625.6624990508562,1.4073081911342669,10.650100284109387,5.077680868033149,11.123898351731295,7.360216407364262
E-0021632,2.7496157525370704,136.4513771740999,31.022600149220253,388.5171878535554,0.9541860976061104,11.940469381563695,5.414606009249843,17.19841467833134,15.833543795766511
E-0021633,3.1253229171578596,56.61638456491683,62.76832391595788,739.316058602021,1.396424956491335,7.844332716477764,3.1957501677239692,3.8424851839431966,5.266392587680812
E-0021634,2.1487109394329336,225.21838645432646,20.429614696746434,243.37824029126122,1.5981577657424269,6.774591141574677,6.358025770356957,17.968978054240267,23.989720933330535
E-0021635,2.2768899895352703,90.83620996682336,38.49884516847771,282.88760281186245,2.979770565367919,10.329219568240639,8.776566073814196,6.96802079761664,15.376779019067708
E-0021636,2.2768899895352703,90.83620996682336,38.49884516847771,282.88760281186245,2.979770565367919,10.329219568240639,8.776566073814196,6.96802079761664,15.376779019067708
E-0021637,2.8504898693388996,98.42971884847329,88.6992410683186,557.7259365133004,1.3244648552472027,10.782203612995714,6.211711384376403,9.550921444652323,10.072339665365785
E-0021638,2.9325667465804193,129.11135967915249,119.97068228433132,1101.2952897353357,1.3111077579461135,10.995853996206009,5.835963690364588,9.966489637425465,6.718053094089919
E-0021639,2.99433835802369,119.9723935143194,32.906410415665945,501.2704406928671,1.1286831395959127,5.478865678344693,1.9731711335501356,16.182045553259208,8.724206095932995
E-0021640,3.3717430534008774,39.98811245247934,77.4050043036883,1107.6318962912671,0.995421704323138,9.42678933536166,1.6312849132522205,9.924383943149357,6.092325178935797
E-0021641,2.2143466197128783,119.21377109172246,13.37261098961248,120.93280483547888,2.1267997623284884,8.095208160126878,5.543337279115048,9.727176784349554,15.803249991412486
E-0021642,2.126055219448539,127.74333494805545,10.2130400923779,88.8777293677312,1.4377424249949713,11.584843794707702,6.2147747232237815,11.552487666586314,13.936819304930287
E-0021643,2.2855672798959117,128.5976383526492,17.074278981010266,91.5833816248868,1.693185195166023,11.532878235611758,2.7379772123420985,4.223925882083542,8.03034832560024
E-0021644,0.8910691916190026,135.449266013834,18.733267737637647,138.30257141865522,9.543367386255188,9.70609444211614,9.196616233204484,4.52145262522477,19.73705510935435
E-0021645,1.6627342770016327,180.11445225044847,16.98530569742859,272.96972902416076,2.9345568588641604,11.970398882005677,10.519990237195294,14.398827970836518,31.469213210477694
E-0021646,2.6823874263922454,123.89561385727296,34.49824865988334,433.00195079080044,1.0440262906820899,5.347635989301915,3.231692845719414,16.553633878242437,16.21645805891393
E-0021647,1.1969739935932486,157.9533584250778,9.54199060749635,88.74225575072487,6.68011175782603,9.810881560570145,10.595221362137025,11.395440200905673,27.64902176163424
E-0021648,3.9586110416797906,68.6592526633323,35.718347574482614,477.038711296587,1.6260465676310187,6.164409587634051,0.44906993883479673,10.108245015168508,2.6463749388179267
E-0021649,1.4404689304865705,202.42040537533393,8.50068836940658,132.73924414410874,1.2451818725481647,15.207025716934726,3.3524076613969642,19.399211965575404,8.35643482980728
E-0021650,1.995231015367294,112.6598912528386,12.079736162275983,92.20692102746094,2.1616819895311292,9.143681686907918,5.434646695882029,11.023713812103313,11.275942008837797
E-0021651,2.288952389602545,114.88290475235888,32.69449063374522,213.46907964851795,1.7682752731009088,9.393274708388116,1.1176175532879216,9.798833464340078,4.220826360214638
E-0021652,2.5602068322724367,119.79509377983182,22.61548924033396,133.12107240862136,2.34627731131377,8.9178544656182,0.6301470764818685,4.166658295084565,8.008598594364685
E-0021653,1.9513720531456604,148.08079666244285,12.756298158454246,83.52397766128136,1.7793214781929152,13.32513317789394,5.615859945842989,8.883986483549903,14.70076284004487
E-0021654,2.042939242538997,98.5459910626642,4.9039912366227325,46.73683333867508,1.8724461180195797,12.197641744002699,10.611538732486983,9.899570706341557,20.298947656857795
E-0021655,2.43119812587974,92.5077993261321,28.580941816826552,228.33880453183343,2.0467160267179736,7.785494474342027,2.79035326933532,5.2651161865667895,4.049677688032271
E-0021656,2.018956556715669,137.95590418416504,30.720501999154582,244.04428727151617,3.6610671698250594,11.060773152252262,1.6865534133287303,6.2507414365717295,9.24379826041508
E-0021657,1.943044959829281,131.0908326414338,15.830268396971785,38.848351143171826,2.0442181902807572,10.512711195772708,8.569548282954417,9.025594413019402,12.871283068104422
E-0021658,1.8046534893710937,142.5893678013237,20.109104691394354,87.92394847693555,1.8602567664016096,8.724653483558082,2.400387427215318,9.99517730263255,7.477175084972982
E-0021659,1.9707458265695614,138.00286852639917,22.91322155000366,113.86202339125018,2.2906477601519,4.900028902922475,2.376594819508558,8.575371733139615,8.776261901970333
E-0021660,1.4479886923299254,174.99624314312337,7.214826720660233,42.54234733816688,1.5119364776316404,12.758282845720613,9.882604525196824,8.425980007357282,22.571870531562958
E-0021661,2.138547107725239,92.01387949865793,9.91825562778008,253.73580127184934,1.0664137674240761,4.286296603023777,5.409236297313497,21.453238041490813,6.163145298950513
E-0021662,2.7990041475005603,111.36948408556216,16.993848257549324,227.40229146385093,0.9050862712812804,6.452303339132595,2.3192713922326393,18.976558356769246,3.491521417176581
E-0021663,2.8186362314790157,105.34172049653996,9.318148710319115,198.47095226135144,0.7726814079566321,15.31722042296616,1.7997281012327602,14.692099922475546,5.15629487086411
E-0021664,3.4046941912396695,53.714488502172,20.991922530816325,333.2774891558265,0.7545518931177112,5.470584790913168,1.0414689889969313,13.976299931338419,4.296072771740622
E-0021665,1.692422183596584,152.66251183190894,7.375607123411412,64.55517282541169,3.2150243149571613,11.044404054901594,9.981358457589193,7.7359276619490505,19.80992080801198
E-0021666,1.4176952278099906,174.2568858431261,5.3093358874382615,48.567666935843185,3.0168992812750104,13.887581341537997,6.093799857683801,6.766033558080086,20.07871668025105
E-0021667,2.5225339036979912,120.59522863034141,14.969693411158357,68.47224167376505,1.4863243358413478,12.50482498683721,5.547359095099152,6.914783629834417,9.66550986538028
E-0021668,1.9125258415875224,130.53569038412834,8.948644194076886,95.80204867909022,1.2398841142497055,8.435047544635264,3.0881317857101425,8.889029954529207,8.598581171027053
E-0021669,3.850146030046388,45.97771615862868,39.332139796356984,316.216282754693,14.302651422288266,17.749791173197654,3.297841116596125,4.743825485220755,11.015021142702155
E-0021670,3.815809825047279,42.0510456862557,39.829503532383804,339.06793011912634,14.747061991294323,17.764797133291413,3.1688769691921292,4.412157609699548,10.347790360290423
E-0021671,3.832358900651861,46.79413253893085,42.17133668203041,282.51199175590705,15.051055402281747,17.858667046273084,3.299355017175713,4.544098691497952,10.657656090809716
E-0021675,2.673479955045684,203.99452528267588,35.274207685317876,144.6496978943424,1.383082491317536,2.0710415033089298,5.306691107547265,19.22045201501848,4.191594279100363
E-0021677,2.5543616808810112,142.25882028816028,47.35427985910499,219.35578833379833,1.1638126873379737,10.018546507800604,4.708393532266484,17.808128971121818,9.048851855442646
E-0021679,3.636904908773406,37.78731269186561,109.00089685314765,705.4570621088454,2.071359487650182,7.812323111986901,1.4196107651405605,3.420737146872321,2.2406319348184818
E-0021680,2.761647396787827,77.39775165115618,22.84092260115032,249.31652999514003,0.8670067761814434,10.732557406529544,7.220366421679912,19.817456840813,4.014605645167948
E-0021681,2.588959829004772,206.9421023594165,26.123665249738547,428.4744008655843,1.3436040414681434,5.284153348384081,5.827879689793153,16.08327150990288,8.491503863098185
E-0021682,3.0650861703130667,93.74711876824045,241.5473371933681,869.0343038726163,1.1452803181295665,7.08272317668013,5.799650275970257,7.309571139100676,5.105820866686865
E-0021683,3.201335334939814,89.51054133710434,147.8727210347943,613.4514337251137,1.460653155898398,6.600434016833708,5.736702598244538,6.901897915372993,6.47176388001342
E-0021684,2.9325667465804193,129.11135967915249,119.97068228433132,1101.2952897353357,1.3111077579461135,10.995853996206009,5.835963690364588,9.966489637425465,6.718053094089919
E-0021685,2.9543367656165898,168.32483688969813,23.53895733064771,256.84515221403643,1.5128996150521694,3.9895556992770387,1.9020745597545814,17.331957504091292,6.786446725478997
E-0021686,2.564484294013789,193.19845031842985,7.95771619939876,675.1171682383344,1.4707661753522392,1.845621625396484,1.341758789945151,9.39649105448187,7.0794569869390624
E-0021687,3.0214561563285756,103.93592240535119,83.41369070920804,832.3582871115849,1.4749470430166212,8.595266392908123,2.139993658108571,10.327181134585063,7.668129896033316
E-0021688,2.8662857319333757,144.0085162666718,18.62882719501424,731.2151878043124,1.289763013418906,9.807310727011856,1.3785442551636033,8.674853443917318,4.982805103444626
E-0021690,0.9587901332084867,213.89549770839577,4.6552983556915235,81.52635578309857,3.782986332147585,17.76610862323919,13.304315215969329,19.13296529709897,53.45159905595144
E-0021691,0.9587901332084867,213.89549770839577,4.6552983556915235,81.52635578309857,3.782986332147585,17.76610862323919,13.304315215969329,19.13296529709897,53.45159905595144
E-0021692,1.2121263957964559,217.92862243821588,4.5344726376091,72.61118318770424,3.732915954558538,16.8083817633052,13.48369516528994,18.773583830803858,55.201791165997
E-0021693,0.4258232840265035,213.9623913813606,2.978934469749702,73.53616370476507,2.310848138739347,18.36664732176483,10.572664912728298,14.12903183426648,53.64843238366834
E-0021694,0.8788252086915755,180.42415735740136,1.563470407620222,94.58010932913855,4.267639430655757,22.510638100779524,24.288553538231614,2.6941363828664553,64.43493525959119
E-0021695,0.8082743663012739,200.87919117647667,1.4427205378029395,54.001149792720646,9.79297004403171,19.69299945306073,17.315407051696752,4.596358444382075,26.332675237880405
E-0021696,1.2985487126181607,200.22445977087924,6.17956267925966,139.13863889500627,4.031177199042619,16.45614403800822,8.445782275194585,9.771076833549085,17.088923259308235
E-0021697,0.38475788665488236,208.45326934747482,1.6265824015779464,37.92710191828826,6.571327330055394,24.120928380260423,20.340980265747078,5.9289488865981,18.30758677914335
E-0021698,0.8456686470149837,230.92473120255,1.057885025079901,71.37441849235515,12.115884802631847,28.769333256433214,18.587626648725912,7.03920865091892,31.73747274891489
E-0021699,2.143615555602005,104.29171741465248,6.607855407868266,92.52320889240045,3.7333658364056963,7.2619494203152275,7.577860803074417,3.6642198461726805,18.724773803384995
E-0021700,1.362127502037729,172.05111613634514,3.380049111310834,67.94278582402532,1.4851307492933092,12.447135563822508,8.654974131016882,10.652886096688986,18.53103226817613
E-0021701,2.0933751518446333,114.39348178629604,6.189974751635492,39.08927709641988,3.0114943154012197,12.650746723799413,6.307118239899346,5.294928101607773,17.35465150055842
E-0021702,1.5338846049324686,186.02021360167996,10.330067980243939,166.9225486122426,4.639255518600907,9.555606098856732,6.041027758308526,2.132301269921336,18.997006470208564
E-0021703,1.9465150035449463,169.4002035597975,21.53208877045376,148.23125920006217,4.858955276773876,9.499670734147687,4.695916592548312,2.3656735471807826,14.67914494045273
E-0021704,2.4693612210757507,42.1826177818815,9.65139610074215,124.9760290872547,1.607236648291926,16.747879027631967,0.8909432681934678,6.946281582755584,5.687504517275593
E-0021705,1.9996018379745242,154.32222282874596,4.281666913640535,56.26751900656506,1.1064507192662545,13.919639270123318,3.0104044778879118,7.885619705986287,12.644957905711651
E-0021706,1.7444935262546517,152.75989150593077,5.994338769575166,184.51841086864573,1.6331831144683884,13.744402192099054,3.7954859958504943,16.3513167140094,8.587852482217556
E-0021707,1.91102226358693,119.84577688050805,4.819808671608957,156.22708407412125,1.0200273776210103,13.868438567553714,3.2228815881487938,18.3413073497789,12.083099308359042
E-0021708,1.9819105332199698,156.12143469059586,13.229392336128555,65.45088056620595,4.044087922839243,9.593413339851466,7.949190008457198,7.178961532328992,20.914997824117172
E-0021709,1.63200801103297,219.22462405822145,2.0981905931472853,294.39879559103565,1.6420539583646199,8.878782838422225,5.851537474628264,18.459746431481733,17.23415632371327
E-0021710,1.977368686448023,221.74550033834382,5.769747810248057,290.2177560846743,1.6159457796973995,7.102088866716788,4.380223431842494,14.54915274933518,11.410621381110893
E-0021711,2.291151972742096,191.30478740754018,13.284552468133983,391.1825912570792,1.294914105400469,8.639506114760078,2.679240883705437,14.222871554766702,7.517585111595272
E-0021712,2.066809879808853,134.72213343899642,11.596771959894022,591.0053908059189,1.299039613743063,8.044199773533014,4.6806299698378835,14.589040055541465,14.52860683518705
E-0021713,2.124004334468277,107.68133658079128,9.819445126841869,737.1784335426281,1.5069921686736554,11.961370630438047,7.824042740946602,14.817872821756433,13.466514871111876
E-0021714,1.8121121352479044,180.15546922978243,8.990282948614507,455.5128182482487,1.6662032309567736,8.338467438117036,3.7724561277946953,19.640299932188228,10.779865811852696
E-0021715,1.8319898439669875,208.19104247262624,5.525150539727505,437.61262450238206,1.111679544593286,9.731004158627584,6.227522879732472,18.775774197217313,11.075781586489212
E-0021716,1.4461071992016707,215.12739473471112,3.010348666802961,174.61601139151753,2.803777641299064,12.116353644368171,7.354786645679157,10.113088580253441,19.917631542659503
E-0021717,0.2705350974239348,277.43108570925085,4.143819990730202,130.08447800487963,5.063948072493944,19.57792626766964,7.367468955349306,8.937561665148216,19.70966387971321
E-0021718,2.4302324788317096,127.01886025265976,14.005456604178384,128.90453482903243,0.9046121594875677,12.049240336738386,5.7550063222994225,9.69322899728714,8.154501815689734
E-0021719,2.045296787540993,149.51696525145746,11.966811458264637,145.12085485768105,2.723669877761744,12.833982869103483,10.241974805751902,9.724730305190747,19.977351185414463
E-0021720,1.1902950055644201,236.27219153866858,1.6156272823170699,84.64149749039397,6.521286234960547,17.082076522883355,8.484064045735929,9.67670338641567,18.497049792623145
E-0021721,1.1902950055644201,236.27219153866858,1.6156272823170699,84.64149749039397,6.521286234960547,17.082076522883355,8.484064045735929,9.67670338641567,18.497049792623145
E-0021722,1.7938836796892934,134.54044470094271,6.370594675255472,43.64648835629285,1.3869549976464661,13.300088585752752,8.697053478161724,9.535955269061175,20.764284475495685
E-0021723,1.7938836796892934,134.54044470094271,6.370594675255472,43.64648835629285,1.3869549976464661,13.300088585752752,8.697053478161724,9.535955269061175,20.764284475495685
E-0021724,1.5653324332533078,147.02521269456128,7.183843903463387,76.96236178548321,1.4365900978707202,15.514275466251362,10.985051275182775,8.565697607247476,19.004510703174788
E-0021725,2.222246225097538,179.6002372779413,15.155594157152457,101.64006314299459,5.307284625019044,7.180846849895939,6.089249410123482,4.17106574167121,15.300358714938728
E-0021726,1.704172396302539,183.32776846515833,8.491728758856631,116.72871987301485,2.6004029197502043,14.0069546867637,7.829334335622705,12.99749841736402,30.234669059096234
E-0021727,2.827968326938632,168.54139825853127,22.48474523981379,141.68382394281605,1.9711173466638037,11.005692091836343,1.8241264907341619,9.971913270214156,7.765605601719914
E-0021728,2.8050945938930574,144.89021403979388,22.733200800551717,149.6301242337136,1.8064354191436363,5.889545448168131,1.816742067349251,8.352529962490099,7.142799226169327
E-0021729,3.2526727729488716,82.33918872378906,76.38859044078126,281.28439216834516,1.2563262147538052,9.650630691179451,3.2206755159422835,5.726454542569094,0.38164158938115933
E-0021730,4.009611827050007,60.67428489377404,30.10534278581145,501.05386363329717,1.2878199783481576,5.3428698952915505,0.5267627588179514,2.8793868251627988,3.6502354913381447
E-0021731,3.0900304890742913,180.24571683256556,75.0102150715255,546.2700887716203,1.4019242662775453,6.423272505602744,2.390534131137257,5.077002923895336,5.854863255609183
E-0021732,2.904492496359928,123.02661190053192,60.997901434516955,559.5479655381457,1.6412161842400348,6.743648026361897,4.0088869390243405,4.107673898202737,7.255549166426549
E-0021733,3.0650861703130667,93.74711876824045,241.5473371933681,869.0343038726163,1.1452803181295665,7.08272317668013,5.799650275970257,7.309571139100676,5.105820866686865
E-0021734,3.201335334939814,89.51054133710434,147.8727210347943,613.4514337251137,1.460653155898398,6.600434016833708,5.736702598244538,6.901897915372993,6.47176388001342
E-0021735,1.5706946057405287,271.0898165780713,14.755859909838286,377.1916119807629,1.232192549942355,7.108898800364018,3.4854972988049555,15.929549832377743,18.770327197168527
E-0021736,2.4198180191851546,238.50032730613233,16.842248420765472,185.4553743466564,1.2966155700503332,9.047138604862347,8.504554302672657,16.959995496829222,16.10817596890901
E-0021737,1.5301137269359621,239.7428991664437,7.497857152135004,75.89028217205285,1.3743033730074754,8.725232547494494,7.586346857501834,23.74701569498245,27.15343148480623
E-0021738,2.5493953383107026,265.80043984223425,9.14819907942297,252.51653629806037,1.402737474292325,4.466718609886735,4.413812707253556,25.160340634503907,10.939134045083996
E-0021739,2.8554403899612484,130.39191222204016,13.119369265740865,840.4632986442753,1.622664207503131,9.750825394824258,0.8662874990205748,7.639161036138706,5.888992693656985
E-0021740,2.856440045135283,141.02965797246557,26.87425800854533,599.5433816949102,1.143242085393093,4.195227913050283,2.067584267045556,11.944263814565815,5.271976120909208
E-0021741,2.107438390118391,191.01454860658222,29.193558360268938,449.87548729845474,1.2450265709982011,8.779818363376428,4.076207103970468,13.677063668020178,6.715552812241233
E-0021742,2.7581516049214,247.72699516366572,64.00397566028285,463.57881321399515,1.430331673741348,8.912988503309325,2.2846031308780734,1.792692468045562,9.172533778724993
E-0022435,2.278390462551498,77.40422594638561,33.345632081447256,103.28240670580438,8.228088539289004,8.756967643055656,7.088831294589101,3.1761033471723596,16.625939483865174
E-0022436,1.618645681990953,114.41947676184452,11.792606648020199,43.925851523584015,3.0504919649883004,17.35005696062351,8.869426817595087,2.7461616238560387,21.000109666341835
E-0022437,1.8515500251559716,176.41980156877295,5.677064514640285,192.20701868504716,3.7100610233857565,9.950067057573868,9.650774216134401,9.211354102074518,29.13161813366089
E-0022438,3.512471422623573,70.79408467659485,48.239731775100225,221.31748141246908,1.358634679357027,4.762911693145231,0.21954511594981468,4.248218599529169,2.759137382253404
E-0022439,1.7104161630187928,139.3949177789274,4.981774430221285,235.7346469521429,0.7354180271069115,6.265853978596539,7.206164098088331,19.267080982940456,29.565900713147514
E-0022440,2.9775506009042116,104.26961714691396,20.94317444599407,839.1063756730483,0.8852479191278393,5.394852249927268,2.6453346012666543,20.397501030587406,8.691616101483216
E-0022441,1.3610011441002263,180.08013846510107,5.050549939137895,85.94746356920695,1.9059873673983958,12.05128252201404,6.51862458128475,8.123276876445775,15.47024753432301
E-0022442,1.5608282302167638,132.17132381939734,8.764068431556177,83.79452355014853,3.1534935865449576,11.329541142944741,1.6549641171881784,8.160652499272306,6.447396184086647
E-0022443,2.428109338236545,150.0802257248122,8.619648091492015,119.59384140695356,3.361037574510626,15.545026401179642,1.693927175671032,4.814860502702144,7.099307086226035
E-0022444,0.18245812109571702,217.0607442445614,1.000020495995499,37.1399168652274,11.015651301199178,14.614233686878139,10.541320190834949,1.6439433247932334,15.675113368091438
E-0022445,1.6091421910963866,142.4320663943116,6.534784400671217,63.69244294410807,2.1606517886734267,5.078275106905567,2.2200505128237173,7.0029904879749605,12.237457738769386
E-0022446,2.369780404151194,129.77725923164698,14.785112902948116,142.39709799815057,1.5180455350442812,6.201862713473911,6.284241336296692,7.670096934291448,11.176541568781365
E-0022447,1.9544723032429487,128.16981287590826,5.092379116457796,266.2934617676067,1.4240547073638394,11.072352873453152,8.133818935930055,16.969363782440524,12.866452067824174
E-0022448,1.8241823609106806,140.93714315755938,7.8167531869823375,121.1293520861449,2.2267146558460915,9.334852603247365,8.916253918090149,7.648129825629622,22.482169237261168
E-0022449,1.8241823609106806,140.93714315755938,7.8167531869823375,121.1293520861449,2.2267146558460915,9.334852603247365,8.916253918090149,7.648129825629622,22.482169237261168
E-0022450,1.6733438465590424,160.7915752589774,10.155333391367174,143.70503654401537,1.974443759213509,9.186930048572478,11.419310180780402,6.646612494930526,17.511161602375623
E-0022451,2.5604090367391894,139.30235979358696,8.502485597011692,142.47697882206833,1.2508122568992472,13.434919186382487,4.003270390280306,6.962490823415075,5.468381082517993
E-0022452,1.5983293405879526,191.2286777588304,9.795080701677382,26.641018897869554,2.5703125313856985,11.332994436488296,10.055455606268627,8.200143093904677,13.739950607845174
E-0022453,1.7284362064791055,162.09525989587405,5.773061231176698,40.51274971089032,2.555748722344306,16.05065797403997,16.062044647695764,8.147685302456173,20.05722777486531
E-0022454,1.9637947618294116,145.20677241628374,5.014211766525413,79.88747516182056,1.4506930504817552,8.604937896961502,3.275334015442653,5.706436875839143,17.713181155208414
E-0022455,1.979972788041314,187.85437261562876,9.30183265593743,405.0021424948652,1.6885582745752965,7.458598674773417,3.53423271116366,13.924352711095061,4.7470594760156395
E-0022456,1.936718851560498,187.83552994631242,8.46913574546413,435.71467006864617,1.965096610829727,10.060874794351585,7.171371043787063,14.863378700788328,12.78539204553952
E-0022457,1.393427509404991,166.36055551440612,3.677439442747817,45.11900940647508,2.474681027548177,12.599722198795082,8.561557028041952,8.755610431416073,19.843205691933775
E-0022458,2.166424844918534,118.53267360650464,15.911436712865717,75.65448697933819,2.1387837120837876,8.855938307055435,2.0714216849996867,8.261329799593643,6.219171626825511
E-0022460,2.5112662667139842,74.38147314241348,40.468069658714676,418.2410337621946,1.8300298858645352,8.490076036542682,5.25318921831375,5.101063796420006,6.951114451358848
E-0022461,3.2431290968980626,69.26811703558252,86.02840093865822,333.93197495619984,1.1507002994388802,10.583753105318731,1.5384175684995847,7.317562947877443,2.970455854385251
E-0022462,1.9589350268685668,219.25078647579684,24.457864688235436,444.09801884381085,1.2397967593967698,4.460920838481227,3.911623251294766,12.130604552375415,12.54732567329744
E-0022463,1.807921938394812,239.7349037463217,10.963394168308522,433.9782918116672,1.4446229490797944,3.188592511760363,3.9981989613191176,13.331749373591945,9.200005288272344
E-0022464,1.9287813082353333,214.50128395568797,15.803180289784127,503.0111742321487,1.5354629853324353,8.44980372724148,3.2369908160726437,14.151960231173014,7.6679832109864945
E-0022465,2.9115847277654088,156.16681823960957,28.425960137397542,273.5431334435455,1.0568895077199372,12.425007922896414,7.946826818634235,13.496330760670757,12.780758695150222
E-0022466,2.5044993176174617,139.65938219759533,35.6367117099659,776.0510739616938,1.408920727011866,11.990293374215529,2.4831030920973203,13.21663007734278,4.450826281098574
E-0022469,1.8164129100673778,133.44147622623262,9.347389112248946,154.65384798242806,5.564196447627009,10.57420688776893,16.56849638438099,13.189895714195002,28.32520102028928
E-0022470,3.273212626065343,85.55348879547846,45.31668042259001,316.67941496589276,1.3562655441757137,7.6984376956823475,0.5843342621742431,7.396655965884514,4.6254904781679045
E-0022471,1.616543533887922,169.92471693615434,12.608525009885867,93.8168412957075,5.058036272741868,11.414835137455949,3.281243415413852,12.624169273744483,17.858430036534177
E-0022472,0.9368107840122548,154.2832101633547,4.065557780434851,128.5243085028508,2.723971572651039,18.962071209645828,8.688818306948042,23.08085812529118,22.701284077059032
E-0022473,2.1701568027337155,125.23336975870649,12.14256274237562,263.2224660760418,2.5944912965367943,12.405710826243094,5.4477299079594035,12.520738282767596,11.91541417527233
E-0022474,2.1244053055050953,65.63120681629091,6.61155165114132,181.73724429214013,1.6034503819274317,7.267257483119014,6.254838694923243,14.427512055904293,18.68129272718613
E-0022475,1.13477454659504,156.33505070447333,7.507898563453717,23.031198408251974,1.925034227545801,16.53967112096088,27.32542961982542,13.843227144354564,40.12657645062454
E-0022476,2.0483543857076074,123.1129304061511,5.508266450096206,154.4628910220581,0.8019216788570118,15.003272194356477,2.2321329942529005,22.183656486174243,12.5946386842955
E-0022477,2.8709699608179817,87.3254878063241,15.021409995148414,298.5390581755212,1.1666244349203054,5.66482734106291,2.834305416685116,15.710740900380207,9.47450003825141
E-0022478,0.8655168976076144,217.62083809928052,3.566938409177483,79.71834064773081,3.288055790057139,12.327113854232326,11.894183996352588,12.166490268970668,25.482109692366052
E-0022479,1.8445872489214419,134.97271007029855,4.398005700225641,170.4338921653979,1.8597807164949614,6.26742647695498,10.696020384184479,15.66060037342731,15.550591827765118
E-0022480,1.5937736315582232,166.71212486356944,9.030178013123752,378.27343279657964,1.6326436593905715,10.360540336740836,7.496909893919351,15.4753202525584,7.917138661843608
E-0022481,1.892300402118936,155.00034525913787,8.882004075721118,63.695431717540046,1.5550764752731299,9.620189211375568,4.732722772427794,9.442267976959332,18.272406285333325
E-0022482,2.0787895012756197,158.89599294877033,11.119211291264397,94.57958459997973,1.9568677086609265,9.3345208209215,4.144470255267213,7.125917205828638,9.50516395323785
E-0022483,2.686085960948297,143.52434232116946,12.26965347189878,129.64648790662028,1.813801472419789,9.045773410014778,4.215958659620426,6.1997974977786665,7.871776058359538
E-0022484,2.018467875361281,155.26565996199855,7.059906464360745,76.78151669491932,1.4407512307210715,14.347194898438435,3.9440111082427864,7.768533342716209,8.563144096098858
E-0022485,1.9403426310554857,147.23544266299655,12.145404254597803,49.78408957500321,1.749827475440497,8.407857943957104,5.580108592955324,10.115141112841375,14.044781497274043
E-0022486,1.9750493868651038,182.989333449961,22.346494727026297,62.094734831319016,1.5879952766848526,10.571052163379717,3.418448657111106,6.743955403599331,10.693943322763712
E-0022487,2.11833437354837,153.5172447996979,23.788765327801883,73.87270443912337,2.4334882261318054,10.994404917417869,6.480613544370503,8.394448135833454,12.60337610956848
E-0022488,2.0686901961810618,124.29156500932768,10.11732329588444,101.5634612480149,1.9381259546047442,13.429145551117013,9.347224989004188,8.474430510064396,15.987329646882303
E-0022489,1.6473421401777724,176.00976834239617,9.973000923121452,49.13699393761153,2.669541302964028,12.087902010184996,12.822075518773698,9.067278661058348,15.23265560519217
E-0022490,1.598657883567918,171.3045505488111,7.215668136420552,42.29734384813505,2.9638160495334462,11.329760039612658,10.58294155976812,7.3411497112646815,16.446616107183893
E-0022491,1.1527793945951716,187.23368599650524,9.175679298551247,44.44066367325166,2.1605490882251313,12.82286206880449,11.062014758169509,8.889250121437843,14.348221679852244
E-0022492,1.1527793945951716,187.23368599650524,9.175679298551247,44.44066367325166,2.1605490882251313,12.82286206880449,11.062014758169509,8.889250121437843,14.348221679852244
E-0022493,1.2878179039925415,199.9591807952894,4.536841416805289,55.43526659834005,3.84781297050956,11.972680585382108,13.007922366001088,6.171534176961048,18.601933200558683
E-0022494,1.6816401096168083,146.91938564715977,6.430089055043585,86.44902820559616,1.943620408444612,9.131180886613775,2.356865035176519,8.892561849571312,19.37950988609933
E-0022495,3.148608443598185,97.32673164891982,14.522326340729443,258.7580004856657,1.3630999254798588,8.625586743637518,3.0626899981288935,11.178392305819626,10.205813285580863
E-0022496,1.1751295509282162,168.89981413837,3.428906611889949,27.778086908020065,2.07414461200655,15.443636247853181,9.607250348451906,9.70581415654685,20.25610452114842
E-0022497,1.1751295509282162,168.89981413837,3.428906611889949,27.778086908020065,2.07414461200655,15.443636247853181,9.607250348451906,9.70581415654685,20.25610452114842
E-0022498,2.908105240530633,184.25544529952032,51.33736399955151,223.91996592537257,1.4406472072486118,8.492428359775705,6.657419073972103,18.272575655131174,2.4488653733569956
E-0022499,2.4793514331244912,110.21913086879385,33.07714009749324,228.69046384798983,1.639186502208791,8.981844233864953,6.323446981093635,20.222599313315158,9.3587319606046
E-0022500,2.8433760344773775,127.47557657265763,33.40434080645247,266.4792441942889,2.160071505144403,10.530902916904424,4.403648648302625,7.025783041078713,5.00490904031898
E-0022501,2.811440023211552,204.5261496861795,38.50454447868236,586.1147213584222,1.2821546024203347,7.952705698910394,5.2063627547149745,16.35238118427728,8.972347915334392
E-0022502,2.7152798018355537,169.0305057131653,43.91388247102294,399.2060069984748,2.1866441979531497,9.718785288249986,4.682326835888676,4.885220551785618,8.332696989063958
E-0022503,2.6264054064699445,72.07395863205267,49.093272761815584,565.9543050836979,1.8675865031296899,6.710383912567954,6.5930152161806825,7.827885518925114,11.002508511996703
E-0022504,2.6264054064699445,72.07395863205267,49.093272761815584,565.9543050836979,1.8675865031296899,6.710383912567954,6.5930152161806825,7.827885518925114,11.002508511996703
E-0022505,2.236111325999743,234.00691961715768,8.954275654977684,294.5847192295276,1.2826574480755992,6.405809957718167,4.666570475382556,24.67901917447192,14.274989590004992
E-0022506,2.447568650071737,230.9000476773514,15.296745633240208,433.61166245445355,1.4554797115020366,9.398584916183836,5.226987998723696,19.095918185078546,14.405609077555793
E-0022507,1.9375875750498595,236.03201744622294,14.55609038653487,214.05544594034498,2.2094804489902833,5.901916294468288,6.197348894088618,5.079757994337875,11.794440014576573
E-0022508,2.5790641557110296,165.20198568170778,14.15265392212445,584.8977035476329,1.4661050892002434,8.673660609516407,1.3171923081703423,9.127026523197662,9.09093835183684
E-0022509,2.4595296634778476,248.12957152224567,7.623446394684822,719.8076211352347,1.3342965939020817,4.010621548282437,1.9850356410973597,11.958260346459793,13.404358315635536
E-0022510,3.2421098576583915,64.32609923761862,47.10406392881526,449.57456371177307,0.7696428356147228,11.043164069073862,1.5051779620207721,8.89406109960855,6.377725513385209
E-0022511,1.995761715835076,175.19815696053465,7.467377192454748,134.9030431320565,1.6410611621217037,11.992924837359565,6.705695397640135,7.695333005501629,19.96577377668963
E-0022512,0.7525851022036725,207.99842550665767,3.6460991527207938,89.37045371075179,3.294416359857395,18.572305387221782,17.381858291267516,12.134930320736174,34.33379073918054
E-0022513,2.077578233059542,75.4849650549145,7.937887737908773,143.5211271278794,1.2637925029341508,10.790371952970586,5.8335687102975236,19.06310416144091,11.342142489948841
E-0022514,1.9897471231992157,122.64305292894217,8.11199827249456,231.29466843743947,1.0086678727822644,11.851962688550774,6.288271745607274,18.88708547086541,8.719075173578375
E-0022515,1.4589466352702591,159.17325842030397,3.9430015109592325,135.98706175882998,2.518754150404375,16.493767100412896,5.44101411478567,9.103136456335257,22.96508073774961
E-0022516,1.4924450200896326,179.64996629710708,5.766613350864803,352.66677163874664,0.9141622230922068,14.115752330336525,8.645145689399365,22.728882756243735,22.585207438365565
E-0022517,1.0553784037306317,211.2918422806277,2.3277607431822513,41.122804308220395,1.8082666824039677,20.176131614047602,11.614597309792629,7.556670188925773,21.77549557719727
E-0022518,2.3742711124457556,154.48697883409994,17.866864670920613,236.94409940084714,2.6240571711126806,13.158287347310278,3.4197509862764517,9.262898479008914,9.510025194004838
E-0022519,2.312597402132227,171.30477247404036,11.172091656982188,87.78370160875498,1.8447416421741072,8.969969298346866,4.23875518544923,6.602292998925618,9.66328918759357
E-0022520,2.0375770242269677,148.36423007826946,18.11205183987965,66.38151389048073,2.413445878749782,5.6143422206325155,5.021031543245877,7.683959657193175,15.772965810275375
E-0022521,2.051441756255573,165.44752683476563,8.095166520613999,66.22146915990362,1.22976227189285,14.41456372712523,4.760710819722364,8.646038885772459,7.6716335243586355
E-0022522,2.334515706831917,143.20137189444438,26.26363430228974,117.36038658950041,1.4775364841314331,12.325136389585236,3.5748124726077806,7.834891388897463,4.434306134800357
E-0022523,2.334515706831917,143.20137189444438,26.26363430228974,117.36038658950041,1.4775364841314331,12.325136389585236,3.5748124726077806,7.834891388897463,4.434306134800357
E-0022524,2.3764396039652222,138.65829022295426,10.200513921958073,78.82962952517762,1.4453161956923166,13.131377336120488,3.387101453040594,5.866309530146437,7.370859998587077
E-0022525,2.053251491591106,134.10701703309624,12.727756005833973,156.49944104699878,2.1085538687152554,12.9795777556151,12.363459601229442,8.910170548872335,16.23709177468566
E-0022526,1.4591786015864456,120.77709601557518,6.772974525089353,63.92035961441001,2.4102066669690756,15.147858755800602,8.72178028654103,12.028058214522394,25.385440406152366
E-0022527,2.68300439504048,53.16127142616659,14.455211014978536,283.6147679336945,1.1790684682515167,8.99217534373115,3.3458694140878915,23.43732014538753,8.071463564538988
E-0022528,1.7172116783655103,203.8988328010642,9.011484749650496,244.83936984285182,1.210292231421144,12.62068253297538,8.18426687219525,19.019803540402982,21.715933823694982
E-0022529,2.564917672497553,114.57666184560976,6.70297197669343,112.36347069350862,1.429008319025764,10.735410131701538,3.700073166885604,4.249162964510826,6.955217106117125
E-0022530,1.5405255703651315,174.52990769404087,4.994679855276418,60.80719199146789,1.9280554577474485,26.16015007170132,7.9803179678403975,15.975435539124165,13.654415852173319
E-0022531,2.2107613053519777,95.31096503705402,10.212250474453302,267.65073895297803,3.140949722806174,9.267907117505025,5.542786486402493,13.693462766336525,12.1196980217573
E-0022532,2.381313600860903,121.0460353938845,7.756175495415359,514.5340020080104,1.0394809332667199,12.24913426292705,2.241202952545842,14.531585083880035,8.20160902677043
E-0022533,3.2076811760175903,88.21993146225577,11.709391996139185,123.62766054748141,1.5302299219408717,15.198944635153978,2.236066059983798,12.023199556072987,11.149894024219288
E-0022534,3.0515515255310306,78.10655626598174,7.710456730205032,142.1559204650786,1.8496695517264148,12.816566479570385,2.8639907434347784,5.832566200785366,4.363277931523872
E-0022535,2.0180809471561356,128.20191800102938,9.539921093189816,66.45159085541638,1.4265480099512848,9.62791679768285,2.2881690064570726,7.86701458958489,11.338109802643602
E-0022536,1.9684316003343911,136.84492057364602,10.71336929518313,86.16311279370265,2.1205355199913947,6.605164984668628,2.6584326443225823,6.144389859080385,11.94337774489457
E-0022537,3.191057789566538,84.47481565700141,17.439674023963313,181.13267962399277,2.3202968434618816,4.354390314652481,2.417714657492233,9.094637889944263,7.6396423469386505
E-0022538,2.6087872144246758,128.27685409110063,16.692370160622453,252.62782705431385,1.5684545244436352,11.803217126938964,2.852266489778713,10.286155767236115,8.438984500550045
E-0022539,1.9119221368876578,142.75042285931553,9.245459962275635,108.44278766066816,1.23759425429344,13.210078028440257,10.637502015490739,9.483297852682625,15.486429601696361
E-0022540,2.2931271678850402,143.80529759780805,39.88491040096303,443.1204405402476,1.2028301015433012,10.640866553799306,3.6733067361788856,10.62420703246559,7.999906970762216
E-0022542,2.386286147266831,221.21064218307126,12.971637418214694,376.8783685835668,1.5992282219837723,9.627613384509585,3.4395358600187413,20.577423703375388,10.96833041162612
E-0022543,1.832050236503512,238.39531245928544,19.52144980444929,187.43622984530302,2.217234792840914,13.349889504707548,7.218841974661259,9.369168623267306,16.663093338160785
E-0022544,2.0998871648736004,233.77436207812912,24.940740302270008,337.4330679354783,2.25332570934767,6.796340442433389,6.570270592149433,5.287396399633892,11.698748056099074
E-0022545,3.0197721534144986,138.77954114114172,42.00241835237562,668.1953486318422,1.218216557375423,12.763267466950946,1.4520226140954022,7.027327129781574,6.20888874977576
E-0022546,2.948122192170005,130.96166370838324,33.42149334585438,608.7503317217634,1.2168114310082627,9.84296694376004,2.39647713800962,11.85167573397882,6.346865371527148
E-0022547,3.136449768091672,77.02411477977607,26.476387387745795,468.710923361846,0.9200102790926421,9.693629218458343,1.6654110257940233,9.714290937905051,6.523890439837606
E-0022548,2.134725876325074,157.19517920986834,31.28663817138269,501.3340449908815,1.8178200685459167,11.035250430749434,5.5587092914491905,5.719831803001084,7.424416587841282
E-0022549,2.134725876325074,157.19517920986834,31.28663817138269,501.3340449908815,1.8178200685459167,11.035250430749434,5.5587092914491905,5.719831803001084,7.424416587841282
E-0022550,2.9625797431060032,129.61715058084403,33.82075079098433,481.63035749235956,2.0524107494957047,9.651985354868568,4.207917967139677,9.154117211169272,3.656779841551705
E-0022551,2.0431819079947866,281.28413004840166,16.105189023336212,214.65178003390278,1.36287484879803,11.221252365139293,6.879854056583348,23.523656186315794,27.08448337417627
E-0022552,2.1040718366627926,190.78292327546288,14.21916158516976,244.91771259707136,2.2439878861397555,11.029870982441263,5.531041017150902,2.8590120530508036,8.995622940092066
E-0022553,1.3623994080290234,268.7574387729302,13.525143814568429,194.5480620309626,3.5544842250411617,11.149375451691647,6.104179806617679,11.738048090922986,29.689997200252577
E-0022554,1.9539251956836277,230.27331355379064,41.27053403298533,440.94302798015883,1.8527287003267774,8.811368788564671,3.2733465898245986,3.626273331789937,24.92360293242694
E-0022555,2.147784555071278,232.79368979711273,29.94176295857942,330.1849431259614,2.2913180634612704,7.999557166112579,3.7399589174224483,5.417523907429826,26.239152201392123
E-0022556,2.151167535439582,228.98034342777902,22.380980201468777,464.4825987841672,1.9052061779035578,13.283421120634642,2.57198456181351,8.061147174305905,15.789178773281453
E-0022557,2.9209416771014363,229.55597567253636,72.41487312364116,414.19866526857675,2.0630462048095284,8.180925645399753,2.006216514316477,2.8315485608906013,7.257308849084989
E-0022558,1.9841100112397143,162.9031134782349,7.833412445066935,70.40839868871726,1.4228013288700683,17.61307390315523,6.313838820516253,8.248802256173683,19.864902886521968
E-0022559,2.443737402925344,128.12362546924115,15.062183163276801,240.28103656512303,1.2180555793610968,13.186544617857567,7.045875760277766,13.136322275875996,14.1461716556962
E-0022560,2.6201092769789356,136.16061177286556,17.298985119427623,129.32982926179534,0.9751475506623654,14.024241401752413,3.228692194683464,7.404096057541309,7.206370342524173
E-0022561,2.5124898802808504,130.94824745079617,18.82666797762204,157.15894629217928,1.29097980976607,8.130988689743475,3.651456250017899,5.653998283624145,6.170470025987303
E-0022562,2.0056844482007636,137.5009232377604,18.776040764111986,170.26223535958619,2.421626266179206,10.273429810500792,4.617286732498057,8.752385303209612,17.335090845289585
E-0022563,2.0056844482007636,137.5009232377604,18.776040764111986,170.26223535958619,2.421626266179206,10.273429810500792,4.617286732498057,8.752385303209612,17.335090845289585
E-0022564,1.7770862718983982,133.9108791795732,8.49242439868729,51.44273309861206,2.1942139230344235,12.804933945330065,13.050763599701904,8.987258820701264,15.354336334039681
E-0022565,2.1667087204223856,146.38895226099672,10.974429282717763,113.07418608946735,1.8065850984584457,6.719112794558551,6.466288943194173,9.424524525898516,24.191328106813653
E-0022566,2.1440216676321637,150.1943930061786,5.837529552098065,102.12531207415768,2.4510842830736905,12.679277460501325,2.3534767235216734,8.08814772470187,9.481574039736952
E-0022567,2.9767069966056185,79.3657061415625,10.004230265630664,609.2672492001727,0.8023373353987034,17.278855580664576,1.4366488714574115,13.021493295127597,3.377579903301187
E-0022568,1.8456908294411793,166.46956494235062,2.7373591742749945,63.95268227855713,1.5551930266002767,15.275622467988626,3.120396929655199,8.483337585168382,10.26435899754189
E-0022569,2.552712548539119,117.77760196821362,7.488913446973049,156.40604201077616,1.039500482170064,15.536836597584255,2.908331203638986,4.722021576269169,5.8061010668065824
E-0022570,2.666575115125765,127.0586923765459,6.591822024728575,158.4323098440464,1.451369754092654,15.258122501500969,4.174884110956268,3.129703996572575,4.422251804435324
E-0022571,2.5234191173374807,62.89130783867565,9.572051675537544,378.1805991688749,1.0732604703812976,10.70172798392436,4.184377600127675,24.804843204197585,11.884070091325862
E-0022572,2.2627047731946774,135.3630447516069,7.79307268057481,164.06499626961948,1.898342061204707,14.092303888320469,3.1171951022772446,16.96788904857825,6.655022153334951
E-0022573,3.1023491908798695,102.41311471354625,13.809357487785752,187.40405497001498,1.4775807180765732,6.744500656550665,4.5813333165079015,8.247099562017466,6.649967091811966
E-0022574,3.4559905920023133,62.914743965350766,29.788435744135,291.2204202736689,1.1100469170272165,5.916330048105269,2.7255595023179495,6.850734336842891,0.9359274623815419
E-0022575,3.1709235462421583,100.32511908000407,10.515067364138467,105.57066565933455,1.3247380788785688,11.65482665398515,3.9763456860368382,10.621623471036557,5.167679849517143
E-0022576,3.547047866804997,53.29544498474288,24.118420670559495,153.78669802642628,1.1726124331022898,12.043553598736,2.054164748512004,7.062935787347916,-0.14043870565728517
E-0022577,3.225471283488613,70.49089097257799,13.828298371315848,82.73780261034652,2.0069285830002617,7.314431864293654,2.3400917007384385,10.072732759211654,7.654296009223236
E-0022578,1.8047932133609166,141.9188712782774,9.433037007437175,91.97885914642475,1.386487673439721,11.762219895366083,8.733983411656581,9.92792406585021,20.402459773700862
E-0022579,1.8047932133609166,141.9188712782774,9.433037007437175,91.97885914642475,1.386487673439721,11.762219895366083,8.733983411656581,9.92792406585021,20.402459773700862
E-0022580,1.8430941415144513,147.65443624993105,5.406349675782868,48.891759231827294,2.385393690759449,14.79930777167793,11.347056548986611,7.387503229634696,22.065013204149185
E-0022581,1.550264074593662,201.37220982447803,14.98796732967809,52.89578553310627,3.168445825336117,16.18114145216125,12.198840535230994,7.876208592397791,23.645445791147555
E-0022582,1.3601049089564636,200.05578963710286,6.803979864115284,34.12348615625051,1.7507012056815912,14.835551404190682,9.573681004913645,8.323358630938639,21.46640907876164
E-0022583,2.1195776374951705,156.76193214145786,15.650906819886977,69.64537545474445,2.07823892107629,13.044163749257814,4.376171908607259,7.730481458315273,9.222731685102627
E-0022584,1.2873590813955174,205.74298479314376,13.203695046755636,30.372494882022792,3.7411920192699073,14.492691376079678,13.239542618294955,7.848909712596046,16.00183674274702
E-0022585,1.6842213630382745,174.33140481710348,15.429924011577333,43.19704870592624,2.9558418372106243,12.324680780357319,12.318798579968751,8.69078054578933,20.155669908687102
E-0022586,1.6826465793794025,157.58130113333868,21.278700607159834,92.33334778882787,4.545604867684924,9.085608131498569,13.78916002375156,5.958880456378657,20.81116865095631
E-0022587,0.8704368702468818,119.03771258590633,5.152259064147378,165.88098663337067,2.3675257272107393,12.000225713680244,11.948290253925395,16.916234201074722,34.22870974414666
E-0022588,3.0823410561208666,99.70230766281527,35.341402312316376,403.104767481627,1.2605282814043133,9.854664659327756,3.885521669857428,7.238949484722032,2.094659461778121
E-0022589,2.4887527042240274,128.26576187006341,14.618149232960656,139.4991537961892,1.364062466074923,9.053704324200144,3.741631010742773,8.813263523556422,7.19642761426933
E-0022590,1.698963492676716,151.40605933256305,15.147688829606851,184.8251944487148,1.1632705783547657,10.640331521194756,8.942987685114028,12.867158629995144,17.542328789285147
E-0022591,1.698963492676716,151.40605933256305,15.147688829606851,184.8251944487148,1.1632705783547657,10.640331521194756,8.942987685114028,12.867158629995144,17.542328789285147
E-0022592,1.8260840274824304,181.82745591464058,14.520638115104923,66.33520265861524,1.9157552948887184,11.396474045924581,9.968940643112091,8.271674823617063,12.768023840252525
E-0022593,1.8260840274824304,181.82745591464058,14.520638115104923,66.33520265861524,1.9157552948887184,11.396474045924581,9.968940643112091,8.271674823617063,12.768023840252525
E-0022594,1.7809592626422082,135.2984753490386,9.77618336558163,93.69150875964438,1.6225642840351808,11.92411503838525,9.168235062400553,8.31450885215867,21.804527661370884
E-0022595,1.7809592626422084,135.29847534903857,9.776183365581648,93.6915087596443,1.6225642840351808,11.92411503838525,9.168235062400553,8.31450885215867,21.804527661370884
E-0022596,2.0009952887046394,150.07308810112275,10.246104879236038,171.1758906136788,1.8620914956958856,7.154927363207363,11.432767229053756,7.2068788399200026,17.23484726120275
E-0022597,1.8144405668805308,159.27121937043907,9.902843582172661,54.04833626283803,1.947436441485787,12.903979830566655,6.79973173191854,8.632690165348173,14.563415028789379
E-0022598,1.8050249017180553,169.16269089177402,9.906678669079643,66.58688150124173,2.0295069823208047,10.049907779809086,6.990551736422959,6.553115908074801,18.000663339645627
E-0022603,2.566037519139837,110.72479335657225,13.148948419210432,133.99448423320544,1.305427282078755,7.109045356227709,3.1838547592029727,6.812403888482941,9.21773071112423
E-0022604,2.2985997049676685,92.26795048417686,9.623175468689022,120.94072834429379,1.6622011976046442,7.058660320396017,2.350644328090562,10.43151952651215,10.506540605764403
E-0022605,3.1058170660538984,91.55179224584184,10.930249260110251,136.39922633294273,1.3830607312281535,7.83625145377536,2.1987707935098117,6.920139486290681,5.923503196277732
E-0022606,3.379547682535347,71.09293962783147,26.065084374606116,145.36768636885785,1.3697837029442963,6.266168983237879,2.1854499209273293,7.591606914274355,3.1937474649159743
E-0022607,3.5398890940512038,77.30459598579755,24.56468089649211,349.1398564690611,1.4627137413159492,8.846421787571499,2.7061560343828415,3.9683197361120808,1.8495720598227403
E-0022608,3.047155747900083,85.59830620207734,7.559500650271183,173.91946030206762,1.985691470674527,7.916808991732751,3.095185883280939,5.746339288991211,3.7181971071460715
E-0022609,3.3234589915617248,65.1212948071693,16.97105872693771,81.11028637775,1.224295599623052,9.302464668661083,1.735722428817883,8.44270670864616,2.6818368962410415
E-0022610,3.4832989782843327,53.15142030007955,20.918964990733883,181.29607826765275,1.0366466262835754,14.423238982001855,2.203841166663085,4.639452348998317,1.0580240210124172
E-0022611,1.864159857594892,106.65053798428619,7.624115103291865,65.93873951535105,3.1786158147773147,10.399816000958719,4.560755292093569,4.687451892981295,11.90938317976961
E-0022612,2.536769400717884,122.55085153584342,5.3112869770076685,147.17095257621583,2.2385383674902313,13.223893651139491,3.2598870639819073,3.6144105804097633,4.777882225691847
E-0022613,2.018769261395679,136.49329952516214,5.1556843061204605,88.37474273059958,2.651254288561917,14.906226990918581,3.7948281218017312,3.7383546786567012,6.794548289832926
E-0022614,1.6175469000635658,117.6833231288054,5.573821395379229,77.048484529959,2.983655500253429,9.408893548857133,4.5831858711356395,4.128904579109681,16.74948121884671
E-0022615,3.2500084870477286,158.6043147567441,24.03608949528649,202.38197896804354,1.3846973460511909,13.413681998230334,4.745916320173685,12.747479305611703,10.869381236585347
E-0022616,1.9776094667482056,241.77808995396046,28.277166914474076,440.1596039926495,2.530599423777254,8.769762862712584,3.1889338857869793,9.49397667016934,13.736184869107136
E-0022617,2.3016601823961977,250.98692841054975,19.434038935266393,490.48190621039106,2.214254142499804,8.156766962740903,2.261491638117852,9.710621753920991,13.531163287557936
E-0022618,1.5652480958048853,226.0471133996704,7.467599619072304,437.54998815379145,1.8936039885158353,8.23871833214279,4.672635110378767,16.36689618339006,25.64271053793735
E-0022619,1.7084917107955586,280.62581609771286,30.031006164985598,168.99581281368907,3.5453921877875505,11.22582555003444,4.452655044602814,2.7279263188867477,24.93982731525831
E-0022620,1.7084917107955586,280.62581609771286,30.031006164985598,168.99581281368907,3.5453921877875505,11.22582555003444,4.452655044602814,2.7279263188867477,24.93982731525831
E-0022621,2.147784555071278,232.79368979711273,29.94176295857942,330.1849431259614,2.2913180634612704,7.999557166112579,3.7399589174224483,5.417523907429826,26.239152201392123
E-0022622,2.151167535439582,228.98034342777902,22.380980201468777,464.4825987841672,1.9052061779035578,13.283421120634642,2.57198456181351,8.061147174305905,15.789178773281453
E-0022623,3.0295963472022875,203.18260647706776,91.04542079034786,268.22863058838095,2.161318544133146,6.186396864239365,2.1422181949149826,2.457148327228693,9.43220515574438
E-0022624,2.867230490868205,204.2545575599985,59.68621199660284,388.722272605608,2.163825163193607,12.130030420432444,1.452623808377698,1.2508566336927096,4.650761197369567
E-0022625,2.2795090369137183,247.57622173236,38.69925453231587,263.55603840899084,3.83861099103488,10.166966530270475,2.0079469164715005,1.1219815729908802,12.847994334035665
E-0022626,2.7775964420216828,214.2327838359165,47.015677677383266,297.3959666333895,4.472376873055045,10.111746846630957,1.6928907345768527,0.8981136232223687,5.4128941898854315
E-0022627,1.4802628990803912,148.30339601528135,6.117037770096364,101.6981451548174,3.8599928630177973,16.922412549376254,5.871858179396585,7.134921179072053,15.686124192258838
E-0022628,1.7588643731343885,165.0140488288639,5.233628576759529,52.69533968164132,0.8313300442468085,18.201820176033184,6.6718951735527074,22.389029544624883,11.837411821440481
E-0022629,2.018586063341031,136.01422000166747,4.843110133072463,83.28120277931005,1.1319448381057033,11.470441434292791,3.293476191661178,10.139531146931139,11.59694475030429
E-0022630,2.7233077587530454,95.71721626690044,12.066967263223424,77.69350681193231,2.7831514374087587,7.431440050260084,2.5170329124656945,7.05905490763596,8.65709152098778
E-0022631,1.6247673506115503,101.16914976792503,4.53291499708444,62.16614054916561,2.3009435177221746,14.865347857202693,3.680601442006549,7.015885769118441,10.827759293346332
E-0022632,1.6039819339818475,152.15807921398806,12.443960068267193,217.0791764382127,2.3175003387162594,11.472850068722309,5.445461582647263,8.170978976786593,18.648500173371488
E-0022633,1.6039819339818475,152.15807921398806,12.443960068267193,217.0791764382127,2.3175003387162594,11.472850068722309,5.445461582647263,8.170978976786593,18.648500173371488
E-0022634,1.7588220309665896,154.32861468691826,8.04516871712281,90.33186086492866,3.1456229559391935,10.602511797456156,5.983228771968555,3.978419101967559,12.75981904835092
E-0022635,1.7588220309665896,154.32861468691826,8.04516871712281,90.33186086492866,3.1456229559391935,10.602511797456156,5.983228771968555,3.978419101967559,12.75981904835092
E-0022636,2.2038684393158143,143.90733049643262,10.780852888180615,157.26884885888666,2.710967256397207,12.784498729430002,3.215088379528264,3.775315756210821,3.0933058152372874
E-0022637,2.2038684393158143,143.90733049643262,10.780852888180615,157.26884885888666,2.710967256397207,12.784498729430002,3.215088379528264,3.775315756210821,3.0933058152372874
E-0022638,1.7988657513523076,158.80039261551693,8.23968163946085,186.3954765709404,2.7342136847857743,13.71925099083538,4.355565397116512,7.309073320807648,12.246396479483597
E-0022639,1.7988657513523076,158.80039261551693,8.23968163946085,186.3954765709404,2.7342136847857743,13.71925099083538,4.355565397116512,7.309073320807648,12.246396479483597
E-0022640,2.052188040765819,173.4306294264776,3.5916064761567905,73.03938103237948,1.6295820806569394,15.416882190331275,4.410927340583349,4.517712838067178,9.145029109636043
E-0022641,0.8213971636966028,153.8664658284681,2.7878806647574113,27.420831715014053,4.617942456847321,15.124817594877815,3.96204508928955,3.338275082840804,15.982660905411281
E-0022642,2.1065621445289504,160.19955740442143,4.434208429968018,87.99318771948349,2.271656483757692,10.483954185112044,4.97076861956386,3.1136101933828835,12.00264026934054
E-0022643,0.8566494130476952,165.87429845753678,3.257771791956338,45.49911634587581,6.213107022139647,9.91243997230031,4.12676968573885,0.8040296596862038,19.476121744341818
E-0022658,1.6915895047084257,277.27768881645767,11.409968576160214,111.5264579637379,2.0501119799038996,9.291486340659334,5.597445069282294,20.777910303602212,18.963424849532494
E-0022659,3.2448543142665303,98.4072624591308,30.268103517067974,305.23760156670596,1.4323959943262452,12.072941541028094,3.925763414548282,12.543473363000833,3.4207306073330703
E-0022660,2.288186964204806,293.8987856208049,6.334664849277446,376.56679546535634,2.4009362893067787,8.14092314254412,3.8511990212305722,7.693521488413103,9.94407763067283
E-0022661,2.460563533670749,218.10775687321092,9.877873708847712,198.6314940637158,1.2759848509599696,10.46684429046972,2.6422166351539316,13.952773357498838,10.537148238097465
E-0022662,1.411259047518893,256.99228896379117,23.109297023668127,299.22027243967216,2.932553543510695,10.071463576121165,3.042819290577825,3.390433126495384,23.451738519976512
E-0022663,1.411259047518893,256.99228896379117,23.109297023668127,299.22027243967216,2.932553543510695,10.071463576121165,3.042819290577825,3.390433126495384,23.451738519976512
E-0022664,2.467155463426267,200.92771219153656,66.10695428400204,447.0390025151595,1.6326589785130274,12.692689775276998,4.250417584851446,9.432373253100517,18.884765132191973
E-0022665,1.9539251956836277,230.27331355379064,41.27053403298533,440.94302798015883,1.8527287003267774,8.811368788564671,3.2733465898245986,3.626273331789937,24.92360293242694
E-0022666,3.182991432677195,208.25759271025845,72.8455561059615,818.4896053835403,1.6642379333671278,5.547893115282731,1.7377905072505173,2.9488684777650414,6.015954682099319
E-0022667,2.950560665772155,199.86151880459187,83.40974319987413,272.11124934435855,3.9588059275260212,8.768329038315446,1.8405380522776935,0.9727213022335807,6.319465040519992
E-0022668,3.1666686279635488,223.92950151440857,64.75473227074136,429.19217319996903,2.546403780115913,5.510577917676862,1.2463136230932894,3.9928274595795594,6.681285167783692
E-0022669,1.960422159386308,272.39756252539587,6.249245396594239,308.46163561075565,1.7481959941236658,2.8592989148801857,4.461328171593139,19.382096032918383,13.791461436396922
E-0022670,2.4239894303323006,284.85520965249793,25.093159695772787,395.2226038649979,1.558335434659787,2.2378093113525885,2.60165097430304,4.5874879091373035,8.027827358035179
E-0022671,2.5459371165121025,163.3523576957132,33.31430435142934,518.5809593203135,2.133653034400935,10.120983547439788,2.9370650241029503,8.785330052579049,7.644624029945419
E-0022745,2.9388731115090967,101.72190774707093,6.584701977112963,159.9585677092726,1.1301816067437844,12.561205179535621,3.9271437676982264,7.481113461293463,4.2452161115678155
E-0022746,1.30596230194081,164.12020270634898,2.3841596308271216,40.786458413742054,2.096496516580278,16.194440111920567,10.229066237883334,8.428404285107742,24.62058294652307
E-0022747,0.13878609412234083,174.72731144554584,2.1901196613885516,31.02571734025382,4.6640167457389765,16.397785798914963,8.747043581852513,8.281961442022096,23.061146837523715
E-0022748,2.1689128784994165,166.51457757054004,7.008550989302816,92.67353271760287,2.0913430531431856,14.55696898347696,4.294969803562868,7.274911778020199,12.53018612438829
E-0022749,2.988015074595916,81.98003426943846,34.164148059278155,175.8128611452678,1.6908585224015211,5.924771830971022,1.9724747962996119,8.282709847292388,6.96169280165961
E-0022750,3.404618882149257,89.37852233935187,29.56973520089853,247.79397931814674,1.4998351344209038,7.796841382948193,2.584324266907689,7.377816239914436,3.47306197208721
E-0022751,3.1358679179905415,131.42959872646557,19.440765566894914,140.12725900625543,1.914826363865815,5.488084655400565,2.9990080540030983,7.468236554530899,3.8766749137220002
E-0022752,1.60106501313255,185.3681955738329,3.483840282620632,70.9944036428236,2.1695001650407164,15.509997185664812,7.010550984142947,8.413613314360376,22.498301634729216
E-0022753,3.404618882149257,89.37852233935187,29.56973520089853,247.79397931814674,1.4998351344209038,7.796841382948193,2.584324266907689,7.377816239914436,3.47306197208721
E-0022754,3.440662412469093,72.31433065688186,37.95771842641755,268.37337151971354,1.4937102954063926,7.122472750899339,2.482382392044547,6.056331499985348,1.429178241718038
E-0022755,3.440662412469093,72.31433065688186,37.95771842641755,268.37337151971354,1.4937102954063926,7.122472750899339,2.482382392044547,6.056331499985348,1.429178241718038
E-0022756,3.320165577681114,91.59355021700088,34.4756653642023,311.97699422568326,1.9586378192469716,6.5208197621679735,2.4038518604094796,5.2623460172409455,2.014008213563538
E-0022757,3.320165577681114,91.59355021700088,34.4756653642023,311.97699422568326,1.9586378192469716,6.5208197621679735,2.4038518604094796,5.2623460172409455,2.014008213563538
E-0022758,3.1975382961913015,98.37502975694052,33.735578365321,193.15082322891564,1.6651212209146962,6.2060217877079396,3.270994546467183,9.724444963658438,6.75583319611131
E-0022759,3.1975382961913015,98.37502975694052,33.735578365321,193.15082322891564,1.6651212209146962,6.2060217877079396,3.270994546467183,9.724444963658438,6.75583319611131
E-0022760,2.5284918817042135,136.9161588879567,8.58357586653147,114.06679296238465,2.203522519629698,12.671972871008396,3.1359724410564414,8.435784306349225,8.301512243800637
E-0022761,1.2043921380566798,151.93976693245406,6.490657702780117,53.26769585191912,5.025975735045132,11.280098447283164,1.8441832972990408,7.3330103804353,11.463271009515253
E-0022762,2.7899745161145493,127.97483085799576,6.892704434048408,140.6187744245767,1.9776669826132691,8.008581056984543,3.2285917306954763,8.428156366075623,13.786261918732782
E-0022763,1.9852109500458097,155.5243829052779,4.8055991425681235,73.48996024055171,2.593663836578559,8.279813765119059,4.201685786391133,9.62469376592906,14.290426044261562
E-0022764,3.0462415131148575,123.16954046503307,9.250559559644133,143.71123164119106,1.975452347036791,8.02204483149546,4.663367204128502,8.398943898367245,7.9099855802242205
E-0022765,3.235713709920791,103.11124037342802,14.859393784853875,221.2403772252143,1.9663572912057743,7.718886275503973,4.332849699041433,6.862414694018927,5.961331656721352
E-0022766,2.8453235158757297,90.42869790627456,8.912922761180448,221.96963546241219,2.3124162759567364,8.20495170241347,2.0622559504909015,4.018018150070393,3.8989975238001953
E-0022767,3.2989749473364722,79.99837730083875,12.636367174973442,237.9974138096268,2.277741603363523,8.704801795479998,2.6699360350871215,3.365803904365458,2.0134364259034965
E-0022768,3.4738970553033304,65.82906936414581,23.247089955853166,434.85323680177515,2.3994356550880194,8.920511901492244,2.3731684985161796,2.2956390650075864,1.0183897983413461
E-0022769,3.234423568184374,69.11940870891682,19.588368868510045,199.14864338102316,1.869774331690563,5.801598959065778,1.829421681730588,4.030409280247907,0.07113377552331496
E-0022770,3.037368878429622,140.65259922412994,37.12011450478133,348.43466001661903,2.1191691259170087,7.217942704800421,3.736336105421601,8.776314268620077,8.22500966025168
E-0022771,1.9681291199824327,140.92898625322587,16.70397624796733,93.01529154998322,1.7046806638082428,11.324465318988269,3.298137142710427,12.225043340765135,11.283203467450555
E-0022772,1.9681291199824327,140.92898625322587,16.70397624796733,93.01529154998322,1.7046806638082428,11.324465318988269,3.298137142710427,12.225043340765135,11.283203467450555
E-0022773,2.2815769474441434,84.7185493751955,6.981208987099194,115.81480370248568,4.561090528886573,7.791715322604338,2.279144099971251,2.834725259302162,6.558035679923725
E-0022798,2.61558925427906,149.38737591312403,17.45941312803594,230.2755684714411,1.82950870233761,11.782672292241818,5.174065583515343,12.876279257967331,5.946621392270876
E-0022799,2.3837558310335876,160.1368526052338,14.967659923611933,158.76534300477394,1.21512693508383,13.909691915094172,4.397375240625689,17.836553351009123,11.772832908993125
E-0022800,1.6071404656199444,273.5428436206859,6.4836275114077795,167.05553093073252,1.378517530295357,10.657221223886797,2.381728738402783,16.20802888312062,13.603217954934872
E-0022801,2.17000124713574,216.54970407812507,8.252115210137404,296.86372887677044,0.9689206208589636,3.3249544580516557,3.4141030979383222,12.177092239195563,8.584672900209139
E-0022802,1.9783843325938644,259.7550616073128,6.063962130327936,199.08370882284223,2.281820994067781,10.426662134293649,4.143570838279773,14.227766785594325,17.579688265855992
E-0022803,3.0566221985751776,181.85044844331605,74.24481630379235,237.96004725689662,3.904036105152853,7.830727745371881,1.5033793746353834,0.8877138362122083,6.4385997629951595
E-0022804,3.1795391193988025,166.62064302531152,51.59486255793106,296.6561500591739,2.36329800600632,7.857176366857088,1.078622436524943,0.6555329148425175,4.527375028214109
E-0022805,2.9453585399704116,199.45650818721919,95.88740238621162,274.48545418365075,3.7067772266456505,9.344492783279224,1.4919263804409657,1.0013817381244547,7.025556812329349
E-0022806,2.6856538755969677,217.82958540027647,28.353467119161337,365.19391356544855,1.0343944900211899,7.465763895361011,3.432370803625713,19.791981109915692,14.617523044182313
E-0022807,2.2795090369137183,247.57622173236,38.69925453231587,263.55603840899084,3.83861099103488,10.166966530270475,2.0079469164715005,1.1219815729908802,12.847994334035665
E-0022808,3.2392360850682382,79.1117710496536,19.97743211549679,236.4426812826859,1.9406460248978867,8.76596335657863,2.2536732334266434,5.55503097857173,3.751457203882019
E-0022809,3.048657018701563,79.21661788558286,22.631276396502212,443.0773260411179,1.8051051646255993,5.556278910306386,3.0724219556175387,3.941822437278238,5.1290442523260085
E-0022810,3.048657018701563,79.21661788558286,22.631276396502212,443.0773260411179,1.8051051646255993,5.556278910306386,3.0724219556175387,3.941822437278238,5.1290442523260085
E-0022811,3.0560126499259814,140.56970223844243,22.152892049994552,298.5633248114474,1.6534081371686238,8.953662491533587,3.7543979876697997,7.209729940567454,5.367535654862911
E-0022812,3.0560126499259814,140.56970223844243,22.152892049994552,298.5633248114474,1.6534081371686238,8.953662491533587,3.7543979876697997,7.209729940567454,5.367535654862911
E-0022813,1.7230346779391446,183.52371876328846,4.515153729707464,108.63797276186877,3.0664472610162723,8.49838129075427,7.169764038387752,6.345406845860952,17.470820283637877
E-0022814,0.15485043635990406,187.2685153191668,2.65991125298483,55.44559162402639,6.380421678188678,7.834817285700137,8.822346932908827,6.342209691302058,20.634859885498766
E-0022815,3.1072221413754484,91.56964276714763,31.865494788568295,456.34428363232723,1.474526594847439,5.531225065936422,2.4377960711738895,7.763110704462819,5.290235294209312
E-0022816,3.1072221413754484,91.56964276714763,31.865494788568295,456.34428363232723,1.474526594847439,5.531225065936422,2.4377960711738895,7.763110704462819,5.290235294209312
E-0022817,3.0176136369750854,129.7712556997535,33.66779741547765,244.61442294885356,2.2483860962261812,6.389774473528949,2.8753923875721394,6.689898118003617,7.407326149803967
E-0022818,3.0176136369750854,129.7712556997535,33.66779741547765,244.61442294885356,2.2483860962261812,6.389774473528949,2.8753923875721394,6.689898118003617,7.407326149803967
E-0022819,1.6130783315770805,128.0042553420967,9.178567597806573,107.45441180392666,2.396980532502963,11.244137067380564,5.563802645937208,10.05221342044215,11.904956569388364
E-0022820,2.3557849816778225,119.39765568735511,12.291366240864312,248.16979083758474,1.417659793995482,9.752672819418358,3.467192176560976,9.91020005637119,8.59704548431206
E-0022821,3.3102318009116276,69.4540588049852,41.61417940951967,237.76626959400033,1.4871427409785474,9.980859653029098,1.4767916291609793,8.069427811488573,0.7472997148502415
E-0022822,3.249057806926788,77.39762941413437,16.861954421701174,268.2581234601134,1.7353663234343182,7.639502994316716,3.1022992690010374,3.681348205089109,2.609146855303629
E-0022823,2.357195863400727,104.9705871280108,17.200172464006524,142.75947183842123,1.749330041071491,7.130390714439444,2.9029815902631175,5.589006294910112,9.690671173777407
E-0022824,2.357195863400727,104.9705871280108,17.200172464006524,142.75947183842123,1.749330041071491,7.130390714439444,2.9029815902631175,5.589006294910112,9.690671173777407
E-0022825,3.249057806926788,77.39762941413437,16.861954421701174,268.2581234601134,1.7353663234343182,7.639502994316716,3.1022992690010374,3.681348205089109,2.609146855303629
E-0022826,3.3001144637883653,67.16117312059457,24.438900269091196,230.4478580480848,1.8442577234021822,8.471746800999329,3.332571349353154,3.12386375079895,2.098563558600083
E-0022827,3.3001144637883653,67.16117312059457,24.438900269091196,230.4478580480848,1.8442577234021822,8.471746800999329,3.332571349353154,3.12386375079895,2.098563558600083
E-0022828,2.076108957974248,120.16178250137372,15.150094409055725,60.92300021145599,1.207167141498322,14.940332767140553,2.647111254610224,11.840570264170491,11.30899968895612
E-0022829,1.5816903817701666,124.44900090074603,6.576426330315337,43.46022684087299,2.282045453641878,14.876143222504975,4.802203397924473,12.076993654457494,10.583360725485868
E-0022830,2.5674872159435824,86.28366890346858,8.324926073121329,35.9536807667029,2.5460359877488075,12.532514865283183,1.999991772748131,7.304355218851075,8.199164957336079
E-0022831,2.3579016921699405,119.9330040590777,9.47796499890738,114.23986771808849,1.3867849016639051,12.70419958861499,3.122293658406935,11.691074697077628,7.840154989231931
E-0022832,2.64926505387039,129.05871422237783,25.127038276118213,151.56993997056335,1.576381442363629,13.780319767484961,1.8650307027929431,10.893673312934869,7.594060746159277
E-0022833,2.739828052247028,139.05484738146868,28.9287351275895,260.6627501660586,1.7075239872745296,10.025052464659327,2.586898699902824,10.753199792217277,8.990561512705668
E-0022834,2.739828052247028,139.05484738146868,28.9287351275895,260.6627501660586,1.7075239872745296,10.025052464659327,2.586898699902824,10.753199792217277,8.990561512705668
E-0022835,1.3156878229422364,255.896596133825,9.517969002118358,102.56969502049944,1.3050916719609589,25.608451666526587,15.261619936463742,21.753627567424324,36.86268182692861
E-0022836,2.2220312821033996,228.06724063036654,17.548236842672548,148.63720638227275,1.181842349139907,17.72350895610889,11.06374719371977,11.85521080804585,15.970042283042005
E-0022837,2.9209416771014363,229.55597567253636,72.41487312364116,414.19866526857675,2.0630462048095284,8.180925645399753,2.006216514316477,2.8315485608906013,7.257308849084989
E-0022838,3.1666686279635488,223.92950151440857,64.75473227074136,429.19217319996903,2.546403780115913,5.510577917676862,1.2463136230932894,3.9928274595795594,6.681285167783692
E-0022839,3.1666686279635488,223.92950151440857,64.75473227074136,429.19217319996903,2.546403780115913,5.510577917676862,1.2463136230932894,3.9928274595795594,6.681285167783692
E-0022840,2.250123232793656,188.08334250015693,31.86100797130071,312.4632867906616,4.022306952463908,12.021403242313387,0.9955624878547594,-0.1469347076711538,7.77172558005603
E-0022841,3.5291339830922928,92.96272642326265,62.967998959785554,415.25642241825875,5.560941480128773,6.937624004661023,0.9985778385101756,0.6802606061105678,3.716827115829336
E-0022842,2.404902194730757,268.0916342232196,11.381013722157833,340.7614356799529,1.60409839788389,3.4482808992002725,2.5762167090707893,6.186718257132184,6.324738871327102
E-0022843,2.9432703592830487,209.8651180297413,21.2482717099463,443.3089870400406,1.5317652104537136,4.777736131582312,0.30532749923140895,0.8318022055177325,4.884166709239068
E-0022844,3.1261280245400487,198.77290037187836,53.277391965656186,299.89332248168967,4.943150240351378,7.8551903075601555,1.1932937030331625,2.190041888075352,3.0784232841424854
E-0022845,2.9958198218296475,81.8871047713647,8.241223477255861,75.79419590655358,1.2740115375858965,12.933373697074517,1.8040628732945685,8.116877695544442,4.9458406071911005
E-0022846,2.303557760100704,120.1887671641516,22.381673418117657,150.24189015748067,1.4756149172004853,6.431104308175366,2.1720510773193333,9.059150257737242,9.73736759641354
E-0022847,2.303557760100704,120.1887671641516,22.381673418117657,150.24189015748067,1.4756149172004853,6.431104308175366,2.1720510773193333,9.059150257737242,9.73736759641354
E-0022848,3.318602418728242,90.49341823130749,24.25235913528027,295.68412683613553,1.35693570323237,5.370780053972135,2.2467195119881396,7.452122861911935,7.047086689355032
E-0022849,3.318602418728242,90.49341823130749,24.25235913528027,295.68412683613553,1.35693570323237,5.370780053972135,2.2467195119881396,7.452122861911935,7.047086689355032
E-0022850,2.976011104605041,142.68420232225864,36.79333336957043,227.41549041112566,1.6412860835191487,5.933186652498488,3.7559199712041096,8.062163405415358,9.197004848547618
E-0022851,2.9731433187142478,89.8222733006724,16.260448674123857,135.60431915989184,1.7547523087080066,7.567950267212275,2.8633027519094636,8.03230274823939,9.480679889412084
E-0022852,2.9731433187142478,89.8222733006724,16.260448674123857,135.60431915989184,1.7547523087080066,7.567950267212275,2.8633027519094636,8.03230274823939,9.480679889412084
E-0022854,2.5569161541621956,125.68863816710166,57.326638949162124,419.94151266110845,0.9982684711345691,10.739468052467185,4.384502429333285,14.980558230544178,11.252358208940821
E-0022855,2.1211578960849877,233.3828590318559,14.69147405437949,147.00669219332102,1.2449779070085785,13.69806939313784,10.366545159600413,17.974765701048696,20.434574978680644
E-0022856,1.3910660564250628,255.2393204995661,6.186207506259065,123.64641272929849,1.252884619426873,10.543693557960383,10.36954460823744,15.303787525785392,20.051650775225426
E-0022857,1.7665047524351496,262.1135680434827,6.055984468440288,211.405526002456,1.2866407422652126,4.267365412722314,5.306067259512163,22.887698333280845,17.899747470171768
E-0022858,2.680245701981897,192.22044599193373,99.60301812725139,179.4863680852054,2.4189668447677746,8.821369669002165,1.980852286723257,2.7579481410709508,6.6450418996454825
E-0022859,2.1826426060966373,238.21384225581258,32.99878558247551,254.95073037113917,2.773764090815183,7.616818128924018,6.162893400839906,3.91491655922013,20.88321103158435
E-0022860,3.1285600543796592,204.4043729305589,34.71688669252468,499.41769314443735,1.7943106922812206,6.08817000209719,0.7484890428551348,0.6360327884592669,9.367225081604268
E-0022861,3.1640814802308075,191.78030140784728,32.98112741162019,516.4715518211161,2.838985446087076,6.118977059060221,0.45660077436635,5.292437936934481,1.5257009944045612
E-0022867,3.2392360850682382,79.1117710496536,19.97743211549679,236.4426812826859,1.9406460248978867,8.76596335657863,2.2536732334266434,5.55503097857173,3.751457203882019
E-0022868,3.2392360850682382,79.1117710496536,19.97743211549679,236.4426812826859,1.9406460248978867,8.76596335657863,2.2536732334266434,5.55503097857173,3.751457203882019
E-0022869,3.1221368474875675,67.42830770306531,13.812306296235649,137.34368662291124,1.4762186098577514,13.848763333615487,1.924844162916398,6.534376056806492,3.7054818982782565
E-0022870,0.2878737923711058,159.52454935106255,2.845277208747329,39.69538542737497,4.286187079224248,25.362153907888,9.254637966321326,8.224057445515438,24.078199223078073
E-0022871,1.4292833659914024,191.5499569862313,3.9806374276957213,77.2855704063819,2.908556804606163,14.935653576945178,10.5783573444785,7.468396271546175,23.019366557058667
E-0022872,2.302520535830535,129.04950782382255,18.887656020997056,90.24743840898816,1.375002634373299,12.128013138277712,1.7911328575978096,9.835986228191603,8.804498367903328
E-0022873,2.302520535830535,129.04950782382255,18.887656020997056,90.24743840898816,1.375002634373299,12.128013138277712,1.7911328575978096,9.835986228191603,8.804498367903328
E-0022874,3.270390696137304,68.77563433564742,20.132782008070514,110.68847721182237,3.042046071512814,9.594295798686764,1.401538705817145,6.155480503257512,5.721808863478097
E-0022875,3.270390696137304,68.77563433564742,20.132782008070514,110.68847721182237,3.042046071512814,9.594295798686764,1.401538705817145,6.155480503257512,5.721808863478097
E-0022876,3.3755600102987704,80.62395996834732,16.358285650227316,234.082738764341,2.3233914547389154,10.122508270840767,1.4122137099452943,4.416315155156149,2.6327011190577188
E-0022877,3.3755600102987704,80.62395996834732,16.358285650227316,234.082738764341,2.3233914547389154,10.122508270840767,1.4122137099452943,4.416315155156149,2.6327011190577188
E-0022878,3.0025331130106734,115.37890042661351,12.996626574987507,270.5054414540339,2.7036119469310544,9.9138155448118,3.1798244142627965,5.2239154532558585,1.6944667829821547
E-0022879,2.6961867615301722,157.10522710506493,13.542518903724364,437.8484719014482,2.0853156090609666,6.277532224235877,4.358961371930584,11.456359266622878,15.972717264507196
E-0022880,1.902370371203435,165.72675675629984,6.777810958912041,119.53803203886433,2.522748068692277,7.449595353393612,10.18462443720989,9.40196872243926,17.055367498022477
E-0022881,1.902370371203435,165.72675675629984,6.777810958912041,119.53803203886433,2.522748068692277,7.449595353393612,10.18462443720989,9.40196872243926,17.055367498022477
E-0022882,2.6961867615301722,157.10522710506493,13.542518903724364,437.8484719014482,2.0853156090609666,6.277532224235877,4.358961371930584,11.456359266622878,15.972717264507196
E-0022883,3.007218012368637,132.17509075209745,15.533767537720983,309.7875868883777,2.016228412096037,7.83512090726055,3.9686538430485685,8.735812664130446,11.524653327548586
E-0022884,3.007218012368637,132.17509075209745,15.533767537720983,309.7875868883777,2.016228412096037,7.83512090726055,3.9686538430485685,8.735812664130446,11.524653327548586
E-0022885,3.314559092372747,78.6710392919358,24.017293431017215,152.62857357706133,1.6450987931297376,6.01995139562965,2.6582170977026784,5.662961362687559,2.516561152882252
E-0022886,2.455582655052506,107.60039173153116,12.195082435333115,157.6791423465872,1.8535280520457937,11.213623727259895,2.82114224955344,13.283127930390723,8.984388657127157
E-0022887,2.774582525472076,133.3813542454858,25.976207830543608,345.5676323633056,1.80396050555391,10.743765869319322,2.729670256469174,11.314039979403903,6.387573485879971
E-0022888,2.455582655052506,107.60039173153116,12.195082435333115,157.6791423465872,1.8535280520457937,11.213623727259895,2.82114224955344,13.283127930390723,8.984388657127157
E-0022889,2.774582525472076,133.3813542454858,25.976207830543608,345.5676323633056,1.80396050555391,10.743765869319322,2.729670256469174,11.314039979403903,6.387573485879971
E-0022890,3.369691046414286,99.58003909530919,14.667006439740186,196.32650128180063,1.6874214052639531,11.026531769292736,1.9216539466919387,5.873033807610867,4.5597472927288845
E-0022891,2.483353706258945,100.32862732031896,7.306438443752097,62.8322880439129,4.143980882801497,10.904000337817283,1.6143988159952853,4.11807960928719,10.282561843491475
E-0022892,2.953677612726316,90.92434317445753,14.813058827237159,73.63991600345092,1.4802007270941289,12.997645130200887,2.5137465459447594,9.101048551917579,7.649553633581709
E-0022893,2.953677612726316,90.92434317445753,14.813058827237159,73.63991600345092,1.4802007270941289,12.997645130200887,2.5137465459447594,9.101048551917579,7.649553633581709
E-0022894,2.276807182617463,62.03695722843511,7.652965581376262,54.944931186039405,3.6859375596290307,12.98392647626724,1.7729215190852614,3.6074653907996646,5.508457463725412
E-0022895,2.8122929587329777,106.76636889637943,11.84915570316916,168.52666079828745,1.7384687692132208,10.77132958517479,3.5847840738676378,14.62331747200073,21.82952967274689
E-0022896,1.6038508110026077,98.79843986452038,9.053400411799924,111.2392786857051,4.126359474997515,9.63274762368517,3.6634515114102277,6.999641742594042,19.123072726745875
E-0022897,2.5187116186661926,108.14691964314119,8.00277599868927,164.8397645003411,1.791471739976382,9.368162209891135,2.0791895249241636,14.65490158931173,17.61673813967161
E-0022898,1.5920689111742534,124.99129795598621,8.146731026657026,102.61367485657169,4.911777282322265,10.071346271505991,3.8069919213113064,9.176981122299292,20.63502576322567
E-0022899,1.1490247785699539,171.89034713362827,6.799834287339382,88.97715612243793,2.1042360086747496,12.438500032342391,10.826698046786627,10.912812773497539,25.56641593738893
E-0022900,3.1530787705623617,111.40902942403861,24.589041217629724,107.75464465756535,1.9120451390008957,10.74049352617492,2.7043789465674855,6.682862595680462,4.505207947053757
E-0022901,2.338648667876486,93.33813633175363,17.703131770283164,87.01219396650237,2.256022655759115,8.178451138118238,3.262820925382467,6.3075572533162125,7.86821947469531
E-0022902,3.0788800085235475,93.6138264158603,22.64422620964396,213.4365701205931,1.8520606436767755,8.60813820298527,2.222770313271031,5.351199513869004,2.6199657743882168
E-0022903,2.982130091913842,64.87360971674686,8.213840137169719,124.0415031776603,1.9773497126230901,13.410756576306241,1.9023624267066575,5.433074308953874,3.400473528261006
E-0022904,3.1978222125878397,87.87711417893854,24.700233162634248,191.852852961679,1.3836141098404235,9.623842539418156,1.9831712675865527,9.313013711603295,5.262642781032139
E-0022905,3.182991432677195,208.25759271025845,72.8455561059615,818.4896053835403,1.6642379333671278,5.547893115282731,1.7377905072505173,2.9488684777650414,6.015954682099319
E-0022906,2.9984564063981023,235.55729192997143,82.37767287934875,447.6172905366444,1.4120203577962316,6.07449344443692,2.465168605350157,2.7465102886530293,9.499115266251945
E-0022907,2.9984564063981023,235.55729192997143,82.37767287934875,447.6172905366444,1.4120203577962316,6.07449344443692,2.465168605350157,2.7465102886530293,9.499115266251945
E-0022908,2.8997132257487435,231.43352659807252,32.27022200421193,348.5688023226241,2.7438683781286084,6.31022231738356,2.647183208766106,1.4131590706036694,11.704207130927044
E-0022909,2.5613537855536537,237.0142360620189,47.02569269021775,327.3110959769683,1.975280546050283,6.764480371225073,2.0827568478080596,1.9429841229235159,5.485159391685822
E-0022910,1.8064450214355194,204.36145843197482,50.14896427579409,189.6108221955491,5.779675542579039,8.553947905868391,1.6427784261477059,2.374283269337245,10.493321615214647
E-0022911,2.4288327908938196,245.74464885686885,28.890749638375155,254.3279719303492,2.379958038305657,5.272782289469607,1.403288632742805,2.3722176533345873,15.965161742929528
E-0022912,2.845857706044918,167.82052803011476,65.9609184288895,363.98385645236175,2.5284243685591585,5.3203566918362135,1.1336900809346877,0.8032112494278152,14.819840896504482
E-0022913,3.2901564450561938,181.649937654682,61.854623342770424,426.81242827667535,1.5417322591970453,9.156882143481159,0.7980270583770005,3.3333952724743203,4.4623139391138835
E-0022914,2.9781587418715336,234.02209806672667,25.388982003611368,469.0330337182725,1.4668598485206186,7.61937798219885,2.157757173977435,3.9983451850693665,7.3977387037154765
E-0022923,3.1221368474875675,67.42830770306531,13.812306296235649,137.34368662291124,1.4762186098577514,13.848763333615487,1.924844162916398,6.534376056806492,3.7054818982782565
E-0022924,3.1221368474875675,67.42830770306531,13.812306296235649,137.34368662291124,1.4762186098577514,13.848763333615487,1.924844162916398,6.534376056806492,3.7054818982782565
E-0022925,1.4292833659914024,191.5499569862313,3.9806374276957213,77.2855704063819,2.908556804606163,14.935653576945178,10.5783573444785,7.468396271546175,23.019366557058667
E-0022926,0.2878737923711058,159.52454935106255,2.845277208747329,39.69538542737497,4.286187079224248,25.362153907888,9.254637966321326,8.224057445515438,24.078199223078073
E-0022927,2.8680590076825707,96.77069124096836,18.27418023766941,737.9290294724395,2.1562501812074526,6.1218707039228875,2.161749581093294,5.0614135082977745,4.191048353935036
E-0022928,2.8680590076825707,96.77069124096836,18.27418023766941,737.9290294724395,2.1562501812074526,6.1218707039228875,2.161749581093294,5.0614135082977745,4.191048353935036
E-0022929,3.3262624695397256,97.55948862963425,18.182438633675364,368.28228776569347,2.4450778557443487,8.642871956557276,2.393115329516884,3.969017084351651,2.352029755781114
E-0022930,3.3262624695397256,97.55948862963425,18.182438633675364,368.28228776569347,2.4450778557443487,8.642871956557276,2.393115329516884,3.969017084351651,2.352029755781114
E-0022931,3.4418229991870075,79.72625415667079,22.518453915654312,336.7145207426216,2.462447070657317,7.058243027948428,2.2586610281824933,3.941150203304635,-0.37588237225972776
E-0022932,3.4418229991870075,79.72625415667079,22.518453915654312,336.7145207426216,2.462447070657317,7.058243027948428,2.2586610281824933,3.941150203304635,-0.37588237225972776
E-0022933,3.1222509746291207,92.88845894429234,35.301447082981376,259.7024926299823,2.1252167504155968,5.574493531606394,2.5443184730454096,4.4422509708936815,0.732112093081603
E-0022934,3.1222509746291207,92.88845894429234,35.301447082981376,259.7024926299823,2.1252167504155968,5.574493531606394,2.5443184730454096,4.4422509708936815,0.732112093081603
E-0022935,3.265585532871448,93.33246093456738,12.381078650941975,257.4713306361626,1.944699934816377,9.027240492420553,2.65693745019976,3.9995414266025264,3.424810284829325
E-0022936,2.70052518739209,91.56716760838468,13.731068746148319,115.66186853497649,1.5924183109430055,7.955301138486607,2.3422979492554914,3.73336556153303,9.895288098746995
E-0022937,2.70052518739209,91.56716760838468,13.731068746148319,115.66186853497649,1.5924183109430055,7.955301138486607,2.3422979492554914,3.73336556153303,9.895288098746995
E-0022938,3.265585532871448,93.33246093456738,12.381078650941975,257.4713306361626,1.944699934816377,9.027240492420553,2.65693745019976,3.9995414266025264,3.424810284829325
E-0022939,2.382502091900088,95.359017270456,22.442600737062723,131.07360911328868,1.6052961215606747,8.879725126200078,2.6869374821010625,9.359746599600264,9.937281907059102
E-0022940,2.204968624248476,122.49768900729102,18.3068328236371,172.16217356599014,2.0535942834401837,6.840257551739791,2.011369909570755,5.908592203872104,9.681935126629984
E-0022941,2.204968624248476,122.49768900729102,18.3068328236371,172.16217356599014,2.0535942834401837,6.840257551739791,2.011369909570755,5.908592203872104,9.681935126629984
E-0022942,1.1490247785699539,171.89034713362827,6.799834287339382,88.97715612243793,2.1042360086747496,12.438500032342391,10.826698046786627,10.912812773497539,25.56641593738893
E-0022943,2.1432369948016623,126.21002674946261,24.67845501706477,79.30272896397545,1.6782225050565078,10.701438576763103,3.329317257022666,8.789720738654083,8.466518841813222
E-0022944,2.1432369948016623,126.21002674946261,24.67845501706477,79.30272896397545,1.6782225050565078,10.701438576763103,3.329317257022666,8.789720738654083,8.466518841813222
E-0022945,2.9140636786844896,112.44297887412121,34.45428144973192,258.3039841598173,2.1416433458076027,9.639296747228515,2.8685892775943205,7.31703031855337,8.723358494789952
E-0022946,1.987971402100194,118.43610258500276,19.13691417530605,129.1142800646187,1.8179331467705344,11.038831996075961,3.1548045846364934,10.293264394818303,7.948697186138796
E-0022947,3.1978222125878397,87.87711417893854,24.700233162634248,191.852852961679,1.3836141098404235,9.623842539418156,1.9831712675865527,9.313013711603295,5.262642781032139
E-0022948,3.6569725895916845,39.78226686675592,36.19417707474774,288.4125684670012,1.7063446792088972,8.308784845023354,1.9504209786713076,9.235991309758646,4.007918200229283
E-0022949,3.836481619002431,22.468541691885402,22.67762737691865,210.8193822308981,1.603573397871075,9.44670940519293,2.448925738767673,15.746307697511734,3.1772573404026865
E-0022950,3.0622436858394155,96.66761845030925,39.74830371632786,163.48443102501358,1.974469694596609,14.218033850593535,2.3866684633475197,7.6342461391362635,11.402260557427352
E-0022951,2.799763126667238,106.57374001620221,21.894492830993297,218.4310271569118,1.5524451367307734,8.383570990992723,3.41998993867553,11.536694774177501,3.883141112315906
E-0022952,2.333244219432667,114.86802981643622,26.370432055148857,55.63191258137339,1.215306731948186,14.840126469103339,3.3489059238131422,9.934196612116425,10.737788969883004
E-0022953,1.7732519484081255,102.39735396503173,4.484633952290436,94.82999343083449,3.625652566272762,7.644196158467752,5.692210035321184,9.241213602247317,15.682315192482957
E-0022954,1.2475200026217061,220.58264205712715,2.1162456897235344,129.25403080691757,1.0912930398642968,8.892599915388834,12.943985640953954,19.062361788940365,36.51740841566394
E-0022955,2.837164688360176,163.1894890999506,56.385424340891156,602.4992340530135,2.2537597778909357,5.078294669854717,0.9473874305867243,0.6569424403503411,9.41492026998823
E-0022956,3.2201005519576205,224.43076740381974,56.16725832796066,467.7157816257131,3.0764334116226144,5.12486245495688,0.6999557720998176,5.499577212431548,2.3099427184613845
E-0022957,3.216001683035046,187.8396659443109,107.36171146941523,585.2257189064117,2.8776058705364,5.084134949992897,0.6571147530975722,5.108534927392805,4.962746541056793
E-0022958,3.2901564450561938,181.649937654682,61.854623342770424,426.81242827667535,1.5417322591970453,9.156882143481159,0.7980270583770005,3.3333952724743203,4.4623139391138835
E-0022959,2.9781587418715336,234.02209806672667,25.388982003611368,469.0330337182725,1.4668598485206186,7.61937798219885,2.157757173977435,3.9983451850693665,7.3977387037154765
E-0022960,2.532721438054393,236.82043510234007,35.99399307808948,338.96779357842837,2.2125839280313646,10.214514009251427,4.751518073847957,3.441070883945971,7.504519956453793
E-0022961,1.6299663477246784,235.15646960938943,58.304625485723335,542.2357913434732,1.2303317416142945,7.595391674924346,4.438131052522666,8.9247722740803,12.236306634797096
E-0022962,1.0210553374506406,261.8427728687694,33.21534820022698,470.27865288369173,1.1091246173617912,7.3782481316973385,6.98812154248374,18.12803256069686,27.417412275949122
E-0022963,2.2727854604575763,258.5726973663949,25.8670369343272,341.2159592142037,1.458265941385743,5.441499366720032,3.5239401048426817,4.141871100122746,11.97567416384318
E-0022964,1.9516496690321135,213.1094907450991,40.08973797006841,275.4574090786973,4.451812693725483,11.013295198551745,1.177832233843481,0.4189752008265696,9.61387918794832
E-0022965,1.9516496690321135,213.1094907450991,40.08973797006841,275.4574090786973,4.451812693725483,11.013295198551745,1.177832233843481,0.4189752008265696,9.61387918794832
E-0022966,2.431576867860417,235.84997450792787,22.98526740028108,294.88979654918063,3.4359002221717385,6.335802105544175,1.3412929217306289,0.6069769030097013,17.07655303378811
E-0022967,2.2113443465769578,247.65919912986539,49.08198730233812,290.15513383312646,2.642550095063769,8.562221885543984,2.3473704014595547,1.7927843833178085,13.612272132022733
E-0022968,2.2113443465769578,247.65919912986539,49.08198730233812,290.15513383312646,2.642550095063769,8.562221885543984,2.3473704014595547,1.7927843833178085,13.612272132022733
E-0022969,2.283143507716713,205.0060626960952,17.828841969083506,173.07284179100185,3.593474987259828,8.207874717482074,1.527115140339011,5.511663039626477,15.721776378072704
E-0022970,2.2220006999177997,189.5555058167427,13.617928332913479,345.4319624422301,2.6744851044214775,7.759151653666419,1.2015995193599103,9.02912388201618,15.04607944020101
E-0022971,1.498989696715089,229.42022317250715,17.252174482793304,378.3824499294437,1.7375161068683278,8.686375453196485,2.6150375308410228,5.411173585994428,18.52967110490244
E-0023632,2.9140636786844896,112.44297887412121,34.45428144973192,258.3039841598173,2.1416433458076027,9.639296747228515,2.8685892775943205,7.31703031855337,8.723358494789952
E-0023633,2.510249029011975,132.68023413938357,28.174025120274376,374.79702132588267,1.54425040717197,10.56307317803505,3.3526840856226388,10.008760223069594,9.074038064085041
E-0023634,1.7964480521088808,215.84351867434776,7.154560439950651,131.95103838866933,3.449436716945519,11.13914233431639,11.174350381054973,13.110190323574253,30.573637065293667
E-0023635,3.4262686039419985,64.07239884096482,21.065902119266642,439.4516709488592,0.9649548678699421,10.1112453290819,2.2620759642290853,15.136172944044212,8.592352408107963
E-0023636,1.298007819540788,167.98693875522483,2.148571414532708,33.227819460819696,4.559370004632229,8.312983590625748,5.676728755310931,8.518703967881383,16.155668028606833
E-0023637,3.5715535978247694,70.26059490310944,37.54474300087019,263.5954796389508,1.4097918062672559,7.013832539729261,2.6950845937198635,13.90972110772108,4.8502767096701405
E-0023638,3.5715535978247694,70.26059490310944,37.54474300087019,263.5954796389508,1.4097918062672559,7.013832539729261,2.6950845937198635,13.90972110772108,4.8502767096701405
E-0023639,2.6048426010914714,160.1641387510751,20.139316836497507,176.77753414950968,4.121940553662497,10.207214938444388,7.130084079020525,7.010224355631251,16.683290778125265
E-0023640,1.9862325823604239,135.7347489989486,11.684532159440408,148.56583978634063,4.902744028254022,10.847419345326015,9.119341337121178,11.759263151235656,42.71451321567555
E-0023641,2.692333137114508,143.090435612717,22.456997566248965,209.21119717340525,1.8700419557219783,10.096427897302734,3.6300081634149537,11.730317660518834,9.44060594419676
E-0023642,2.0424348579706084,46.70670428428958,9.730406234498087,111.93997283190396,4.7931301926271095,5.834396269219585,1.7056389824065603,3.987488742268991,6.866131574854955
E-0023643,0.6051233980308801,156.25033837822411,7.075514916228008,20.37733667107773,4.960930151354751,13.552575459569047,8.250679666840377,8.160564677118732,18.76896812867826
E-0023644,1.5699583015935685,221.5764282278401,8.52502229228767,61.187107464820556,1.4892188753603797,32.93244486284745,16.69567285170714,18.294518727930026,8.995775455929172
E-0023645,-0.44577819588307976,198.1756704321522,1.8535436160801178,32.79012498993574,8.67947827230283,27.283939730653472,13.286697818225168,4.344492580090392,32.980796365426684
E-0023646,0.9619697577064654,170.49117353613522,3.370308243145277,73.33610957070117,1.36440941774132,26.76211622962604,13.10651583314973,19.91376628902653,26.4753671431154
E-0023647,0.48838697150127347,192.02463903592508,2.6394057249156337,49.24689096588662,4.646979490462019,24.67863606086722,5.648537226887643,7.518286929678484,30.67802194133349
E-0023648,-0.08335173765847813,239.1833078992077,2.5567507878907842,75.7992602214234,3.0895604086688695,27.850770659825244,27.3361667184912,13.054196026122959,56.593945960102324
E-0023649,0.15961280585585774,216.0531492142231,2.797971542907411,32.13347507399374,5.035772724202003,24.868789298306666,5.754446780543102,6.380955158189875,15.181665291967049
E-0023650,0.6329255484224147,190.18412485901985,2.2707188992313627,228.86624178222934,7.73343047922948,9.628367267606173,4.983354260464662,8.11899336471054,18.08074235269539
E-0023651,0.14847486648880448,244.0527166743794,3.786580843868365,111.22836467455687,6.65610946680544,27.20088866433091,8.27633169066754,4.905855771739801,24.705402941473157
E-0023652,0.8240403845839717,169.80158347033284,6.453358871641318,49.46447227408342,17.012495333207717,7.115828690473984,6.909627252311446,0.5750926597148953,26.34280615769313
E-0023653,0.724543236204972,84.54097211572729,7.2548233419029895,147.11689766327447,6.731240315592818,14.630653038730213,1.707156423000639,-0.32657875540570136,9.839949571765725
E-0023654,1.3687095394653954,103.54853605803292,21.710805868350196,179.43516739537506,3.643004247667464,14.250603553135408,1.6399841181641581,-1.2723897455424633,8.177438953357953
E-0023655,0.7772013944605427,196.12947868003093,11.598427110335978,312.1688395441919,4.476689633280147,12.364612379476949,3.0633129684376286,1.9386313963300914,17.278415756813892
E-0023656,1.696908657476415,81.2364894172456,15.953260676850158,316.94541211157434,2.218103662766695,14.287360279247629,1.6969962641024774,4.643499266016836,7.758324090398976
E-0023697,1.2025690886696943,213.26027537087498,13.93765404114747,121.22654524821542,7.285034012790829,9.522569048708696,1.145733331572513,-0.8835894479150078,10.171361221577339
E-0023698,2.354063108070285,202.35914463788353,6.832076513186706,67.92941482865946,2.2171359151354793,5.275943955316667,0.48607530854429704,7.230863356378944,6.875916353595512
E-0023699,2.837164688360176,163.1894890999506,56.385424340891156,602.4992340530135,2.2537597778909357,5.078294669854717,0.9473874305867243,0.6569424403503411,9.41492026998823
E-0023700,2.3218179442300695,205.7866942032861,32.88852627688722,286.2206757967987,2.4540225545515737,9.135872711655113,2.443902842607468,12.413015047819847,15.052120438146735
E-0023701,2.35656706377783,166.43100548685032,35.319946986498245,395.0711715499562,1.8312119373744749,11.355102356206306,2.077094940798415,19.079842719921132,13.934961181671852
E-0023702,1.9131718651484384,142.9604424753034,21.48197950965296,720.7266308274053,1.650676522024709,8.596518764523722,1.880766308266936,9.12823076876948,20.84209515523989
E-0023703,1.9124048507726896,208.3392740371771,31.62214148449901,385.4246976067151,1.9297017717012483,12.134663358336883,6.7130218297989375,11.417566300324522,22.331343554246583
E-0023704,2.0033431576347773,173.72278377098286,37.97794392795856,523.7895030827815,1.4987007295878818,12.105213737698671,5.52247710336377,16.68707607192608,17.943274958431697
E-0023705,3.4090696087133283,118.93131083554033,20.472960662654074,259.6635589409656,1.9954611433837692,10.819886361954461,3.1696379517215547,7.229017751548538,6.5525145428346185
E-0023706,3.4090696087133283,118.93131083554033,20.472960662654074,259.6635589409656,1.9954611433837692,10.819886361954461,3.1696379517215547,7.229017751548538,6.5525145428346185
E-0023707,1.7667700495249237,226.3860023918951,7.882585795439797,110.84255428883843,4.184108353883369,11.097474507174281,12.150318199099692,12.874729965108063,31.485601955319463
E-0023708,0.8256025059673822,196.28529851260657,2.075747094691788,95.43764295502,2.045062951653828,31.371828523632956,18.562616476840418,12.137976476429015,41.36398968786666
E-0023709,0.886393225585614,207.31596377234945,1.8137494429274397,95.71786868945172,1.919681190812676,30.92021234754465,17.540402450021816,12.238661199005533,40.23490047269556
E-0023710,-0.45163978355421364,241.70576946590077,3.139927856415263,21.831858392672647,12.37003705810757,38.32965273205096,13.417243194913983,3.7194702507677904,40.96153689707937
E-0023711,0.8479922571701032,238.51896916748302,2.9926958020970345,94.33980672570343,0.9286237443495475,17.964773900041784,17.579914648844795,26.973505559864414,13.188710485575633
E-0023712,1.2736422256590543,79.62008515251303,12.769634798986505,69.90019492926362,1.2037526721302643,22.64392371541129,9.659809408507652,15.598287071647247,10.306235927536513
E-0023713,0.8575189477526444,213.31024692527484,2.555155955221052,12.025299666625536,3.997998933728941,32.27504756253168,18.981545798726714,13.868987857608138,10.282549612528522
E-0023714,0.8575189477526444,213.31024692527484,2.555155955221052,12.025299666625536,3.997998933728941,32.27504756253168,18.981545798726714,13.868987857608138,10.282549612528522
E-0023715,0.7649200367603051,237.00584822732236,2.809085806197634,67.89671398398075,1.10697832751763,23.043289586244956,17.07293254010618,23.544057565852842,22.00752947005529
E-0023716,0.9251318972403255,204.10669442933255,10.384449023205537,46.17831042671253,1.5338596511784472,20.925540948180974,10.292529163873143,16.17784505431935,16.48118550306706
E-0023717,1.2736046818163742,182.67484902620785,11.195002099472712,60.11225492691111,1.7833409927547146,30.353265852852708,9.315205248869143,14.593707658654376,13.67770192839048
E-0023718,1.057944441779108,190.52597825604693,4.198107354032249,32.37044463867111,2.6921062946756784,24.718089011744567,8.607480359393959,13.398009120433668,29.50574335972332
E-0023719,1.450463529247062,156.75556748692065,6.329791745041862,61.875461015974714,0.7112810898966897,21.11027584315717,13.739512515700646,24.427574863651607,15.29308900176266
E-0023720,1.8287095877008326,113.60924137246309,6.633587343439627,315.75854066505576,1.1026021413093992,10.691879300714106,9.312768336560302,21.633885464724568,15.868350346910361
E-0023721,1.2251260314708712,238.8890397552223,6.7079120717153105,93.81275801371078,2.002597781519015,22.036601838752464,13.09932611435294,10.490831525330174,21.99385066385396
E-0023722,-0.40561245298766246,169.03275418947564,3.672244057534791,35.6681081307864,5.975341753401091,22.92147541951188,5.021122268200844,1.992245175877385,19.31270624211015
E-0023723,2.705596752583709,66.76514257649971,11.227063021668139,213.46990452438493,2.6188103163426364,6.134041706462863,1.7738853905482161,4.216960549755864,4.885814609399127
E-0023724,1.085107240293166,168.47226084947337,4.193458699750996,57.362561910483194,1.3056321737683705,23.337990698225482,9.985753917884399,17.88410547761403,17.6327943965714
E-0023725,2.0504749171171577,82.39772986846027,9.24440790761338,239.75584250428946,1.2733906476086756,12.709367298230708,1.2162578173759355,15.947175301840167,5.833240072109657
E-0023726,1.6854878250011882,152.93945094284695,6.355903087663992,97.04691331626171,0.9918122469104208,4.999589907170428,6.175558586584065,19.120288680895747,12.771579607842472
E-0023795,2.7850870388888898,223.56037728374156,68.46826091022406,322.03355171989017,2.2146275706820853,6.066715541303823,2.7360417874163527,2.699069600043846,11.352599703298466
E-0023796,2.5464034232476056,221.52576404479439,36.601754608853405,269.5483381490254,2.674463462555794,7.422596120309246,3.7760632185736176,4.491120532312637,9.939499992502736
E-0023797,2.845857706044918,167.82052803011476,65.9609184288895,363.98385645236175,2.5284243685591585,5.3203566918362135,1.1336900809346877,0.8032112494278152,14.819840896504482
E-0023798,3.0362996849053574,133.19763405537088,55.082420437686785,316.8868084799586,2.0329157441199603,7.792880864175552,0.9201648392274437,1.6991639904296636,0.6006454926377326
E-0023799,2.691337689278335,269.0579361753377,16.209808177271825,212.76677196816405,2.5001464511566054,6.623076425983543,2.4725766492844503,2.2408537286050185,11.062847678912943
E-0023800,1.8515142565038898,198.58783173483667,8.00312736663561,356.4887668378886,1.936162491987711,9.052479762917413,1.295914020414515,6.347575668973847,22.749516047617234
E-0023801,1.8955498237480919,245.90139102765744,9.546187726232127,341.7464533262423,2.0200094135532263,10.33563533140922,1.4887182937246104,4.41401191436694,23.679754946837793
E-0023802,1.7634830159840433,267.78907154553474,11.63009505956267,651.1969326453649,1.5290991047473041,8.138416944704321,5.602522510638249,14.931730319578438,19.61984429213814
E-0023803,2.6314835951246245,141.88140442789788,16.75971691957089,221.42642149168094,0.6271145125014974,8.116498643927567,2.0732075107347576,19.5857439163932,10.12549307750044
E-0023804,0.6691785169145004,233.52536581298008,3.4306440221953625,24.299251219030992,2.6414213932875823,24.963693561985817,14.448763189186023,17.22362403369151,37.207790340409346
E-0023805,0.6611851811673461,202.8256410148557,5.722453439220381,50.201182519166046,1.3799969387782538,36.02288024056661,11.939357588981935,17.56469040780587,23.69400980508306
E-0023806,0.5362368760732298,236.10640215120904,2.7288379243592584,19.668995945666317,5.844902432489281,37.116101742698035,25.504715800285595,6.49966794304903,34.20750834317023
E-0023807,0.5362368760732298,236.10640215120904,2.7288379243592584,19.668995945666317,5.844902432489281,37.116101742698035,25.504715800285595,6.49966794304903,34.20750834317023
E-0023808,1.3206498940883977,170.72639357572533,4.245582811051152,47.03499290667373,1.4877368734203573,17.03672440238268,7.951453924668755,16.53077934318668,12.920894119893608
E-0023809,0.9251318972403255,204.10669442933255,10.384449023205537,46.17831042671253,1.5338596511784472,20.925540948180974,10.292529163873143,16.17784505431935,16.48118550306706
E-0023810,1.5784982815767505,130.6770877488554,5.227970936537825,176.45770019277305,2.505250314848273,8.041919921863386,4.07815251722206,11.051903461422599,24.205595706295266
E-0023811,0.14944870765014903,134.94631078641513,3.951872987000897,142.748173584762,8.897353196401317,13.125848289641795,2.9409547278938932,-0.20015497649596947,20.66745407115639
E-0023812,-0.23984295059922794,209.99664025944801,3.4350154830872937,80.65685831995818,11.349267064915551,14.141985031343395,11.483292648816837,2.936491781588999,37.33345733141546
E-0023813,1.0486528291121202,189.93649185097172,3.548347127280012,125.51382400586036,2.870834477659371,12.616640198846472,12.06927981330573,16.362699025240346,36.5692388671999
E-0023814,1.5452266515214597,133.77449823460242,3.089387251447556,161.04922860217098,1.8239116935128512,10.971807059154127,6.5111612333520075,17.84437514043397,28.01462703993289
E-0023815,1.4198374901634025,192.7709630539595,5.3781543313295845,144.08451851923735,1.201363663068697,7.875549922654899,2.536671078969396,18.94922332203977,13.855147855451344
E-0023816,-0.5622995236194994,235.93475278891077,3.0010028053081834,15.240856140673662,9.297171203868979,24.872911942487562,7.131174355867414,3.7402097992535586,21.94218390981361
E-0023817,0.8667389266569849,202.71325865226373,2.9245339739754854,29.380055659279712,1.5099858995915598,27.084368592507296,12.55583174157235,16.958296794749323,27.68011976225089
E-0023818,0.6937344848461257,223.96231997247094,8.361755071892865,43.558505387621686,1.6931646464097045,23.016220468348294,4.506014510411936,13.782335442233373,15.933255533458391
E-0023819,1.1679890114788933,222.28359719404958,7.837972622177364,79.85493633081491,0.9244297122822026,23.99718881838433,14.28369424616431,22.097015880826287,18.493079090814664
E-0023820,-0.13539914870340525,248.28513048406978,4.092356356638881,63.060072025252666,3.6662599481808695,30.70943432555537,21.566123529846642,15.717983843143807,29.974268344045978
E-0023821,1.5378900226686882,189.35326856974064,4.254792085858809,85.30739606090857,1.2468922220860366,25.25769923744289,10.703932415154954,21.15944693450962,20.82801022678016
E-0023822,0.8367443401516602,247.37517145807308,5.6531082837679065,111.84656547742453,1.339146734830331,21.68059977067345,20.65357111978866,19.780143280829886,20.001942261317485
E-0023823,-0.2501308177411751,256.17973393603205,5.104995863990271,57.456846844791194,4.462692743636733,29.51611520797223,13.713884288647236,15.376538533812026,23.648864957385246
E-0023824,-0.2744067015730495,195.97426098527367,3.114186514289113,105.19795980570417,6.8021012594099,6.172262683125134,2.650093037139455,-2.261733660693365,12.487323499874238
E-0023825,1.0618727495988747,241.90568530955346,5.677011921956811,150.8315506151192,0.6980535953369703,22.07671267026062,12.640854050253527,18.56176766891474,27.18242847879926
E-0023826,0.8326856791354321,127.47576032577155,3.9615646803059885,145.99767047913105,3.636133506241822,10.159917305667598,3.738566230111601,5.656841081147448,12.672452950910694
E-0023827,2.1583610513577725,102.61283925755276,12.675661592511695,275.0142333149553,1.0612044478961395,9.553712808911381,3.8045875707223504,17.933132908505627,12.019733550317902
E-0023828,1.2485773747751772,156.45957863798753,10.339892532799388,388.1720686417009,4.239132927264699,3.075215435297392,1.6564239686678262,4.708323075346049,15.702961968344932
E-0023838,1.3812449816584806,231.98460615130404,23.32063613718149,162.0134783527293,6.481212268208659,9.481433514608767,1.0478374775694814,2.012839059140105,10.858147292302561
E-0023839,1.3812449816584806,231.98460615130404,23.32063613718149,162.0134783527293,6.481212268208659,9.481433514608767,1.0478374775694814,2.012839059140105,10.858147292302561
E-0023840,1.8166693552267432,295.9968982415537,4.0050210423932135,99.2620280820921,2.064520252678124,6.874593279682797,6.576238399890589,13.264378829020863,13.515200982838168
E-0023841,2.170092583281594,268.6273726496329,7.125040598664675,643.8474663530938,2.0748442815878976,7.256746199996625,6.741349242128806,13.87749549000839,17.666103046046985
E-0023842,1.9892680671851994,188.03459488583962,29.968170110043783,358.0020764962385,2.2714800014116165,12.492635315866597,2.177631931869471,15.076327168964868,21.106486613033127
E-0023843,2.0127129359858347,229.55378183810404,30.63012265969495,298.3267097957227,2.64189598661154,12.961926917430455,2.5166158791114617,14.734788138392192,20.68301194322324
E-0023844,2.7992769866662006,244.12603166511533,36.64627860918827,245.19573039076133,2.5832947076299826,8.40314031451192,2.214858199602528,4.673774512574676,6.78917807227853
E-0023845,1.7423537539848328,288.13163835701755,14.726096548142552,344.14993684343,2.280901064635082,10.007868285993164,3.7754328883030572,9.743965822702942,17.938361441187737
E-0023846,-0.019806837051569257,204.95287524112376,2.651875635996973,48.97213224727583,3.582909300622581,22.117341676262363,7.090094599455584,3.253119229653108,34.41311620694181
E-0023847,1.114069138645103,175.87038962529232,9.652005633086958,66.07123455951917,1.7780556055866366,11.893665599368141,6.896999268276964,14.572412692637352,25.100475836401067
E-0023848,1.6286115957150051,205.45527213685338,13.914083052780292,62.283431735758114,1.1707461537823483,17.238870975323525,8.49119995252295,22.768474391909166,6.506774225383958
E-0023849,-0.2611303459707067,248.8471587843119,0.6694557320860357,14.06533493304763,7.894490557775304,32.53241033315191,14.604044341413736,3.1867537703003284,34.449954719581676
E-0023850,0.012407251366989856,251.39000338461037,8.229589151474922,9.53677832106337,5.322803606541374,17.196684316683918,5.902391216211732,0.2534213264583578,24.938292425755844
E-0023851,0.20820757117202626,247.86094572107652,5.862165596701836,37.11902831244613,5.826699116444775,31.301526354150575,4.3997558457508905,4.950959224345102,25.106829829578714
E-0023852,1.3206498940883977,170.72639357572533,4.245582811051152,47.03499290667373,1.4877368734203573,17.03672440238268,7.951453924668755,16.53077934318668,12.920894119893608
E-0023853,0.8975165833235049,138.9211682095107,2.814359468425791,115.44813789125361,5.758153511539829,5.263579929467993,3.9922196244309545,7.404278321440184,29.231877851235243
E-0023854,1.1672693976934312,232.60304902425185,5.258795572357439,60.52248564879733,1.40720113061529,36.67306685910118,12.122015658356077,10.956088741521805,20.25037776983917
E-0023855,1.1672693976934312,232.60304902425185,5.258795572357439,60.52248564879733,1.40720113061529,36.67306685910118,12.122015658356077,10.956088741521805,20.25037776983917
E-0023856,1.3627876403011663,218.91691661811984,15.278409856188196,64.9828280178531,2.8731648714007223,16.493939856399425,4.207439041296606,11.981191006689004,19.20845796228701
E-0023857,1.2566512862046404,203.97215307613195,11.579399951558562,131.24629619748097,2.041730703855743,15.928303508286893,3.9786951090549754,14.725452459230482,17.483741203601923
E-0023858,1.4085148033505281,210.4622642649605,6.568883410905502,237.80713139829635,1.1418531352683094,9.780036877852599,9.828325641109878,21.674411238572343,22.67190175920008
E-0023859,2.3222685041679574,76.41687608023595,18.99235564428113,127.56724476386407,2.1941735915592337,7.481457011950429,5.435776177720074,20.70938591607866,11.639304639496897
E-0023860,0.9289248348919608,257.4476454685696,5.375881357523073,172.53500489513766,1.457826886713633,30.602101323298413,25.909475460987633,20.31749921526922,24.00740697315036
E-0023861,1.5901629280642542,153.45214619754,7.100386239446388,42.563452116525276,1.4769938450732683,22.013859407138348,18.87764800749424,14.887700732642498,7.957887579162669
E-0023862,2.83658452708095,56.99760238975474,22.45575154701449,252.56103153432963,1.1234095013756644,10.537408098455696,1.7858264521274099,10.088929663770426,1.5092773060946802
E-0023863,2.142047256781605,86.67919659503016,8.477062992854353,228.57350658896485,1.2496012109206245,3.4556337223394253,2.085870778020729,17.419938342545933,16.426230859746052
E-0023864,0.6269700781711816,97.65812328684197,3.621298615272569,70.44692582496005,6.253598538699334,9.757969150365376,2.663086695865584,4.882760303927975,15.960600021587299
E-0023865,2.0726736540129935,144.78682892641962,16.539617632873714,705.7755339919415,1.8095143927154387,4.59760327966659,2.0396469731576308,9.948152307902175,8.898091627735022
E-0023866,0.8078758924006366,246.09880803057368,4.300696618245281,69.0743418883012,1.0337031661652454,21.372655432820004,26.284915270075402,24.664467364023842,24.71749184438836
E-0023867,0.8992195825173948,248.77895294235412,1.6184120176437569,34.891273291638974,1.7399328072417959,33.7032358311325,20.787410955462718,14.403873594185646,29.369376863197722
E-0023962,2.2026207436452028,139.95992940626093,16.530892039686407,229.5300079151577,4.391516107502222,3.9201600062225923,3.4202170391641142,4.4818763057041995,10.899312016933424
E-0023963,3.1048843191994067,83.42599205729297,27.625133423985968,311.113938936299,2.209542330534777,6.807329821242305,2.9095778101671583,6.048086754699976,8.351170058279761
E-0023964,1.6806217457456227,177.93706427178122,6.633348983977533,52.38131291712828,1.3928775211989721,16.105395143867362,12.810429153216063,18.182250562093202,5.875638601457102
E-0023965,1.7203880168916665,98.28408557426651,6.452672892100102,81.5155348446383,5.431385862053328,6.537614547366262,2.984590278004678,6.463340491580948,10.398247386124808
E-0023966,2.8786090389524346,100.96054435932092,20.71853181387733,235.0374021964646,1.8588748884621564,6.135467324789318,3.1644409756983456,4.2452867103563,8.3776154376629
E-0023967,-0.11377993795952936,227.88776740665028,2.777246145954732,58.40057109390739,2.9874518259282303,28.30329855247747,28.526232049029996,13.29014916933296,57.119713160594436
E-0023968,-0.14133693145553708,238.00871555799537,2.6174604017015364,50.30044980238081,2.989586584742589,36.41622594750774,12.022613779191358,14.102647637925076,21.163035152059315
E-0023969,0.4641657686406221,212.63883846485723,2.93091815148807,229.6683528501882,4.388540107323198,13.240000685858227,5.540043520321791,11.877710489150616,23.12813868757189
E-0023970,1.1796953416135034,209.04225843614597,2.7490356466897627,46.54934290882211,2.6305493233192716,23.798492222725823,8.515119969334577,12.64628820492016,17.28338582315817
E-0023971,1.1796953416135034,209.04225843614597,2.7490356466897627,46.54934290882211,2.6305493233192716,23.798492222725823,8.515119969334577,12.64628820492016,17.28338582315817
E-0023972,1.8133371357731487,160.76363025039592,19.86850431510496,238.37462456622538,2.4144691832761453,11.613915476382408,2.7765343526187225,13.311207133101899,15.822244933893078
E-0023973,0.10024237895987868,144.92067574647052,1.058029515865938,84.35170791116006,9.228294538808552,10.676506167881803,6.870926938670749,5.930750814334983,32.32862236748916
E-0023974,0.08757511464949916,198.55475711078944,3.2406940001551567,79.34897967344017,9.12205384846559,8.763056469655245,4.391473974438128,3.1947672226617927,23.761289052115586
E-0023975,1.8006949373149645,128.82839496251367,7.892198638331856,365.38005896485816,2.0364821875593817,9.681925307885582,6.057193647875257,12.807175199178845,11.76164197503155
E-0023976,1.9748994521352552,105.56184035773117,13.587596966223316,577.2742530046116,2.1835402011474967,13.305736593713178,7.593418041526789,14.467785214071341,17.47285223715017
E-0023977,1.2428197515804484,148.0196701638033,11.404261873705137,521.0416581640151,1.477985422483347,8.964954275626507,6.98825111829468,15.077933702234018,15.549921313207285
E-0023978,1.2428197515804484,148.0196701638033,11.404261873705137,521.0416581640151,1.477985422483347,8.964954275626507,6.98825111829468,15.077933702234018,15.549921313207285
E-0023979,0.7184432573608392,249.69280882116954,4.943195330211941,26.171995580063353,3.031877931739226,31.361158640001104,14.495969418460534,13.051066844934558,28.50167075889821
E-0023980,1.0160412134172396,247.0971229736722,4.931914778737245,32.48291314409691,1.909301356472114,18.602134401196196,9.52788039925944,13.20687548220206,16.99914730275466
E-0023981,0.6628177702680091,222.55073062409969,1.6474021800967058,8.674532162654204,5.667033160072977,35.901665320828414,18.23341861334851,8.380084100416589,18.24156453956763
E-0023982,1.2950514713367554,264.21887964668736,3.140794423539866,33.8662776326734,1.4289272773856905,21.015186616727433,15.54057605890403,17.041292681084574,10.041693993864673
E-0023983,1.1211513293822448,230.6824473555463,5.220011830540312,45.69164699908584,1.481972571448011,22.612723628038434,9.341069793029684,17.680995672620128,11.665062549183586
E-0023984,1.5953129508963346,187.50017300841034,13.2063962609811,71.98918612478322,1.2395223550163919,41.00456978797574,16.218226133191724,17.540125634561555,14.579713841691385
E-0023985,1.5953129508963346,187.50017300841034,13.2063962609811,71.98918612478322,1.2395223550163919,41.00456978797574,16.218226133191724,17.540125634561555,14.579713841691385
E-0023986,1.2460140981154262,182.46223795761856,4.583840036980468,40.63186897229342,1.2093177132576534,24.48752921253218,24.868535202282988,16.99053516475621,20.478616397366363
E-0023987,1.256439683314122,222.52571134569283,4.82728042960122,52.51183429948112,1.317205681407757,22.987976233908817,18.00133757590597,15.572362024942365,14.995934000063501
E-0023988,0.7689734832765878,207.85647245163153,1.3405107456468008,61.18860061903967,6.457518942951124,25.679700736832736,13.360774028833417,4.532009392219964,43.07638308197418
E-0023989,1.879013816562793,168.18038009810812,4.823341075575491,122.11059306540655,4.664351432355442,14.969696523273694,6.595202462055464,12.56021569941161,28.70782184761136
E-0023990,1.0833334337511356,229.52407369476884,9.677749228424185,29.23501161717388,1.6101540579097624,44.20968791276967,19.1669852667437,15.458237211302686,9.515184360575276
E-0023991,1.0833334337511356,229.52407369476884,9.677749228424185,29.23501161717388,1.6101540579097624,44.20968791276967,19.1669852667437,15.458237211302686,9.515184360575276
E-0024192,1.4988222198448005,252.56543207636645,8.15620581323122,405.38360474989224,1.3944486697294867,6.369014393747328,6.031972669578894,11.4987951731722,18.43795778094475
E-0024193,1.6712823473364602,296.0950355700282,8.055314678221212,210.44476034861944,1.1141839329118792,7.791172503121357,4.776497060701012,18.35451357685757,13.517343549911688
E-0024194,2.019718955443423,209.8538388999477,16.57155780594792,312.1232765294405,0.9611793092821533,7.42365451454822,0.9121456280589999,15.818651616305303,0.06460831062275935
E-0024195,2.2129731209993033,202.21433972151556,13.419543145370895,277.3912984970037,1.7528079953260496,7.609017268134133,4.767205897136964,9.724647798640015,9.96570026574155
E-0024196,1.5777474347290883,192.44861157471402,2.8965462822159442,127.07792089430909,1.1342335865047322,5.370004551828238,5.2287974257025525,17.591126515852856,14.878211769627915
E-0024254,1.6757200754150776,249.61319106875217,6.821708581149788,195.63750953216606,2.6614347140258654,10.638138275757317,2.7848531307632043,16.270968718067675,16.860483536033616
E-0024255,2.12013787995753,193.74383098792225,6.632791346353685,169.14775692691967,1.510348145457962,6.665870263106831,5.340848467337329,9.639174563482124,13.270928294740957
E-0024256,2.4553688901749724,243.5471583257939,16.267103450600658,418.6407855863083,1.5428530867273098,7.58690911369255,2.057908943740476,3.2799801643960644,7.347137890428625
E-0024257,2.446307211696043,250.716961403346,15.436963438281483,605.0929975331968,1.2956967638878065,7.3121815275395114,2.8181700814699444,4.256067289404891,9.520084556339334
E-0024258,1.6116375139691315,183.1968627006224,2.2140718837646305,109.02605372959485,1.1372951811172893,5.370004551828238,5.156408898460759,17.81485276941284,13.040620357021238
E-0024259,1.387665701917187,261.8392850877472,6.056499365065909,87.20252178343594,0.21075968274068735,7.879202032988925,3.712392772089455,16.271481929058993,13.01485111544917
E-0024260,1.2793462164450466,181.43787372039046,9.750508029880327,205.79531218350868,2.068495568324058,13.709466445033362,8.328773808913681,15.266624351836953,20.206226362344143
E-0024261,1.3894203891303993,173.89662489461526,5.77206819293485,268.1306299191987,1.8653285307583787,11.459128399840845,4.647684336332737,16.810449887265648,12.599891771629512
E-0024262,1.3894203891303993,173.89662489461526,5.77206819293485,268.1306299191987,1.8653285307583787,11.459128399840845,4.647684336332737,16.810449887265648,12.599891771629512
E-0024263,1.5281944487641108,173.61976005038903,3.935558199415636,171.1932598902482,4.7813757602793,6.725570735670614,5.717372446905882,12.755789358962094,33.2601837759606
E-0024264,1.5532367226889268,186.64803074451115,7.321246458477424,51.518242266596566,1.6059730682041413,35.01731763705017,6.718379299053648,13.241866443927291,16.24641942618708
E-0024265,1.5532367226889268,186.64803074451115,7.321246458477424,51.518242266596566,1.6059730682041413,35.01731763705017,6.718379299053648,13.241866443927291,16.24641942618708
E-0024266,2.332515156649025,132.2925004818764,22.531737637530586,270.7237406762699,2.0541613077184673,9.628822847104058,1.6504497261879865,12.23241028439368,11.520990031202835
E-0024267,2.383723162739478,124.8299985098113,12.289584393049985,221.26853644939524,1.5003533751626723,4.1530546816568705,1.0440502508535485,10.70002290469634,5.97700005323933
E-0024268,1.4067406785353889,132.32910342272925,7.884194484457294,141.95466155530178,3.5049980603653754,1.6275481114552246,2.279143031422531,6.523927583831008,15.30532102047645
E-0024269,1.8395786174343833,147.21124777467296,18.471131123228606,292.81788134104164,1.6337506890068394,5.578831872272164,3.9715949570636315,11.520127162440335,8.539131291272614
E-0024270,1.8395786174343833,147.21124777467296,18.471131123228606,292.81788134104164,1.6337506890068394,5.578831872272164,3.9715949570636315,11.520127162440335,8.539131291272614
E-0024271,1.5113776316277425,233.47239435447509,4.14581723595663,28.56764647334333,1.2329539077643792,37.22546764580418,22.619342687606164,22.25056831204522,14.805298578166576
E-0024272,0.7528133960016328,249.54805702393648,3.1008324151361006,31.210731572699952,1.723945395802444,37.88916933185544,14.973591110826762,16.54759687243264,16.842829397639058
E-0024273,1.3037209747737353,251.35332243404648,3.3779152580051375,36.78265262142221,1.3017392676118356,37.3888659443508,20.63716340247055,18.93103256115025,8.689856894269749
E-0024274,1.3037209747737353,251.35332243404648,3.3779152580051375,36.78265262142221,1.3017392676118356,37.3888659443508,20.63716340247055,18.93103256115025,8.689856894269749
E-0024275,1.1211513293822448,230.6824473555463,5.220011830540312,45.69164699908584,1.481972571448011,22.612723628038434,9.341069793029684,17.680995672620128,11.665062549183586
E-0024276,1.2577943845877924,219.65118159193946,6.011049304652159,48.457764775244065,1.7964697126001536,20.94600033619904,7.476835053238093,20.10663189788572,10.50675791418201
E-0024277,1.2577943845877924,219.65118159193946,6.011049304652159,48.457764775244065,1.7964697126001536,20.94600033619904,7.476835053238093,20.10663189788572,10.50675791418201
E-0024278,1.155950727482386,210.5041402835995,3.7868878628009837,46.19628477113027,1.4779969431680167,30.49468630664913,12.621497574264255,14.506501251976998,16.670446558378302
E-0024279,3.47965499750702,20.084560017600268,15.62026596545357,393.8980856593884,2.434655679679336,7.164040330924102,2.2566311726218675,2.054666866680475,3.430199997784896
E-0024280,1.5026611276658808,150.7174849687513,4.533744957775957,90.95343721957154,2.9364037574112776,24.3511446938422,8.04028212263695,11.663521606689857,37.691994260793834
E-0024281,1.3380977619531385,129.22337315247577,8.99458203287874,53.77108358202113,1.5961220956285767,39.27592369868971,15.66994485587419,11.790884327844385,8.955918025767868
E-0024282,1.277321324794066,221.15100278574994,9.124324525917782,23.17037403168006,1.2103197585435,41.127140309057346,21.765096254125726,14.899866704120113,11.279991165035762
E-0024283,1.3869474181166095,254.5416955751367,11.450881515972862,44.793702068548505,1.8779030057898356,45.39876381283694,11.883361128258182,11.88810675944003,13.548370679735557
E-0024284,1.3869474181166095,254.5416955751367,11.450881515972862,44.793702068548505,1.8779030057898356,45.39876381283694,11.883361128258182,11.88810675944003,13.548370679735557
E-0024286,2.3182291869170957,206.12456879676628,9.12351981751179,10.323305288312518,5.234201803306055,5.493984633363233,3.3550570214492748,2.9186802529878335,9.811243325621104
E-0024287,1.6181498016249445,170.0687867298855,4.81927862150246,7.931214479137156,9.185930084233336,6.306091966591886,4.616815835954619,4.966377075741994,15.63485501827554
E-0024288,1.5075359479663386,194.43390845664945,4.057719623686927,4.64759838023198,7.363084117321463,7.26149561852437,2.9216046287928594,6.306959164158668,20.979108572155994
E-0024289,2.36922661595692,111.28190411114656,6.102506458789849,17.438571839503574,7.734983647973971,4.5200263667239255,3.0698413137932548,4.284828897644745,5.334724395653351
E-0024290,1.7888427863172662,153.1528080164347,3.7366951806221587,5.583078125729266,3.348938216466395,7.576475192164484,4.329692702552509,8.556730304115703,23.29582967256615
E-0024291,2.138576943759797,190.64587397020554,6.087114673030616,10.900676367276345,9.615452755724757,6.432895107502635,1.7372161275271247,0.5502045532683684,12.471604441370568
E-0024292,2.543486643331494,117.85677612985455,14.304896219671233,44.64183016078182,4.880256775721213,9.990467818797446,3.2434542315825334,2.3631064372896295,14.43183315287628
E-0024293,3.033659206548109,87.56517842690462,14.580017894820609,64.73113031932367,5.427246411214689,3.799809853381155,1.366804700409089,2.1650616239036458,8.723051232815283
E-0024294,2.9973685574763724,65.92449785490831,25.167694005356413,122.82171682961845,5.45800689642914,3.670825753735976,1.2763771596335003,2.4479204778874557,5.2008755296615625
E-0024295,1.7300962230642627,181.04190791236869,2.8178315192647223,154.8864994006254,3.3288248342728317,10.409624495196482,4.595502749352588,8.72330275447025,13.109966311609798
E-0024296,1.7300962230642627,181.04190791236869,2.8178315192647223,154.8864994006254,3.3288248342728317,10.409624495196482,4.595502749352588,8.72330275447025,13.109966311609798
E-0024297,0.32285806784352467,210.63823964861905,2.9240605815514185,149.28716434800387,2.154387664903369,13.001503546634243,12.646618851229507,18.729049332255897,36.9677973827588
E-0024298,-0.30857266645759895,252.4458291932491,2.4821775427737593,29.72139905220051,2.5578893943802803,43.614199229589474,39.14908897595497,15.188678767786072,61.1877006815659
E-0024299,1.252276190176691,179.44311320117333,5.793804026182676,64.72140577543185,3.569893842914226,24.021318419098094,7.277012114905835,12.118847474403422,12.37975868894834
E-0024300,1.252276190176691,179.44311320117333,5.793804026182676,64.72140577543185,3.569893842914226,24.021318419098094,7.277012114905835,12.118847474403422,12.37975868894834
E-0024301,1.455646787233753,191.49359422705245,5.6115798330576325,177.87127511375846,5.493457921021294,13.262774796012504,5.933434005594432,11.309680697882822,38.91700374080559
E-0024302,1.8006949373149645,128.82839496251367,7.892198638331856,365.38005896485816,2.0364821875593817,9.681925307885582,6.057193647875257,12.807175199178845,11.76164197503155
E-0024303,2.383723162739478,124.8299985098113,12.289584393049985,221.26853644939524,1.5003533751626723,4.1530546816568705,1.0440502508535485,10.70002290469634,5.97700005323933
E-0024304,3.4095715083175464,82.9206720511475,35.91512403443007,254.40055512254858,1.3941124000695173,3.7333529474482146,1.4236663958100704,8.496839722825419,7.206041417661575
E-0024305,2.029063896947189,113.05396606346122,11.2688991045511,393.5200245296156,2.207886849433761,0.5409021815749757,2.49545781353511,9.282489338783602,11.842758079200669
E-0024306,1.6360591322859945,218.44828727641266,6.656354863980848,47.052882375246256,1.0018059220959783,20.88518963940814,12.70985499512812,21.231018529499217,8.824936866358211
E-0024307,1.6360591322859945,218.44828727641266,6.656354863980848,47.052882375246256,1.0018059220959783,20.88518963940814,12.70985499512812,21.231018529499217,8.824936866358211
E-0024308,1.1330110170718828,272.3822297853213,3.9385823384162104,21.36316755077701,1.064650323775782,43.81725988163153,20.423965299974608,20.27920282714552,13.493844759241393
E-0024309,1.630105191590964,229.42254726971095,3.9821681336512196,42.96634971517888,0.8609854622715082,22.520804650968685,13.230055991540036,19.073434864078333,5.122516568986358
E-0024310,1.7676426076084635,168.3147753508252,8.206910999301213,47.61303643947791,0.9079051080586499,24.41832882431619,18.703891402163606,16.327085293185775,13.63547357290909
E-0024311,1.9523621790450294,167.28572193941147,4.7667938229421125,75.30079821395614,3.1208420675570294,10.62136266978732,8.159230415758014,13.976854347103554,9.042724847690177
E-0024312,2.365141759822277,99.96583655412962,21.180377258779583,178.30261200035613,2.9831725170028704,6.731218542888995,2.043138947394474,7.405540707478029,4.506087710051256
E-0024313,1.598879004550057,218.7153883144023,7.804343753555179,56.619568040379754,1.4048831331950664,25.729233543442245,14.00404116566755,17.547116411442786,13.510268857324798
E-0024314,1.598879004550057,218.7153883144023,7.804343753555179,56.619568040379754,1.4048831331950664,25.729233543442245,14.00404116566755,17.547116411442786,13.510268857324798
E-0024315,1.3849582234864999,203.74577509922395,7.033582255928094,22.32681030389768,1.5911276305170572,54.789657445169865,18.819556274918487,18.83430689453908,11.231018061734064
E-0024316,1.474884542906596,233.92925273895656,5.082825177449996,27.170362541524607,1.207326898353246,29.844654841123596,16.705335508915127,20.68686193904086,14.53018298587465
E-0024317,2.87372548984744,99.55822900881475,6.533478506750646,8.667159295403513,7.629504480779397,4.492287655421851,0.9916840282543681,0.8462318333064238,5.136409312772228
E-0024318,2.6135111353556413,78.82459744838783,7.681726167747168,11.616877103894561,7.16212980769627,3.8418159394682183,1.5624158624990163,0.8914110073505077,4.640803049668538
E-0024319,2.687595382694151,77.23133974045061,11.759384046973631,11.516429949469545,7.506178272978384,3.8003283693260976,1.088819028179046,-0.5657519622912962,4.872037355345342
E-0024320,2.3131881827937897,161.64960699154733,10.704664425246195,103.20458964882448,1.3303865371652501,16.60409605330063,4.877997031706613,14.805225059129489,1.669213852152071
E-0024321,2.3131881827937897,161.64960699154733,10.704664425246195,103.20458964882448,1.3303865371652501,16.60409605330063,4.877997031706613,14.805225059129489,1.669213852152071
E-0024322,1.7473663220492548,159.77599109639684,8.50563382306464,92.25659920073538,1.6966904952918045,14.073196911107843,5.583642559690679,13.390661175596325,6.767361145540216
E-0024323,1.9286927994021132,213.39018517568996,8.638027181313323,104.9983926131666,1.4856885142449283,16.450947292688042,7.302425927348723,17.656740505950182,6.2012649445671535
E-0024324,1.9286927994021132,213.39018517568996,8.638027181313323,104.9983926131666,1.4856885142449283,16.450947292688042,7.302425927348723,17.656740505950182,6.2012649445671535
E-0024325,2.3975035982136537,153.0159665868158,8.629128001469065,84.2595716376383,2.0606362195919314,16.242853756426417,3.2053142091070868,15.488212536537151,1.162774110266295
E-0024326,2.3975035982136537,153.0159665868158,8.629128001469065,84.2595716376383,2.0606362195919314,16.242853756426417,3.2053142091070868,15.488212536537151,1.162774110266295
E-0024327,0.22621506462853058,194.4896875876198,3.042082161775846,57.34391979637765,2.485616585440676,9.263075688712455,10.083301360529312,15.783395614022032,33.567331262674585
E-0024328,1.9825314385650252,256.01637000347023,28.71836369383465,823.7975520455851,1.090459398013088,8.581188759065878,2.9017131861507117,11.266221323063178,11.306293530981833
E-0024329,1.7565531795144915,242.3094813567233,6.358889683881489,100.5924143701575,2.5644110660105732,7.592823889452571,1.9055916598678346,10.640838839101493,14.401477893292219
E-0024330,2.526132055855186,195.71746607782066,19.177178148662748,378.54573195832404,1.366497942578421,7.054096252816254,1.4857103755217045,6.648021158850779,6.612033332843826
E-0024331,2.6538220952524534,179.43568445048163,19.21733708786085,338.0075323321005,1.122010831910934,7.0676940022394055,1.1158165146791545,7.036361927835992,2.735330369601768
E-0024332,2.3797330804488595,229.36543154738328,26.6933812766571,483.9232201293978,1.346091041611703,7.320067690644487,3.6695713337252163,4.019945881197778,13.648922895405859
E-0024333,1.460571837190302,232.57410190529168,1.8087254786142275,165.20821166497177,2.944594819461986,8.806919632326775,7.151450680896337,18.057608607203733,18.980447469634164
E-0024347,0.6431473037680063,209.854414178041,2.0683785988562793,14.028407267724655,3.550549955869564,14.476217784451457,22.82217217939827,3.785389357218264,42.5773529031937
E-0024348,2.465194285244144,113.54246348637078,10.156604098356311,174.34401402306534,1.7214769698772099,9.52310620459097,2.079958026440013,14.100747735659295,5.253386297089095
E-0024349,2.3421055893936233,113.7566867548478,17.093351400201577,210.14439298166928,1.7393962354441457,3.8664298287664547,3.976431082497269,10.82853952059822,11.50342286439497
E-0024350,1.2345626759994757,249.22943244584422,4.442129680529493,47.04321888532283,1.3317437201919764,24.196897132350234,12.342897878956219,17.17023760779229,11.70251827936889
E-0024351,1.2345626759994757,249.22943244584422,4.442129680529493,47.04321888532283,1.3317437201919764,24.196897132350234,12.342897878956219,17.17023760779229,11.70251827936889
E-0024352,1.844609413599285,127.58030113089329,7.248893686852103,241.56759404857812,3.5012552072831857,16.105991778879208,8.557800477553862,9.77602485939863,30.734870149725097
E-0024353,1.4783703963821342,230.23761210710413,7.2674105415128185,32.29401210215936,1.5785161200177367,32.943662370209005,16.48877744350839,18.20707224538326,9.82696342045778
E-0024354,1.4783703963821342,230.23761210710413,7.2674105415128185,32.29401210215936,1.5785161200177367,32.943662370209005,16.48877744350839,18.20707224538326,9.82696342045778
E-0024355,1.7586230424687317,158.4074342782072,11.049200862197969,41.4204928610083,0.7594603661444582,5.631904020617803,3.2645645539464474,14.990547848822942,3.494146329104186
E-0024356,0.4701841857435782,165.31389506564955,5.8079091250424435,89.57792486312573,1.3681319192461006,30.858356068487495,19.918578733583015,21.36021022659371,41.98937555631111
E-0024357,2.791047593064217,105.0664076112174,25.087470899378708,290.84158803445126,1.5287119829658085,8.359777184595773,5.346265450659868,18.82180610099458,10.089200630228492
E-0024358,0.7487752333927634,254.4166926672841,1.8404309049039191,34.961110644616056,3.924841321837151,40.42293666610881,34.587221864601304,9.684579436677565,36.97190821980454
E-0024359,0.7865804026673588,208.99182064962173,3.0375731377281694,41.06750623272035,8.278503689533029,34.744294427236994,14.049667205670183,4.232487486207452,27.703737104560293
E-0024360,0.189236525595491,254.72278081894655,0.32484265566186127,17.568209035608632,9.848759159717394,41.46302582679335,24.36192533633648,3.723322228949913,34.72368178347163
E-0024361,2.1528391190187457,133.58116153290268,7.45810589813198,338.628340286353,1.812151572535538,10.818157897310865,1.4936131932028247,13.128022962087268,6.972001519255521
E-0024362,3.2152942670882037,96.1585240731014,9.058522033858598,380.9393142771561,2.2764752479327655,12.124461264601221,1.4435129171385106,4.8035247837042725,6.658272695952452
E-0024363,2.074082761228466,154.95597304661675,9.966601028486414,407.0462855940689,1.6292071870000864,4.246918531465315,4.726085569738751,19.021519153917644,8.359965498557209
E-0024364,2.9590029379017952,112.72205027304953,16.774520416468814,628.7192128809608,2.048328379102062,5.513045813321869,2.2516790870990975,15.379336437223014,3.5695680041919946
E-0024365,2.176798440777352,86.96763188087655,11.022479842111748,360.6545524509231,1.686215229636837,6.8547085620591535,7.03869956256683,15.834494291480251,6.340064690356646
E-0024366,2.1101556102967653,194.3644015067363,8.427615994822027,95.27495307052862,1.1774355799460046,14.70133833043213,4.33416902338815,15.881161492722216,4.839214152338223
E-0024367,0.8264965801795194,188.67966436636027,27.9002815672563,311.4374170718919,2.0166866373730774,13.252988384415465,2.1451806865221306,10.43626500095382,10.275824820347161
E-0024368,1.6766375968681748,187.65998620214157,15.690632464870522,537.5435591018041,1.3586994284328717,13.069051432827937,1.6501240297312403,15.941235811057943,12.105906041229288
E-0024369,0.805339735714957,258.48277689814984,4.815419658403185,61.599236986074146,2.734241427675489,33.9340505724205,28.479664376830083,15.43012686166976,21.822858389395062
E-0024370,0.6536183586326609,267.50201897969737,2.8752957062532496,29.026489801548774,6.030565132747894,27.239081770918133,36.8791263075511,5.120140834279581,30.705566014368312
E-0024371,1.6053776677677214,279.54879863389,6.6908446503680885,170.73573347677967,2.8489172734873565,8.07676707532479,1.7261982524000048,3.054141419703859,20.50204751224196
E-0024372,1.5993012158876891,249.34237939989856,10.076166363107289,188.40766594256894,2.9464059014877457,8.673048697971371,5.274512722660344,5.172923480429368,19.407359754278502
E-0024373,2.715703773247179,234.22038516158696,78.5137451019863,397.88934701589756,1.8175849023122614,5.9788839193752885,2.071931552583428,1.6986543504879255,8.593246140747858
E-0024374,1.5516809451539075,225.0861844327996,65.1222874864037,612.027819812119,1.3014303340724025,8.08775248036082,6.7478328173155235,15.103171855292787,25.66843146790541
E-0024375,2.1722416929207644,200.4375718571688,9.35999247844096,439.68859322452215,1.3084463767079464,6.436789272690385,0.9906026267518017,8.584907668466688,7.604384031923806
E-0025768,1.7762199504686302,256.1576166000682,5.339681523964394,240.65737675706202,1.9294873614152872,10.2894958686966,2.799373171124969,18.7035881802024,16.30645843532312
E-0025769,3.234929471642674,164.037481392887,17.35959953834324,689.6542305132498,1.6464062342941848,6.116104419578593,0.6494041812565481,2.3898688912609094,4.9661491262704835
E-0025770,2.5398862050576048,231.5431493893838,59.13775301958363,269.1297576295926,2.1258303849866302,4.4204724768063475,1.7893160093986666,1.3531504424500187,8.8848630040979
E-0025771,2.475060333353264,137.64939349913868,18.162044535328917,411.1860463483791,1.0104695874523655,6.357292123207542,0.7387634889684797,11.36138976828008,5.911193949652576
E-0025772,1.9588196928755695,211.48568495810906,38.21147219778374,625.5992223270781,1.3034300282800895,7.529242251793898,3.150369297031454,10.376210211404159,11.139764863312344
E-0025773,2.489247012107788,218.9599155068065,62.055475728364264,620.0323395431933,2.5056251452886316,8.963369797444116,2.879129986536705,9.386597039005311,14.846462097922746
E-0025774,2.465194285244144,113.54246348637078,10.156604098356311,174.34401402306534,1.7214769698772099,9.52310620459097,2.079958026440013,14.100747735659295,5.253386297089095
E-0025775,1.2385155978529268,257.58598885419786,4.360399803989784,27.81735994829031,1.5667315613925545,27.777485050608874,12.078852796228174,15.048747930563982,10.605436101357723
E-0025776,1.3719065925521976,193.68219482972097,4.37723664581654,29.17880748300114,0.8425195629808782,8.734974176755612,6.680289260582874,15.351807875976087,8.670052128555966
E-0025777,0.6815666468899645,267.3558908322062,5.284668817776881,9.117615504242258,0.46073753566064285,40.35549129167028,13.539501379984095,15.848564159170115,11.984408736801036
E-0025778,1.2552985008312951,174.04559516134816,6.8710295454578745,7.312694272333865,7.102279962055001,16.668069931669173,6.68862232134277,3.9697135653823237,22.82487937697374
E-0025779,1.6490680597696907,141.18263123530926,9.379626757876744,1.5037654595760208,9.091408151656099,8.382496545090545,7.946202169878393,3.351914597079257,30.021912318324695
E-0025780,0.26969905092779517,193.41724391250148,3.6855062760141735,46.22516879030599,3.3843623985075886,34.357898490026294,6.07916294495069,11.521442841932464,12.633857833741088
E-0025781,1.8818899605824106,154.13167567984544,13.064406477804278,148.98222896112262,1.628501118571463,8.465559091975175,4.542470401688042,19.30140572424891,16.42581513289526
E-0025782,1.5793589230234533,197.43759546397945,9.298436965625294,122.62674567730856,1.2674556765508203,9.182052238834087,9.26899924432647,17.886207962720228,20.204723004805317
E-0025783,1.5793589230234533,197.43759546397945,9.298436965625294,122.62674567730856,1.2674556765508203,9.182052238834087,9.26899924432647,17.886207962720228,20.204723004805317
E-0025784,0.16739622285309247,249.1899609269551,1.260813431032196,29.059671587855412,7.721227775582109,45.79520322454476,19.429841995395602,5.578408455511807,33.33255963330497
E-0025785,0.9485143862885055,242.26858784350782,4.162836883352473,19.558445290551248,2.5467529650868403,16.697547775391953,19.79922911834705,16.60903123919284,11.307976787450025
E-0025786,0.8041690056663008,205.4214731089385,1.8773069318583726,18.344268011362807,3.7767564331788246,36.01788639429977,18.02951310674212,7.870232869510358,12.529960775003541
E-0025787,0.5922028783066122,215.9632234302134,2.931194033935815,40.40895580061691,5.849550341075638,27.959066806626858,40.80026772008379,3.999343325725677,33.521875363592144
E-0025788,0.5565882785444145,226.83238223731516,6.80011686668464,57.028869447366795,5.244681354223942,39.16727927229069,6.575255743677904,11.100089272968459,13.894109985095062
E-0025789,0.5565882785444145,226.83238223731516,6.80011686668464,57.028869447366795,5.244681354223942,39.16727927229069,6.575255743677904,11.100089272968459,13.894109985095062
E-0025790,-0.6005492304078821,188.91136538579673,2.594830711449065,50.39273147399598,8.205531796426916,34.897990059845384,9.290823944250391,10.78283444893625,20.698091011077743
E-0025791,2.7832611510777965,149.62478249748833,10.479134680914687,178.74890191385154,1.066084818139279,6.413055756254496,1.7305737865687927,12.874970481944427,0.82066003679268
E-0025792,1.9518344066607094,152.90142454069417,4.80900545589104,75.18380289464663,1.6936169996190942,7.997016526057471,5.691860925305447,10.406364057596551,9.371017911927154
E-0025793,1.1512484219967651,151.59046846810628,2.451042260901374,22.865548956979808,2.2245083956139204,8.053040317465278,3.9930261495657553,8.82884859976622,15.043403902978802
E-0025794,1.2743283766687394,211.7658751852273,3.6502863067602163,62.62651237088609,2.1546528044904014,3.864912583551658,2.8086976540391513,8.38208282175534,13.436579817099224
E-0025795,0.5584946693444305,216.95261171362608,3.262605520931757,133.40857111979378,13.83231503581469,14.835659636446135,9.607387661716533,2.0640404624878217,26.37431820668912
E-0025796,1.9476208837024762,190.808692897006,8.13664237025842,582.0064395946323,1.2533454900862564,10.019489463885652,6.918992193102083,19.339240637067185,7.626156305393262
E-0025797,1.9476208837024762,190.808692897006,8.13664237025842,582.0064395946323,1.2533454900862564,10.019489463885652,6.918992193102083,19.339240637067185,7.626156305393262
E-0025798,1.976376411622709,153.78046538189702,8.751093424209992,301.74644683993677,1.6711224175680042,10.69250328329762,7.6700754013965184,16.90960260540566,12.689352330817513
E-0025799,1.976376411622709,153.78046538189702,8.751093424209992,301.74644683993677,1.6711224175680042,10.69250328329762,7.6700754013965184,16.90960260540566,12.689352330817513
E-0025800,1.887064944669707,200.14407912994537,6.056687078374044,148.87307110915344,2.031004247369084,10.775393195873143,9.100242439643973,17.674334107276668,8.299734237791855
E-0025801,2.013616113667447,178.4074205689746,5.904357788213854,307.1700434605302,1.5737294699929596,10.249390908204905,6.74553993515122,19.070162708654077,13.535311940577111
E-0025802,2.6540958249762236,141.48330580503395,13.49991193636961,538.2581076652432,1.3500596688343725,7.242321977553523,1.630889523639315,12.563971946013696,1.3756330542578725
E-0025803,2.9917809093811267,118.12774159015184,8.995811551743795,333.0260154442244,1.581099859110032,7.21348504312604,1.5420462959081649,11.391457367226415,2.4774569521996384
E-0025804,2.9917809093811267,118.12774159015184,8.995811551743795,333.0260154442244,1.581099859110032,7.21348504312604,1.5420462959081649,11.391457367226415,2.4774569521996384
E-0025805,2.251048604213934,194.00106356861716,11.709253147841272,399.6050217203326,1.6654395504217643,8.428388502422074,2.9531774373400346,12.456371510337059,6.239663982029641
E-0026542,1.5120295038457414,159.403074052361,4.3821251150930465,128.03598020522435,3.1308365076072215,6.257765215695899,4.126434188177391,10.684046732489081,16.293718362188457
E-0026543,1.929949200912898,225.00057863271186,21.94321812271816,345.2261343539322,1.1239431820251773,12.770714887629108,6.958443204177625,11.885830683280462,15.18254191930952
E-0026544,0.7200040563710846,212.36579025636735,5.75827105130693,18.14312004652731,1.6797559790534782,30.37938120712593,24.382346410209056,11.92707749378255,34.20839314313477
E-0026545,1.5876579001289728,205.85504696482138,4.647291207519484,286.7300388304831,1.2394719300682888,9.817868653150411,5.889196885016001,8.536119607753788,16.21374787605668
E-0026546,1.5876579001289728,205.85504696482138,4.647291207519484,286.7300388304831,1.2394719300682888,9.817868653150411,5.889196885016001,8.536119607753788,16.21374787605668
E-0026547,-0.4017574431213894,257.21788850383086,1.8629194959314024,36.36947581209957,2.465102983544032,44.38565087866574,39.26019013571765,15.29046750390859,61.64339854818964
E-0026548,0.41220414933191013,220.21986885987405,3.0906563807293805,191.6990169233193,2.1411074491291693,16.101189775554232,15.470408909925613,17.219755105842488,32.3597208260918
E-0026549,0.46667290061266403,195.37806537878961,1.8228993455682905,133.55655980481242,2.1823655883247413,7.5844262684681,11.089912078525515,13.814190604433486,35.91870896844458
E-0026550,2.749857694362339,136.5135975569785,11.06214296613767,137.41414488513706,1.6090722874372028,7.820049201936427,3.9120674349802522,16.148695902386354,3.9956456403309852
E-0026551,2.506619683483594,90.87853669461073,10.406432041962148,361.6961772525905,1.4285357889675216,6.5587523457032635,1.3758400868017138,10.99421665903626,6.371415378693772
E-0026552,0.8235203658701261,278.6517856306326,4.687703322188148,49.92185273656076,2.306841936352568,42.63034877581481,24.244736113867795,12.77307618080849,37.46709061022132
E-0026553,0.9997620919461604,211.0127713408562,5.916527890973426,31.833676557250087,3.577383461159175,28.83978568671867,7.617828673015663,9.016480041716088,17.076343230680145
E-0026554,0.8226105062172877,195.80636880629172,4.414424196883835,24.99985377889229,3.9125503449405037,31.452766264270927,7.457640767431072,7.859544409248415,17.91013723157012
E-0026555,1.0742867244571526,240.60512799358656,2.358691999541644,50.828693109500996,9.178749823896682,19.267937345599716,15.78811396823153,4.138578124975305,29.69034417390498
E-0026556,1.155756601195713,160.85669824495812,3.587511686815871,114.06855946443955,8.210421444473944,16.589026057554054,14.764782496675654,4.273280419990288,34.15583303620349
E-0026557,1.5647167456109516,186.6405789673555,4.4939335962049025,44.768783673050145,3.738213989992195,10.717866957552236,3.9530120708611998,3.0342785472889853,13.069715601842486
E-0026558,0.567380441987608,192.56811589513734,1.3075554573374257,35.542332450875534,4.771945480398763,21.268075091215184,8.906461712943688,6.617773625092615,23.04200790584384
E-0026559,1.0877356504683648,220.33262998508772,2.6307099241381393,45.629030195773,4.983575735158469,10.171926903914663,6.463902104888529,6.202666243945359,13.393782206262252
E-0026560,2.4276258733399336,159.09542415038197,7.088690602476433,101.52722982266837,2.211283708462962,6.249757600219009,0.6756140851755986,5.488420503120131,3.9319272629205
E-0026561,1.912982677510635,109.65291886752202,5.094068303869812,66.66070868726595,1.8423486577262935,8.484368317566929,4.434049371330166,13.166067426250729,6.487300203762857
E-0026562,2.6540958249762236,141.48330580503395,13.49991193636961,538.2581076652432,1.3500596688343725,7.242321977553523,1.630889523639315,12.563971946013696,1.3756330542578725
E-0026563,2.251048604213934,194.00106356861716,11.709253147841272,399.6050217203326,1.6654395504217643,8.428388502422074,2.9531774373400346,12.456371510337059,6.239663982029641
E-0026564,1.3316799017721965,177.52024349704254,6.887707814069447,32.27398378343932,5.970755969836426,29.952948042616455,7.793682026720067,7.312395721372347,19.22887912494921
E-0026565,1.6384217268743786,214.46313433163743,5.4511326026140345,125.45703265812406,4.1523145148626375,7.696899062820245,7.867743061406228,15.14934039501423,15.912099032908054
E-0026566,2.656861895098782,220.26837203719367,45.44921703768775,251.4102752114297,1.5186130491275118,6.788550449306646,2.303015764110412,2.7195519608480487,12.088647539301377
E-0026567,2.656861895098782,220.26837203719367,45.44921703768775,251.4102752114297,1.5186130491275118,6.788550449306646,2.303015764110412,2.7195519608480487,12.088647539301377
E-0026568,2.9062972150781343,177.9626332737924,27.685811039187737,499.9698427077663,2.189285550151964,6.133176875046145,0.36974716672948066,-0.04137418725100206,8.228178205490392
E-0026569,2.3660057251239053,209.10916716181694,36.38464528945932,295.25437368383916,4.039011581101733,7.314492215563854,2.17925929080309,0.8841214325052102,7.120196098797802
E-0026570,1.7273448841794259,226.1237338747644,23.228955220139675,318.52165801348383,3.5538025014273766,7.903741300214971,7.460132746839298,8.268671271582893,28.921696866010002
E-0026571,2.4503068700567745,228.5142371931051,61.660643997934145,484.915988233011,1.0448910862739167,10.391815379824912,2.6138786079739154,3.2696312174762823,2.374739290776497
E-0026572,0.9646280458383751,270.5804108851757,3.312222330325719,94.11445726424496,1.9862828076778851,8.36863306148095,8.931570967416517,18.849627086190928,32.72300598269305
E-0026573,2.043561101967171,194.45183505452783,18.872816590027355,219.63434442848023,2.1493630676600026,12.190597656873598,3.4428608084083945,9.159422577021175,11.943783713196936
E-0026574,2.8233954118549835,231.5076348488678,61.96386371931506,378.40483798601815,1.6039498280075053,5.5072301907023125,2.3104610577406866,3.1212285257578083,8.548184415743519
E-0026575,2.361515609409975,214.57428766365658,32.47183898104717,277.9001331697476,4.05767808341586,7.314492215563854,2.200116078498105,1.1280146921617549,7.26058960461943
E-0026576,2.361515609409975,214.57428766365658,32.47183898104717,277.9001331697476,4.05767808341586,7.314492215563854,2.200116078498105,1.1280146921617549,7.26058960461943
E-0026577,2.41996822605767,249.73769918894675,45.30479343375311,499.34655796618216,1.882503404838531,5.135959342819572,3.03810294005181,2.988332230317513,14.065555268019923
E-0026578,0.9914520138140617,201.85479765824653,17.268973786564544,231.75432246057323,6.021360309987368,7.44131814404813,5.18047634623034,7.455715015089852,24.906995100191505
E-0026579,1.6661718905163556,219.01025733368388,25.188426023480012,318.12230612067583,2.7800975588757835,8.345982139080885,3.8292527296234287,6.694964421326435,19.71216408543389
E-0026580,1.3535109768682,245.1839231095189,18.77123144703413,253.86566485117098,2.567276652192275,6.301944897391207,3.007249097706085,11.083156754197066,15.75071397488248
E-0026581,2.10001139281899,255.9422729481064,41.41928459172487,541.0146778514891,0.997473850249376,7.742001261249143,2.5880981964363876,8.192868413011219,7.59463557179289
E-0026582,2.148615962190962,238.70270188477443,34.30857155008275,391.3315094185152,1.609657864056337,5.119802465473388,3.214520131972069,2.306162106711681,13.57904065681689
E-0026583,2.7344347263874265,118.78052465650207,10.396866667033283,155.74162760453902,1.8314622936581528,7.76713221734371,3.295729280311203,16.404663234423545,4.321437010967865
E-0026584,0.8856183198657472,214.8583174957361,2.330711759405205,28.78333464394003,3.0903510251237556,26.310043497291197,19.504231260031606,10.552785326444821,30.5696838368948
E-0026585,0.30790704198467855,249.2702546109309,2.202641795270363,11.359899877730497,3.102564582433395,30.822132857951285,34.7203030177399,12.422043052123794,48.85869707032966
E-0026586,0.24603598345507965,220.5799313504799,2.5247716246660397,15.003059754661473,2.6263300772668527,28.83923315928051,35.36381297310274,12.868238488579149,40.09637585794525
E-0026587,0.28510798252939795,198.86504022864364,2.6560741659162352,13.695289116364409,2.172330253714461,33.40767107551475,37.63190291588517,14.155067850335593,36.70039425810944
E-0026588,2.5567293332161247,108.67366145162748,8.531249554814467,245.50804970806044,1.3948439789107219,14.243961861977121,2.5729592048250582,14.330068022618695,4.639716821791305
E-0026589,2.178510310098354,135.88605299705307,13.376775533965699,190.75876504671294,1.9900714621282003,7.738619201526577,3.6461569671726792,17.049431633368478,15.483091082592619
E-0026590,1.6592811899051623,185.91957681890565,6.0804941638135235,92.73666388453327,1.7983930792806542,13.822097881037577,5.22271027588115,14.9887839316738,12.166484574552895
E-0026591,1.6592811899051623,185.91957681890565,6.0804941638135235,92.73666388453327,1.7983930792806542,13.822097881037577,5.22271027588115,14.9887839316738,12.166484574552895
E-0026592,1.909130574356582,149.64798864735695,9.261045679302203,316.69564040293596,1.8088416205011535,5.987337728763987,3.1484082947304124,13.43439577954895,9.167856697179632
E-0026593,1.2692787061033417,131.98268324206742,6.657743613105018,114.49788535760692,2.441631574589482,22.194553450149268,11.09022455755606,10.795886396961743,29.854465347649626
E-0026594,1.619943762934458,124.23336250027884,6.020193694153285,279.3333330658668,1.8830384219038057,12.025789034132346,6.597792886855703,13.213964386071378,11.17476936275218
E-0026595,0.9483582112352167,216.01019785378872,1.3845976894994294,36.63975602254962,4.2468360541886465,11.343182064786511,5.357985399888567,6.338487137961811,16.088487957601707
E-0026596,2.7094302484099155,70.70493974296916,12.631303900268799,168.1728943767168,2.1147090502410815,6.260233079298858,4.496379009339954,18.193451301649258,9.08586979202404
E-0026597,1.6586260504094403,183.5945799675471,8.96987469496853,151.1668443301615,1.919467027033227,10.593385312523306,5.985975803003639,11.610198965548829,9.889516987437482
E-0026598,1.9523874143239017,147.55749018344125,5.391610940918068,171.1208402568928,2.046583255890226,10.464572676444645,9.382325139619304,14.280151059498435,7.700695611042142
E-0026599,1.9523874143239017,147.55749018344125,5.391610940918068,171.1208402568928,2.046583255890226,10.464572676444645,9.382325139619304,14.280151059498435,7.700695611042142
E-0026600,1.3316799017721965,177.52024349704254,6.887707814069447,32.27398378343932,5.970755969836426,29.952948042616455,7.793682026720067,7.312395721372347,19.22887912494921
E-0026601,2.0754875795934016,84.00971602215198,22.642415932967793,152.8909186375667,1.3300368611977067,8.087924008557232,4.50918578761483,18.878018250600377,11.315997419349104
E-0026602,2.316938888201763,112.14585135979394,13.555819068714781,167.05955112341726,4.29904521258251,4.092023124169001,0.6350603702245029,4.187705404711901,9.798212590341656
E-0026603,3.9225050601956095,60.83804045168152,28.47429029042153,198.27307944255102,4.191655902774757,4.291753541173595,0.6393725612545281,2.0391044229164756,4.366656241821067
E-0026604,1.0309792975692709,200.83275684937567,6.992706525114652,127.94003688402057,8.6993233857796,6.051757053747547,7.038698339028569,-0.03327600107000295,19.374596606823154
E-0026605,2.0533506684395477,128.9010663016672,33.399359958356314,299.87300903805016,2.4136861270609296,6.652877348825369,1.6482651873040046,12.365909283947696,14.280262560937057
E-0026606,2.081611641746333,114.92406203403365,43.17019048489028,347.6674660767592,2.5376250288357745,6.594385687282577,1.6377318809440096,12.363510766357805,13.986568747189125
E-0026607,3.6346522045344187,96.63484397876954,38.2838898314741,36.83552879227159,13.384347223390433,7.144176894138382,0.3867294116350187,3.22271274572914,3.5884215666134285
E-0026608,3.647353222289227,94.69365334804634,47.413668116688235,84.09175205344006,12.717985640113884,4.35576476595352,1.0848468235690203,3.764033372810119,3.146772825371852
E-0026609,2.1035157353930334,148.87476562418948,19.308918492143682,87.1521707997355,5.198956561177509,4.605614144941953,1.13995072454476,3.265608481617663,9.176418430677085
E-0026610,2.293953937671355,74.2488450425839,7.733187034759918,210.06192775450066,1.2511130710370773,14.25737447278018,1.2723752540858206,13.459156451668441,8.90565455242353
E-0026611,2.0908683832106694,112.97375418495285,5.041553994095826,73.98922293802926,1.883070279442625,14.884620653696768,6.463116704351282,6.036517393843506,7.780595348372931
E-0026612,2.755657892769246,115.71926176002786,10.548493861595366,120.474573165656,2.0572942604311497,9.296695279540833,2.0041404654167327,12.342698056281574,3.9553464948923973
E-0026613,1.5766247709004757,253.6972053437603,25.146316208750815,219.3776083340689,2.3504868748015744,9.514291295694544,2.6218958196823543,8.892790185982605,22.262813598360694
E-0026614,2.8233954118549835,231.5076348488678,61.96386371931506,378.40483798601815,1.6039498280075053,5.5072301907023125,2.3104610577406866,3.1212285257578083,8.548184415743519
E-0026615,1.131142851855621,248.1016285223362,17.491852656912112,353.88535421284803,1.411811765973301,8.451525943350125,5.04601594349921,16.258663711983758,23.48520560088036
E-0026616,1.131142851855621,248.1016285223362,17.491852656912112,353.88535421284803,1.411811765973301,8.451525943350125,5.04601594349921,16.258663711983758,23.48520560088036
E-0026617,2.9396323638051087,255.00529504244776,57.44021308804409,370.6720105958789,1.7884143263309071,5.614530607318374,2.601867882909408,2.8896851039140987,14.492437872795266
E-0026618,2.9396323638051087,255.00529504244776,57.44021308804409,370.6720105958789,1.7884143263309071,5.614530607318374,2.601867882909408,2.8896851039140987,14.492437872795266
E-0026619,1.683255473974776,231.26826426072725,42.561556023138735,299.18884455297626,2.848996171997884,4.469044262008566,3.249943811335876,6.345627552944155,15.11575492806192
E-0026620,1.721229807721437,233.23189088201812,40.61192005946737,282.69272230547443,2.8403844443947532,4.469044262008566,3.2874644449754276,6.367411750798398,15.072753571117435
E-0026621,1.721229807721437,233.23189088201812,40.61192005946737,282.69272230547443,2.8403844443947532,4.469044262008566,3.2874644449754276,6.367411750798398,15.072753571117435
E-0026622,2.2431707661116858,239.41266299631388,45.2216477903336,295.0728747943553,2.3816775512608572,4.681086243607802,2.418292748146533,5.250433279617161,15.439511828737267
E-0026623,1.4739033288641683,247.53960495815582,40.27356882505431,233.854020135611,4.227965868152535,6.618122265341207,2.6679681688064636,3.8775801055031947,15.400035194754395
E-0026624,0.9864683058213939,243.63141128132978,23.316166060261594,321.3601239474399,3.268357193972793,7.53103986013292,3.266887417426461,4.8880245218711735,18.576212549426145
E-0026625,1.3816634927656422,215.16543534057482,16.16163520980485,248.07242917133433,5.915672946903521,9.031384309447176,5.230142335384694,9.5004021369656,25.096602055008926
E-0026626,2.073642626125956,284.4846348357023,25.84903733576856,487.43880837004787,1.155848276737013,4.507401771786971,2.2060955749649906,9.636933347083776,5.5073738724723
E-0026627,2.814275588744073,256.43840450142557,39.33027453999307,243.6825903599744,1.8522806211293077,5.439545610415459,3.0911337662597793,2.1599359886305813,14.635624330295512
E-0026628,2.814275588744073,256.43840450142557,39.33027453999307,243.6825903599744,1.8522806211293077,5.439545610415459,3.0911337662597793,2.1599359886305813,14.635624330295512
E-0026629,2.670677197849588,85.70576821932704,19.587037260679754,444.6784104469163,2.2835745734621806,6.528126746530109,0.7704517418593801,6.463307133740145,7.650885979279337
E-0026630,1.030320826325692,164.78374637645393,4.406782593128562,60.44117011618313,1.269178283942794,24.249206328878437,13.72006437177295,21.954161191905946,36.285679189898936
E-0026631,-0.03181637999559456,274.4221075027086,1.4019576074130142,30.939963262645726,3.402083205145771,36.16369225069432,51.040370228767586,5.2798932244790375,53.587070915235806
E-0026633,3.132188605946652,67.0518067206522,13.958590410371611,106.43213171330788,2.201267735912894,5.247800735354633,1.9743345560612038,11.728578245821842,1.8392548326877933
E-0026634,1.772381018596124,193.91587689715516,9.4734399254883,318.80757224114063,1.7081087102090347,11.335325721472604,7.541549092971035,15.073731418626112,10.237465902427978
E-0026635,1.772381018596124,193.91587689715516,9.4734399254883,318.80757224114063,1.7081087102090347,11.335325721472604,7.541549092971035,15.073731418626112,10.237465902427978
E-0026636,1.3316799017721965,177.52024349704254,6.887707814069447,32.27398378343932,5.970755969836426,29.952948042616455,7.793682026720067,7.312395721372347,19.22887912494921
E-0026637,1.3316799017721965,177.52024349704254,6.887707814069447,32.27398378343932,5.970755969836426,29.952948042616455,7.793682026720067,7.312395721372347,19.22887912494921
E-0026638,1.9882136998764597,91.69904086304739,14.335323430408643,170.3814924996623,1.1951993251042463,8.635092385172575,6.915096370599967,18.2024838665039,17.335515573054757
E-0026639,2.3890023207772555,85.52956773830964,32.30051593438979,251.78470731257508,1.2193390841666492,9.623607145608508,6.106943371836276,20.263148437407132,11.809946599561567
E-0026640,1.5471517947653526,207.77493510294212,7.4114672219987865,87.51446247471772,1.268246122687487,8.54115904220765,10.764403504193684,19.338426039154108,23.870247231949644
E-0026641,1.8229859086775342,175.98314989704915,7.634375192579934,86.86214060873388,1.6402583808665945,11.829515489529621,10.053968471560559,17.645352828170694,20.18661319351147
E-0026642,3.556145144790452,96.43813224041641,36.106715385315546,182.6002997717999,7.742232668210153,6.437724947360728,0.25609016172403026,3.265181623999754,10.773324757091313
E-0026643,2.4672271972110313,122.01079643594171,34.389826967208464,255.01639059100418,3.978438848867067,5.447565319059332,1.1748278213622396,5.016451013021376,7.036548903011269
E-0026644,2.2075339555554407,112.47336031991551,29.2070619169669,255.82573369437796,2.6194942189216657,9.950700133783684,4.714762262352093,11.976931140083714,13.584759650207355
E-0026645,2.755657892769246,115.71926176002786,10.548493861595366,120.474573165656,2.0572942604311497,9.296695279540833,2.0041404654167327,12.342698056281574,3.9553464948923973
E-0026646,3.3344213007190184,58.99081838692217,15.162280297217182,111.02547914011967,2.2544385871458297,9.299818731453932,1.3758885422771536,9.879375803449589,5.798548306712525
E-0026647,2.736429464655113,95.51844571668678,14.084729308593266,121.24956778388399,2.507958956452693,9.686807922965206,1.8201569000379778,13.430640600102498,7.559087412562535
E-0026648,2.736429464655113,95.51844571668678,14.084729308593266,121.24956778388399,2.507958956452693,9.686807922965206,1.8201569000379778,13.430640600102498,7.559087412562535
E-0026649,2.173299218939248,135.82194964180255,14.831806240050422,168.0860965533862,3.7760813763099916,8.589772888198317,2.8027151178165046,5.887042759635037,10.911714352097055
E-0026650,2.8220877785388647,87.52936049044855,10.356825996141234,159.96254475741887,2.1305415488880186,10.890426534069885,1.5419561484775848,11.712583787994914,8.336791144156832
E-0026651,2.048252732073653,148.24577741901305,15.235097479305518,265.6894616784938,1.4816285385147692,8.99297883458779,2.496362898417103,17.36928657099284,8.528547713948697
E-0026652,2.048252732073653,148.24577741901305,15.235097479305518,265.6894616784938,1.4816285385147692,8.99297883458779,2.496362898417103,17.36928657099284,8.528547713948697
E-0026678,1.9844178714913407,161.50181513823858,11.001155407317327,122.79770130996222,0.9899593751449639,7.171066443421497,6.801554972799538,20.9240084606586,17.51544086423222
E-0026679,1.0027525057854072,195.95841140275002,9.98215439018441,54.62202540392435,1.8985358643239183,32.645996038568235,15.645971433568448,11.967437130030492,27.478955342478017
E-0026680,0.7406150165539873,270.2072276432018,3.374797482733261,37.553183372591555,1.7445712940307605,37.2784867715047,25.765942921300017,14.052043944470979,34.93090910814895
E-0026681,2.14278433231917,151.39658660803832,6.584308572268209,160.3606409835198,1.7185694917657737,6.007898134481385,6.2498911445194905,15.9055830798914,11.667209903388212
E-0026682,2.405470187352994,148.4810418369626,9.471596112448019,202.35289386935585,4.399126603992984,3.8760610777012023,1.382472588591025,1.6831633812141162,4.270122107503018
E-0026683,3.9541461995952396,110.20089279291449,28.965403336106284,180.34204195573523,5.789738260150296,3.7301930697756536,0.8337822380641076,3.337714485989524,4.892035857926482
E-0026684,2.4138988181018086,65.94925253962626,8.68357240945621,57.12741384115188,2.827961475758277,16.20938821163426,3.87389655164943,5.371012839776083,8.325872405223503
E-0026685,2.173299218939248,135.82194964180255,14.831806240050422,168.0860965533862,3.7760813763099916,8.589772888198317,2.8027151178165046,5.887042759635037,10.911714352097055
E-0026686,2.8220877785388647,87.52936049044855,10.356825996141234,159.96254475741887,2.1305415488880186,10.890426534069885,1.5419561484775848,11.712583787994914,8.336791144156832
E-0026687,2.3891239448149113,117.52037925174776,11.229998604676902,120.16023339620477,1.6975111702061851,9.784506801233402,1.9994236585038363,10.40361769599997,6.5017287180607966
E-0026688,2.520268129574111,131.03834243781395,11.353648919174748,191.03880575633914,1.66736687397107,9.759133108394906,2.213648023581967,12.668088345726114,5.015713549236208
E-0026689,2.520268129574111,131.03834243781395,11.353648919174748,191.03880575633914,1.66736687397107,9.759133108394906,2.213648023581967,12.668088345726114,5.015713549236208
E-0026690,3.15488220428903,76.42115071520396,16.120241394999077,134.50270951084747,2.075695380895103,9.465197868522655,1.4761486922889329,10.146228752598223,4.449123482726337
E-0026691,3.15488220428903,76.42115071520396,16.120241394999077,134.50270951084747,2.075695380895103,9.465197868522655,1.4761486922889329,10.146228752598223,4.449123482726337
E-0026692,2.517654926103289,120.70454781191567,18.125492573673608,149.15129631946297,2.283207683504356,9.327548841450518,2.578366317216948,13.58733406592323,8.85742029889083
E-0026693,2.517654926103289,120.70454781191567,18.125492573673608,149.15129631946297,2.283207683504356,9.327548841450518,2.578366317216948,13.58733406592323,8.85742029889083
E-0026694,2.2005145298529447,146.37603773621268,15.618109131552771,160.13899916263944,3.8325581188713347,8.05794463070261,2.4053794850559074,4.985704597840338,10.872160447537862
E-0026695,2.2005145298529447,146.37603773621268,15.618109131552771,160.13899916263944,3.8325581188713347,8.05794463070261,2.4053794850559074,4.985704597840338,10.872160447537862
E-0026696,2.632742014446956,73.00254217092242,14.504551407538182,290.99150558638655,2.178863169399625,9.667383872486294,1.9483190693860686,12.813577855117629,8.109937634809686
E-0026697,2.632742014446956,73.00254217092242,14.504551407538182,290.99150558638655,2.178863169399625,9.667383872486294,1.9483190693860686,12.813577855117629,8.109937634809686
E-0026698,1.7873137837526194,150.34974919175366,10.75390830723581,183.42317611495955,1.843331062802965,7.02945903557317,2.4866638910937198,10.887139857530723,12.376445101005073
E-0026699,3.1498571961295303,51.89349361398841,17.726188969771634,133.2313891554187,1.568117288330428,6.697870870091801,1.0185237859564367,14.889329265064744,0.9956058291722205
E-0026700,1.6002584971430254,283.00917065142465,35.93999327874061,382.3173138497914,1.3500776510977963,6.141088115858106,4.361721573776386,17.2481266918061,10.713225614831074
E-0026701,1.4388168977455795,238.2516882414639,40.85669780782471,346.0395117091665,0.9906196538007495,8.401164919746265,8.940411387967504,19.657613867544683,26.90022961364773
E-0026702,2.0742397794501146,227.29957473149412,36.18214116903682,368.2056697782603,1.3904821886557415,10.0250771319341,3.008948581706446,8.243348489855155,11.231506893688298
E-0026703,1.5761708258301894,243.79287131957858,64.07085711810106,335.0936248473984,2.2475719297768335,11.14550716837303,3.3503137277259896,9.98668320369408,11.053604589160072
E-0026704,2.248440854850874,280.78088157331405,26.496435524116993,362.1737343413539,1.9018052527279257,8.537609069554534,2.026625489007783,4.449556782685354,7.91297664838721
E-0026706,2.5594963554894297,111.24595493659783,15.792625645075727,290.4597014974015,1.7643920661374302,8.419281468528101,3.3280217186353624,17.034785840409597,7.6794592552258925
E-0026707,2.2549856691334194,97.53819127561829,14.810692218630198,115.75815352025054,2.0568320441451884,8.239596298071731,7.818079255688558,17.953928214822167,12.899553550201645
E-0026708,-0.48063692545887743,227.45402345716664,1.1937830990865035,8.649178651253305,15.80234050408313,26.81972285792675,23.206160998676104,4.877051925725397,44.986436339012585
E-0026709,2.334971478404108,114.57052064465478,9.791815218361247,109.6199481182895,2.4203326961080514,9.70305668498683,1.767483883259813,12.474683258641308,9.513730637200567
E-0026710,2.334971478404108,114.57052064465478,9.791815218361247,109.6199481182895,2.4203326961080514,9.70305668498683,1.767483883259813,12.474683258641308,9.513730637200567
E-0026711,3.3344213007190184,58.99081838692217,15.162280297217182,111.02547914011967,2.2544385871458297,9.299818731453932,1.3758885422771536,9.879375803449589,5.798548306712525
E-0026712,2.2293643592100167,151.41639661291458,7.976862537403358,226.21129915312906,1.2104010112625094,8.123696397640755,8.24587022394786,17.79540962653389,17.81740431752023
E-0026713,2.16357665895998,154.97858843880357,9.299657635116718,262.00880710277073,1.6282218011771326,7.519441995622951,3.5691663265564357,15.07586983079361,16.005789470581796
E-0026714,2.16357665895998,154.97858843880357,9.299657635116718,262.00880710277073,1.6282218011771326,7.519441995622951,3.5691663265564357,15.07586983079361,16.005789470581796
E-0026715,2.5809031047785767,164.26671131708207,9.46546695158848,242.02058872746585,1.2104545682417285,7.933824306777657,2.9977751378571043,19.53891327082991,8.33856952384128
E-0026716,2.5809031047785767,164.26671131708207,9.46546695158848,242.02058872746585,1.2104545682417285,7.933824306777657,2.9977751378571043,19.53891327082991,8.33856952384128
E-0026717,2.3432733612484977,136.019422534901,7.662073359437689,141.85609276997195,1.1830126139134243,7.66593003700455,2.8719396413073777,16.725058196320216,6.857987094370872
E-0026718,2.619150876167809,153.3866850121061,19.009457852770147,227.16696147449503,1.4711454078010247,9.203520981931048,5.724850878005357,19.05672078056261,12.968626283332089
E-0026719,2.619150876167809,153.3866850121061,19.009457852770147,227.16696147449503,1.4711454078010247,9.203520981931048,5.724850878005357,19.05672078056261,12.968626283332089
E-0026720,2.637984288093833,75.11941309118814,46.76892695610288,740.5239962599171,2.090798632303679,8.54174570708431,0.4901341202599178,6.506384104676229,4.946121904647609
E-0026721,2.637984288093833,75.11941309118814,46.76892695610288,740.5239962599171,2.090798632303679,8.54174570708431,0.4901341202599178,6.506384104676229,4.946121904647609
E-0026722,2.4250230705316786,136.49409136650908,35.44189858284381,252.63091911870535,0.9141562781405173,8.178523369391211,1.2890626833241936,14.303581420138615,13.43809207214853
E-0026723,2.1493553073796883,254.66125851277013,14.12416487078708,257.45403447267046,2.313538243085976,7.078216667956136,1.7846464288827546,6.40487663838097,12.2574518955753
E-0026724,1.99187520723718,270.2310898797537,28.892032950754135,237.4398999710954,3.9344806098087077,5.2874265546278485,2.5255413875653487,0.4941997026950331,12.669532740840003
E-0026725,2.0814513348729573,263.58948287124633,40.98876661594628,251.30210219639022,5.866732746649528,7.171167090274526,3.149429962605711,2.3061456469718182,9.721453031103284
E-0026726,2.0814513348729573,263.58948287124633,40.98876661594628,251.30210219639022,5.866732746649528,7.171167090274526,3.149429962605711,2.3061456469718182,9.721453031103284
E-0026727,2.6335927099931205,182.12258386898102,19.394638875003544,273.59440434622627,2.2867900624258906,4.711641338061006,7.537534024043463,5.390888251867697,12.486501355385967
E-0026728,1.7699929210341407,272.0933963104128,14.447596071069023,345.186125555402,2.827165670835711,6.58291938364913,1.7421669771969124,1.2010983815232632,23.06691208833163
E-0026729,2.4877100595599613,270.0834487354319,60.08118682255763,435.50028725364353,3.1546097532044484,8.260024276540081,1.3809197524149035,3.341762897468703,10.288377920158892
E-0026730,2.8898811581800548,244.5440968999496,77.09634219096935,332.65797669785513,2.4573503744637994,6.077138263927165,2.8441507793092646,3.111936230515016,12.726556020204248
E-0026731,1.6709366338879712,266.28811670548106,11.423150678709877,267.0557979160643,1.1190608408936153,5.1525025877190185,5.219082496168849,14.047344802412667,11.94942813151276
E-0026732,2.3799428235813203,146.19321855003864,45.929866491114666,407.47628117255766,1.6983401044459085,5.676837190010542,3.1995894148816637,8.973786031463455,6.950246824638277
E-0026733,2.076701003713336,281.22738161398104,49.0641084728697,596.9839117637906,2.078833494639796,7.195914279773183,2.5348106735558624,5.204878821871578,18.101304826417234
E-0026734,1.9910314746820132,260.28942909752266,17.66256304612977,484.2585129720111,2.50424434526591,7.412973158084739,1.8009865988533083,6.454017375558067,15.316208139046276
E-0026735,1.9910314746820132,260.28942909752266,17.66256304612977,484.2585129720111,2.50424434526591,7.412973158084739,1.8009865988533083,6.454017375558067,15.316208139046276
E-0026736,1.99187520723718,270.2310898797537,28.892032950754135,237.4398999710954,3.9344806098087077,5.2874265546278485,2.5255413875653487,0.4941997026950331,12.669532740840003
E-0026737,1.979956291913707,264.1897831385689,16.24184870714704,154.6595301464335,4.980303858286013,6.659311578079123,8.725613626393484,4.200536187112557,24.675398724028515
E-0026738,2.693031125266822,238.14742829429093,25.314638037659854,286.3708352518342,3.0701259008151616,4.824961420995566,14.869203961782517,5.418623268249918,22.370757964254974
E-0026739,2.8645526576683484,205.13844302094225,35.03544648421015,306.40415041767704,2.4241485361482056,6.187975290983589,13.166268428532536,2.625898387894775,20.619863884763244
E-0026740,3.532477172251481,191.18934285114844,32.08530477347825,379.44551340954246,2.424258645177805,4.461599880591901,9.84936943245468,5.3418913365801055,14.656533084308244
E-0026741,2.4090331010013952,253.1766304484995,28.043027207747475,258.44052711685435,1.3222824875182955,6.201373590804831,1.9844340151530877,1.7560271128531204,9.148260292377175
E-0026742,1.9538365992698412,231.79698058528626,47.61158651952412,546.3280722356714,1.4150853655960753,7.374716480913761,3.7145583550856527,5.7017957437320606,12.060787191228279
E-0026743,1.1859279535508989,254.37498039566373,12.436202461461578,263.5099678805606,2.0827745641013435,9.50242688095664,3.600365805972106,5.835298994449677,22.879361906897742
E-0026744,1.85073206729389,294.05451948627564,17.063179904643377,258.22453313097225,1.9248771602741188,8.119270998236146,1.4617540952730186,3.5202276230466927,22.33928304969482
E-0026745,2.224039720371625,284.19715173726826,19.03281190053418,222.01309414779425,1.836237466955819,6.477113289935715,1.1291962473251325,2.9431404551981957,17.677235123593604
E-0026746,3.4688055172007544,216.36112639682844,93.5428867069038,496.40274277982013,2.1482927275831414,4.284802061951369,1.0719260674052256,2.4563310198922577,5.656400105934554
E-0026747,3.967103268577003,79.5297651259948,70.57641076546994,650.6557148946885,2.2686512941608763,8.884161923499542,1.392408639159473,3.5294444241908995,4.134387693608377
E-0026748,2.7264194122142555,188.6435417003919,90.91676853948515,173.0613143772339,2.1858776173935,7.682504227956651,2.893703650276987,2.9995924735219,9.398206552752502
E-0026749,3.7994931103843177,138.22995762145115,141.31243523469732,361.70928226627547,2.775721810694434,5.277291244854624,2.8110125983740457,2.599789429316283,6.611840230639501
E-0026750,3.5821526926118716,186.8502973040233,133.72527843115,672.754550779741,1.8868701887909471,5.368511742615343,1.4543182572680085,1.7807242639162655,5.7456933164760535
E-0026751,3.5821526926118716,186.8502973040233,133.72527843115,672.754550779741,1.8868701887909471,5.368511742615343,1.4543182572680085,1.7807242639162655,5.7456933164760535
E-0026752,2.8058102594602268,198.36513150897656,110.95604193304028,237.59508988589346,2.602551400433946,7.646281980184297,2.6517008705766902,3.081819000837206,9.681205782404998
E-0026753,2.964755024347756,232.5171400314637,76.83448499720329,191.03760473419476,2.0241522516414028,7.815578578197812,3.047213685074933,3.402600943839378,9.421097973630165
E-0026754,2.760491135766584,205.45593796343798,56.87907459772474,310.7346261227351,2.426973849683671,7.566951591017531,4.615396898696833,3.6776342611620536,10.451948637357203
E-0026755,3.3428319342125863,198.3054433145136,68.16628853755275,1024.2105932635307,1.8385438402369811,5.666219151213436,1.7849321904896334,3.3933587250692243,6.289253337409316
E-0026756,2.9352525713234416,149.52876478822094,98.18168346168798,220.99853095380053,4.288936810558421,9.577503189624125,1.7795966559522753,1.7009921460605375,7.923898464567492
E-0026757,1.7133509288805207,141.1666532092291,7.944393129629979,79.748676641854,5.018776003653585,6.213881302279503,7.186218935537923,6.7041743918385155,28.10792126962464
E-0026758,1.8997813839084199,163.95389012060457,17.46890215830063,239.7033992943915,1.325378169434607,7.061354150609214,6.955262806954062,18.358591479507893,16.402428584660083
E-0026759,2.681581765358251,106.26566397956202,34.33128211843984,65.3441015475228,12.917021831124108,5.395524447322471,1.9453471206299038,5.0186551059396844,5.949666748067101
E-0026761,1.4302498916784137,208.7287722937836,6.5012477993859115,99.67592125816871,1.1943486391376763,15.969386761184072,5.371128772390079,22.85966380960719,17.92880876654157
E-0026762,2.492241215391856,78.75673998365583,32.82335567540142,545.8705338986753,2.1667759843350405,8.963835551123625,0.5000196291499711,4.982746381437443,3.944143375210424
E-0026763,2.3677326989428815,85.50267224066926,13.739509048514195,712.8800954032008,2.855393486556004,9.287194093729383,0.4268857677458081,3.9980203844510664,9.370576596139298
E-0026764,2.2959513539437477,97.9570679074182,12.676915743943963,670.6221585993719,3.0646589073672814,9.478464822131226,0.4982477132471053,4.106538179797533,8.54164344041837
E-0026765,2.492241215391856,78.75673998365583,32.82335567540142,545.8705338986753,2.1667759843350405,8.963835551123625,0.5000196291499711,4.982746381437443,3.944143375210424
E-0026766,2.3677326989428815,85.50267224066926,13.739509048514195,712.8800954032008,2.855393486556004,9.287194093729383,0.4268857677458081,3.9980203844510664,9.370576596139298
E-0026767,2.2959513539437477,97.9570679074182,12.676915743943963,670.6221585993719,3.0646589073672814,9.478464822131226,0.4982477132471053,4.106538179797533,8.54164344041837
E-0026768,3.1620493881898524,103.04916928732999,19.400265740997096,619.8900269407095,3.909609402337989,5.081346001715157,0.6693736329313428,12.519955641332375,15.131666637989603
E-0026769,3.354681895062175,66.30891903490689,12.952648861981022,854.5110409047666,2.8711749023278834,3.7886918564873264,0.24469902405419397,12.129551661046309,14.041453222313212
E-0026770,3.299237240601549,80.56167021724048,16.406391024692578,306.46684201793624,6.103326126879887,4.683086218756007,0.6003238053536232,3.8800168671205837,13.639162648859946
E-0026771,3.2108002424472946,89.93204128540441,30.248398346428484,473.75624047518886,4.483257609753111,3.125581281552752,1.5710840244394335,9.8378475704679,8.358351423041995
E-0026772,3.2886479631028434,90.47254541794369,29.780292366339623,124.68641220244163,8.011558848598083,4.027707721916681,0.469520273260409,4.402176093570834,7.208900714191385
E-0026773,3.6816510176660673,71.40681449710632,24.102918581661246,83.61894487869446,5.308792542683914,6.9597764350978375,1.5275922346063715,2.052726916305189,7.015182435474145
E-0026774,0.25692067725098344,187.65433170517682,9.972173499678727,176.38492157327335,0.7785266032075878,16.19081256619555,3.5691828092809965,22.370472258622947,13.12586224412305
E-0026775,1.3060573804535849,245.35572753464243,34.04606316576335,209.91291894945246,6.631316769302246,8.51480617476914,4.821189890302582,9.596931698202098,13.145402429448934
E-0026776,1.3060573804535849,245.35572753464243,34.04606316576335,209.91291894945246,6.631316769302246,8.51480617476914,4.821189890302582,9.596931698202098,13.145402429448934
E-0026777,2.3231858470577142,228.45898844433796,10.183562211919206,220.43869499291156,1.7736386274533722,5.6605623233517735,2.173234378651702,3.7272070348999384,13.916346827766986
E-0026778,1.6605537640784451,254.38082720935967,21.11382409105913,312.2613674472513,1.6884714846478397,6.246620878899889,2.7316812050923147,4.651943133149631,11.267732028307435
E-0026779,2.0622553701981534,187.01445390507178,16.982558963911792,370.7620938990771,2.1524157681130496,8.735112271408635,2.8891545948256407,3.3844270671139283,20.853595521171247
E-0026780,1.6354975384677044,247.50708241137073,31.680704285650783,396.1618008725733,1.1012850916898629,6.777358427719584,2.7768103762435095,8.543420811337217,8.06926898961244
E-0026781,2.643260104444888,226.2859440232297,24.92873722007231,300.201648833367,1.6519402655697661,5.6581609635841765,2.5469251513785416,3.05097507963463,13.984711166543992
E-0026782,1.8703535799808662,213.2321051797519,52.973469460350415,255.81841649826677,4.29182369715071,10.07964965744032,1.4679562636236763,2.624126102085738,10.510104170720458
E-0026783,3.6586147515506275,131.28484222514268,126.11406237838143,403.6667584296308,2.4360556955727226,9.592321081141197,0.9053126409695748,0.8313705812870176,4.735093366098624
E-0026784,3.9803309333415307,107.92082523210622,157.759772656818,576.9671110498784,2.5245693085304066,9.375590882967835,1.7206458613730222,1.6426323843436164,6.680676994496164
E-0026785,3.8372634716169065,136.1361039613096,137.54208938268147,308.5813200213595,2.544940969452774,10.28321296856236,1.4316163619275126,3.6953549855324135,7.364773667607316
E-0026786,1.7569505717633087,237.3868234034244,35.6665090418949,119.24964517985316,5.677714765540616,9.278739206838173,3.619663061952141,1.98641732283259,10.624203048695037
E-0026787,3.606024055512745,106.49572232036287,93.84608762220863,402.7353431522322,2.434493440481885,11.021496642768387,1.4717552575834856,0.6602854160767984,7.387711293950485
E-0026788,1.9337822932245095,232.3722848714804,43.94380564465211,224.83062746515668,5.513395692796107,11.281785799070661,1.0359024451499144,1.4322697103638415,10.99392529624462
E-0026789,1.9337822932245095,232.3722848714804,43.94380564465211,224.83062746515668,5.513395692796107,11.281785799070661,1.0359024451499144,1.4322697103638415,10.99392529624462
E-0026790,1.5271214656773173,250.67255498402773,37.28848385828968,138.21534841026417,7.317154059224457,10.560648252990127,1.9438915783247432,0.6070965542140806,12.828263344698298
E-0026791,2.8234471927233273,199.84054479441807,55.14925442726764,327.4809077397661,2.0211944013752734,8.891975650432716,1.0633487410764468,4.087664204011007,4.8037693392889596
E-0026792,1.7427863974862696,247.02153055312505,42.66983851295654,352.5092526448901,1.433574264299666,7.044618646896744,3.3377820602620005,8.290599953541054,10.502435300904658
E-0026793,1.7427863974862696,247.02153055312505,42.66983851295654,352.5092526448901,1.433574264299666,7.044618646896744,3.3377820602620005,8.290599953541054,10.502435300904658
E-0026794,2.180941808915598,242.73985817214492,25.92503197226298,538.8513758631276,1.9719897577979182,8.456535459238998,1.9442326505811316,5.580323151869401,13.721965804808164
E-0026795,2.180941808915598,242.73985817214492,25.92503197226298,538.8513758631276,1.9719897577979182,8.456535459238998,1.9442326505811316,5.580323151869401,13.721965804808164
E-0026796,1.8136594213397905,250.24287509905574,29.68500931678302,430.96397202283066,1.170928756937851,6.735208470730786,3.5960602936340607,8.311583770041533,14.579851091553703
E-0026797,1.609831330120158,277.791340404299,11.814191128786431,164.2653737217307,2.2698455674902367,8.187311021099909,2.154712673577589,5.8981591352003395,17.699849338419266
E-0026798,3.129355220363621,113.16826239479244,137.89698742849376,410.7058105089776,2.613978254689055,10.42918512106056,1.7353210598299238,2.68191558995524,7.640492628920596
E-0026799,3.377490673118179,166.6087869293748,122.71753672909216,523.1656801408614,3.5935171968546062,8.750801435613527,2.2273398220825507,1.1914967695444147,7.278863104763189
E-0026800,3.622283875896758,128.10099911745786,193.45278846158809,698.2937579273303,2.775092634207167,10.41268687624703,2.4965409375031347,3.509403687148849,15.12455801020279
E-0026801,2.2434950318106894,206.24900600220093,57.80289814180703,222.1954649275053,4.23553675232584,6.859737061747177,4.042869921982337,1.5658999865934222,14.568760342440724
E-0026802,2.1802765869119467,205.03954462754507,88.59618721245634,477.31444078751855,2.582342284650702,9.084415347660798,2.144310358889027,2.533904288290138,8.02328496665919
E-0026803,2.9637746603596513,220.6381056744639,48.4011915588464,211.87727860228046,1.753017754887076,5.9468912686490665,1.4939351817169955,1.3539794506943115,10.883953848242914
E-0026804,1.8195985090885052,254.47896433023473,37.21834350709515,321.4688143765058,1.5043876714870756,6.754636583400267,3.3754253884335355,8.978632000547165,12.1452026485392
E-0026805,1.8195985090885052,254.47896433023473,37.21834350709515,321.4688143765058,1.5043876714870756,6.754636583400267,3.3754253884335355,8.978632000547165,12.1452026485392
E-0026806,3.20854605230819,149.4563704846162,17.09969029676269,202.2263629046522,3.9890937546791627,3.415631225631051,1.7590532724058359,9.353504313552932,8.838854700195231
E-0026807,2.3881002249035683,146.34646101132606,14.442989908577228,265.176703541284,2.74674170872273,2.882156609077968,1.7188453077710426,9.204433693335872,13.05297815162644
E-0026808,2.5289694791447364,148.7063944658319,16.583814892116514,276.4896675854126,1.5832180927884671,3.852562906132224,1.6478969360196667,10.40296805877879,17.85738589639802
E-0026809,3.9016662807007894,80.74662293678178,54.64120341785892,151.3232819809371,4.548769882389852,3.8471147911373604,0.6714702611577026,4.442578627836133,7.019910957319255
E-0026810,3.806531565156085,95.27150570141697,48.88967434331003,161.8258905353115,5.342207429764499,3.7700905137061245,0.7044686276939586,5.537205470393608,12.085515553310147
E-0026811,3.7050583306667013,89.19143215169613,45.54704070891719,248.1420485113838,3.8801502759075315,6.054734279395147,0.6629926702205958,6.712638033359813,1.5792410148605378
E-0026812,2.9545664701582863,45.73974992770731,18.121201742244775,287.9994718755201,1.699365461933903,5.627712944599592,0.5457446720789407,11.315509084040794,11.597384494933538
E-0026813,3.4400261294454513,108.86228788126657,27.666018049481337,194.89435214201313,3.4686009490937897,8.456044514129012,0.4803322430018372,8.93668628348632,16.9489056171313
E-0026829,3.814592600731654,102.20754515056178,48.13040736288629,102.45592919490909,4.527192166612295,4.132371827664754,1.5391328941480504,2.770642111312355,4.245445785019115
E-0026830,3.5689230511351764,100.24288990559316,30.677785651281912,194.4433392662974,3.266270877542206,8.364848890523687,0.46860037584669795,9.062778702577956,11.542252553884797
E-0026831,2.517016803337849,121.35537876881932,13.567419226306209,247.3249546596639,2.2575021398749566,5.541226443355033,0.5122261724291107,10.005614302589407,11.157832839323905
E-0026832,0.7906257188104362,138.45422312054524,12.200118042821735,310.6274627547512,1.0161101535161616,14.258085356411085,2.5744212211767983,17.891085469935398,10.225311208460289
E-0026833,0.7906257188104362,138.45422312054524,12.200118042821735,310.6274627547512,1.0161101535161616,14.258085356411085,2.5744212211767983,17.891085469935398,10.225311208460289
E-0026834,0.8562729132417719,140.9973771009279,12.890321571458925,325.06580312979185,1.1484218769627452,16.20225342340398,2.447432658128861,20.430216836312503,9.086146556342456
E-0026835,0.8562729132417719,140.9973771009279,12.890321571458925,325.06580312979185,1.1484218769627452,16.20225342340398,2.447432658128861,20.430216836312503,9.086146556342456
E-0026836,1.4482227157178431,146.83967230790657,17.930517584544273,178.9466474246228,1.0113254073434002,17.62711337439652,3.6721594490929013,21.890933018180107,12.742833377190735
E-0026837,1.4482227157178431,146.83967230790657,17.930517584544273,178.9466474246228,1.0113254073434002,17.62711337439652,3.6721594490929013,21.890933018180107,12.742833377190735
E-0026838,3.5314066111611178,204.27305517327204,108.46411775868843,1003.9079629845485,2.6425145832261183,4.253801378193378,1.0287796084055856,1.460343294519298,6.465143860272174
E-0026839,3.5314066111611178,204.27305517327204,108.46411775868843,1003.9079629845485,2.6425145832261183,4.253801378193378,1.0287796084055856,1.460343294519298,6.465143860272174
E-0026840,1.2137928925330808,214.37911148960453,53.27499164985859,182.59420754549478,10.368081013218996,8.75482558997754,1.7926548878382158,1.874407703213611,13.004851696664948
E-0026841,1.880979912873741,251.08058728762998,34.28929028637691,152.11076313037998,6.355589150926768,9.958964996730852,1.6500896468495894,2.15875947427232,12.378529622728625
E-0026842,1.880979912873741,251.08058728762998,34.28929028637691,152.11076313037998,6.355589150926768,9.958964996730852,1.6500896468495894,2.15875947427232,12.378529622728625
E-0026843,2.7850870388888898,223.56037728374156,68.46826091022406,322.03355171989017,2.2146275706820853,6.066715541303823,2.7360417874163527,2.699069600043846,11.352599703298466
E-0026939,2.9439838636120146,180.56056748639494,80.49342108292585,220.5567421762353,3.2494722384267836,7.952471965457356,1.046604849339644,0.781014069003587,6.146077419006137
E-0026940,2.461799056522505,184.28651073180654,39.22107459387667,235.4424749147407,3.4730726064059243,8.025490315228417,0.8196227105144323,1.2186089835308431,5.900754739590329
E-0026941,2.461799056522505,184.28651073180654,39.22107459387667,235.4424749147407,3.4730726064059243,8.025490315228417,0.8196227105144323,1.2186089835308431,5.900754739590329
E-0026942,3.0130814168057345,191.80453911742381,43.69133813995523,261.2800228622894,4.008083850453645,7.445617883535993,1.3269664583677632,-1.7437559175491448,4.974804641795226
E-0026943,1.33187983982756,259.31241296267933,15.030955516402582,277.50004953102774,1.8408800485218644,9.421375907864228,3.0417623176037063,6.697758065637593,28.172534754002744
E-0026944,2.517857293522653,178.74365017228968,32.10395342513249,246.55447411625192,2.4813051039992873,10.992196540955934,10.130589963933984,18.409928220362687,22.83822153234659
E-0026945,2.9439838636120146,180.56056748639494,80.49342108292585,220.5567421762353,3.2494722384267836,7.952471965457356,1.046604849339644,0.781014069003587,6.146077419006137
E-0026967,2.4204591320908286,143.21960100089524,6.961302316386426,189.40097415403272,1.1560050512956417,6.908451033939226,2.9318578440325687,6.155775959627582,10.599864121421989
E-0026969,2.549405212752503,236.69747004929908,71.49663253880534,590.3436760756381,1.6445627729182597,5.783332197966245,3.9682034535871047,4.348868068817337,12.390983532643451
E-0026976,1.2232913783093857,164.96615354948082,10.442572052890625,179.07284542147917,1.0328583597704255,6.1742664144930846,5.7114272883558606,20.604295927789114,24.400775111638808
E-0026979,1.6101095409038608,268.5450360303241,33.6485945844653,391.59503167256383,2.1762708979184726,7.963944898345169,2.5445577990223898,8.28878352671888,15.642767344048558
E-0026980,1.5219358381705683,199.8519498572516,12.058297484948692,225.69639867855958,1.2294340517260418,4.25593393795873,7.390502086747245,21.542284097151335,25.366227811191177
E-0026981,1.5990147313014473,146.7376741919478,7.960081772860062,95.40019883717306,1.2771901354209139,8.499852131832473,8.947395922085384,17.701697436970903,17.16114687723492
E-0026982,1.3306713058104345,171.4297825215141,5.902006589556708,177.3635637935436,1.5618938052508684,9.770737993248137,9.47399111584099,18.73806099043987,24.678315438025876
E-0026983,4.1409583400492735,92.27245641937051,22.74876188726716,75.6149317593967,12.564552632658339,8.356071893609213,1.4772038441632225,0.6597709074972654,13.734997063732372
E-0026984,3.8299492208772565,124.81646790343082,32.98901591061988,126.24888904045936,15.867952447957137,8.588674306553814,2.473094885503496,0.7616751645134477,12.056507931450467
E-0026985,3.630803753157232,13.321659915286698,40.4268939416626,310.42682379230166,3.205802783110751,5.7416084127417655,3.85196593550299,10.347200237309007,3.289486240233218
E-0026986,3.627598338874721,36.11588826955914,52.77535193921333,183.93110463297663,5.6581615026228365,2.4024829778629058,1.8152325458166032,5.391143614497999,7.731862671988254
E-0026987,3.078742090434611,48.3301822948289,26.15095705881885,28.784149439627242,12.857409685562548,16.013209786769078,0.7613773870010083,2.623624124637961,14.058485495005423
E-0026988,2.6930102639558027,50.85370357287297,21.725281780244398,206.1531477643188,0.7113382711546821,15.734323701362449,4.957817854128501,21.952178092993286,5.700180485361116
E-0026989,1.981362678546616,119.51604452169151,15.216090600937648,219.37386856628487,1.8317961744366689,8.11935392423916,2.516006162349105,17.731077487994934,6.682788675856839
E-0026990,3.3641792394690766,85.74429965232095,50.89192660540013,46.545908942305765,7.700002878191291,10.137994561424318,3.3154257199615733,4.406425550303477,17.607334702565492
E-0026992,0.4800840064688807,181.11212411127053,2.5396182517317976,119.95820360470998,7.383756101947985,12.124600336240064,4.821993137042696,6.751736716083539,24.762307369051815
E-0026993,2.552743172376707,58.6559984542092,84.3463909500685,106.3388365654451,11.083498149945239,9.830676445623677,2.3293211902643707,0.18193768095609106,12.989751161616038
E-0026994,2.7529180782272893,72.52229267143711,30.705668181811106,851.1808663689482,0.7690779078696309,1.7460457481480138,3.6082287675891958,20.031495351617018,6.5011049836039
E-0026995,2.6061399360498356,55.38849976000411,77.34950005821179,108.81667526649568,12.729014364884556,12.228540339527012,2.131473475861495,-0.2658737846465945,13.11095445130378
E-0026996,4.329838561316024,73.93757199971539,99.90275643101806,278.9956124064748,5.914558802221922,8.97914325271355,3.0889445303036442,7.709363691402549,14.407144516480079
E-0026997,3.6330453051319207,64.21412843483854,73.50663239757269,178.81428245903115,22.319024049591338,6.222202608060044,1.7129633391862018,-0.42867100801972147,16.56183281336425
E-0026998,3.477156898933362,67.07178505684824,52.793223798346034,137.00864289412095,21.80408549539768,6.171197165912569,2.228996173391637,-0.6335552363247869,15.989862465776579
E-0026999,3.84457204093766,48.23679834535467,73.64480158418523,165.65155521710273,12.869663996421922,4.920880035554225,1.4473886550400525,7.123802579297491,14.452646333686392
E-0027000,3.73580876708,46.04301908017604,58.363696049820405,209.9599875742241,15.03650650405665,6.542744881224374,2.006884539452539,2.513772042916127,15.305243866683488
E-0027001,3.7873410912899645,46.265781290062,68.41603399616683,237.2869976081611,14.758355736731097,6.681431537870978,1.9357425692581332,2.362619407919149,15.27913655543471
E-0027002,3.885884270838539,43.49774109942065,79.48239532485388,247.80993143535565,14.08805911798048,6.762693903766424,1.9502193942085122,2.3590689835305887,15.769815739535932
E-0027003,3.6316661989027192,50.70910557086039,49.67348906088569,178.81624538059216,14.02142763072658,6.582203189630543,2.495539980202971,2.7726995779814,14.77018786769811
E-0027004,1.3591721534631112,228.28527324123337,13.863959328628514,61.04962322188152,6.475095802516231,6.788479565677685,6.389114472259781,6.904280780908308,24.381993563710274
E-0027005,3.583350189300949,25.484266364259945,44.71060563078712,344.0377953176238,4.482625721943975,4.918612615784451,3.8720763713441966,8.031889579628679,2.044364264008775
E-0027006,1.2558997960553655,112.43912841806454,16.20685838451085,161.48332244269795,2.247508987698814,12.283773093761157,4.06369742146591,13.195409974241173,7.716443630521463
E-0027007,2.408627945085385,116.67870123330525,43.76208942139701,201.1330447721857,0.6898353629547631,33.1202610855167,11.694618303835863,27.575394107683024,14.292622587615988
E-0027008,2.597959644291244,50.45801831054862,19.627196711292907,151.65289751693152,0.908304982021599,17.252265190817383,3.8699469373183546,21.404724370573955,6.3428194085093095
E-0027009,3.152491499129938,47.47197841142089,28.967712497305854,664.2573728229827,0.5859300579738421,12.965228661921769,4.150920942118922,21.120067783888754,4.017694037259692
E-0027010,2.5387492451965836,54.75626578479634,59.355753405975264,92.47682862830955,8.67493652206306,10.813026438369498,2.970303169092602,-0.4154353212794253,11.68595861517709
E-0027011,2.2905490058859312,63.94804427024471,33.38337271762592,138.5390909438868,1.3204482521449645,5.769868442131632,3.392059841396507,15.707686340961217,13.283276819441971
E-0027012,3.5411280017871483,108.05170437091549,40.08031160703414,110.84289724435105,5.0239265626877145,9.870088613572786,3.1298387018744873,8.450641895017238,16.89364990881703
E-0027013,2.969579039539039,107.87797636500383,16.06397594295696,35.87370180255766,8.432713639506765,10.200713626763607,3.432705538317219,3.9734352878509536,15.822006900670408
E-0027014,3.2456129702703898,123.80847818824164,17.35725736906759,38.73560939810052,8.90103884012321,10.201939631990582,2.751350436923385,3.562220615740292,15.209302157181954
E-0027015,3.2096791173194337,78.67795076176543,55.562721294132785,268.2138780435039,8.72161874077049,9.127502418513007,2.081828975197058,3.309342571332168,11.193487406695322
E-0027016,2.960066700718453,105.56525212716028,37.914431751440105,231.27354278634647,7.202769919726324,9.661224898249426,2.9521583066696304,3.2041354423607076,17.76102650208675
E-0027017,2.441539417060925,105.22112834011058,14.38293123792914,72.06437155488138,9.818761492907134,9.77190342218759,3.2954093503024224,-0.8578412105970061,17.379796560232123
E-0027018,3.4247405936593465,91.95068697991607,44.41707291233734,331.69964850100484,7.02291914859883,8.894481698519826,2.894963194349166,3.4958639415280417,14.1187127985057
E-0027019,2.081214233189167,144.92525057822385,14.029470194772392,32.16374483395593,8.44621750892434,6.820810789004648,7.831759877291721,5.368282601228469,27.556409513080915
E-0027020,2.088733429668858,105.68063412348472,17.002628682997617,36.5791312030134,10.087501942626107,7.140845074285179,8.30886555138059,2.4193686475335427,27.61095711153231
E-0027021,3.6461259664387358,45.0513765526343,64.62657326126882,157.52236742447286,13.067700470548393,4.930698227951038,1.6127833623005032,2.9877160810236627,14.79223927152705
E-0027022,2.051136091465503,144.65985896380494,30.257183468459793,90.62790860299107,6.536511605361959,3.2134489200876204,6.85513710365359,6.79627521852091,26.07063178487549
E-0027023,3.8075703384755775,66.92714832575749,81.81327508270999,87.53361116189605,14.217396352234655,8.62084663522819,1.8010942062343398,6.455482795387693,16.402962779134604
E-0027024,3.8352693499408876,34.2215649446906,59.857999886134166,587.5562492854564,4.01977710460393,9.29358200034445,0.9747415496958214,11.966404786454705,3.864952347110468
E-0027025,2.925103990127704,96.06213787175474,67.23152296255789,721.6336581777823,1.6957193431603241,12.509173673574544,2.9303668008038293,16.61798541521076,6.7782574766502455
E-0027026,0.9502348555162754,203.137546865448,14.865928395220871,111.76131365041759,1.3354303226495972,12.51963441131858,6.294565599598402,15.17155140218071,17.03334453076217
E-0027028,3.661829618637217,78.61705663798313,31.708150650664773,169.6612061684396,4.800421358455633,6.823510716775607,2.6178018203788134,6.39109223487516,16.282427747023192
E-0027029,2.9222149062890064,72.93571504388625,15.687232469025266,31.86907897872559,8.356011286960262,6.683363391035374,2.342787520345291,1.2415743654875941,16.288785854686118
E-0027030,3.7985048026324653,97.64168627264844,49.834567928013456,245.67642326423297,7.344272903834851,8.43604359506317,2.919253788128969,7.162312275016706,16.690768806607636
E-0027031,2.8565646116720007,85.31422940271077,23.015705403409523,54.304952952558494,14.550673806001155,8.495191223945405,2.9460780449160153,2.450652067097527,16.84651725431238
E-0027032,3.7324992819583027,123.35076305885448,45.12130404572529,116.45557096486151,5.515055771848387,9.871777907347184,2.7621253466878337,8.258659521109728,16.27202316998882
E-0027033,3.8977448554132206,81.04288615642926,38.95317753148325,138.70443980159135,5.513669827628165,7.007308601694607,1.8885472443898361,6.220191448740913,14.259822289836944
E-0027034,3.33182851583582,75.50459551772242,16.796261433993052,34.12205032192513,9.646713580551937,6.93194453114732,2.143195881192383,1.5573207519707288,13.712309584786755
E-0027035,3.9636435468711815,97.71383136569855,56.43979767577981,181.8816976552517,6.9405575546728135,8.552137434141615,2.426264567291011,6.788442608523748,16.270749163052507
E-0027036,2.9792062960930767,90.76782229616788,52.8746181659832,230.34717840869402,6.398090321585116,9.350635589173937,2.6525951185762646,3.2195993435291443,11.65754323216318
E-0027037,4.50006057124115,44.66395470694365,72.04397886249596,129.58500709297476,3.358972674286843,6.841389249938061,1.3239112713641337,3.4159479096806575,6.6291289626114915
E-0027038,3.04743882011589,55.992293499957796,40.61439462301662,141.2204362191601,6.148919786052873,9.069332552407692,2.6008849677292103,2.773107441736057,8.895945751563147
E-0027039,4.166001763005051,74.22460123276502,120.5450169565031,262.73451683140945,6.194410334360692,8.782536674534697,2.7715010737583987,4.457989675021793,8.659411100038408
E-0027040,3.2130954715280566,72.17589553174287,31.30690322776605,206.87256647738968,6.075070544799243,6.92400501595594,2.402911694320258,1.5385629338596178,10.534779368673655
E-0027041,2.5359919634682875,89.34705383896497,42.634578279181056,153.24596922279142,6.570665121760736,9.610289763653741,2.237591430788967,3.253762745086721,12.583025920549158
E-0027042,4.488506582607803,45.12124133901301,72.574522838403,129.46077075961261,2.581516222645598,6.873214814654789,1.2055611791671292,3.832530504107311,6.779208427314536
E-0027043,2.4837463320204263,127.69974142677836,41.9746214430937,103.9199376206304,3.5663911375387514,3.5444953044752987,3.0495307667066025,8.617315367035536,15.821647845692596
E-0027044,1.9418155635957455,151.41743713854652,10.748206744155738,31.709275350930028,6.843570768565776,5.743800816505353,7.557971010936787,6.1302994768853285,23.713378880935906
E-0027045,1.780721025342837,177.58442515351442,7.393440030986443,31.260742054478523,5.874589731346181,6.123797921641311,5.8909922902922425,8.224688455475967,27.733142732322275
E-0027046,3.779039648802387,53.98576519812866,58.37207989157206,163.11285359083124,5.190279173047562,6.693083687295539,2.067878493364279,10.948696348424683,6.394313233130852
E-0027047,3.2423877588338597,88.25590142650944,24.839955649165827,47.158589037906594,13.939586852368421,8.608155278761485,2.2508470888694725,2.1422517397471545,15.888520441511345
E-0027048,3.096718097096171,89.98380098199426,60.7005452838042,244.02414298510408,8.199470082963822,9.523646224305217,2.207642367090291,3.3772995577841813,11.395345828422283
E-0027049,2.847487427347508,90.09466067487543,18.276556229508557,108.83645950505141,9.766689865017554,9.556715099244279,3.373867910515597,-0.09483308323897255,13.030886557078093
E-0027050,3.117976191262943,65.99738232632282,47.120831255694355,164.28870256032818,6.33514559259798,9.203670046825032,2.600906284230311,2.649817408628496,8.899553710029988
E-0027051,3.291665297322684,88.02990227336443,64.5457622317474,326.2843829400849,8.963793705904475,9.223955593935369,2.0588788477587814,3.142855334601769,11.22529096481526
E-0027052,2.3286405035852407,69.75271777016252,23.777653872503098,66.12942281093966,16.995828558628006,8.51067798573486,4.143527309554737,-0.9385563503604124,18.066315991661476
E-0027053,2.4622346654115232,52.725346694381024,13.353821160790615,45.1616841714615,9.931466162239047,6.606060787972012,2.370378885996974,-2.1894412208838574,12.565995048988789
E-0027054,2.8346173778292916,52.90705821720067,32.65850193720337,110.43917851833851,4.786891756723074,8.94004114401363,2.216582657408871,2.4346484111831312,9.952357079115359
E-0027055,3.707714059904527,69.27769250958632,144.64119596102444,168.36368803625078,19.212002019276106,9.614802338470668,1.3448710726643185,0.9894055271160862,15.414769376203596
E-0027056,3.7785019522286376,69.19426778397968,146.30901595418143,103.66714769716337,17.922090056831784,8.546648059194649,1.5883500954683112,0.6230691178614565,16.586502613953282
E-0027057,3.8312393293669933,68.83771244252044,117.29669842680933,68.84705820285934,17.878217687508744,8.78001308380729,1.9300143620328845,0.8162354394353768,16.25844461401804
E-0027058,3.527946177194637,40.23430753760571,29.46797954754993,61.07114717033164,9.042939214591865,16.192046988939477,2.620554393464728,6.64522533098474,15.273968846946685
E-0027059,3.292219026349956,51.396389338079835,23.821008204128958,28.134724243149826,11.733110669531206,15.906125850502043,0.7218125348946718,2.3578186942651707,13.819648616964571
E-0027060,3.1098484768579038,73.61255353370431,48.98487485589031,250.4480825703638,6.683579921704107,8.99005860403049,2.513928370908499,3.1022149208369116,11.343020714333225
E-0027061,3.9550159240379905,73.78462406364652,146.52138014627852,101.02949876158931,15.583770657027161,8.416681486140035,1.7562200085939528,4.63731672269305,17.79496862698388
E-0027062,3.864540132035205,66.77820418182627,112.878397864058,117.89994563372655,19.581013907140488,9.813462288996513,1.6542869164151044,0.9279750452440916,15.254221042459761
E-0027063,3.8808949715085426,67.09818730634264,116.69812216531064,139.86029995300652,20.19381779686313,9.781317603375012,1.6420063022990419,0.8652566713783449,15.245197852915084
E-0027064,3.397207095365385,52.575609573677525,62.354357657832665,102.95440640100628,10.884128601560167,6.070529987086454,1.9435457909299232,4.131166959205891,15.510816872615624
E-0027065,3.4185092342442847,44.31203270756658,55.733716053019165,80.91016525854381,12.08906520952629,5.806096708285313,1.664256928672292,0.6170289206063977,14.509514618647817
E-0027066,2.9819789701630546,86.0439820882787,42.34763778773365,77.82458466536491,11.354872884147191,6.458711551982518,3.138113414385176,3.9672376324419587,14.393331958065488
E-0027067,3.1936992415152634,81.6337514075619,49.37295833706939,87.42342148615325,10.951702632267942,4.726624166983206,1.5779363145940881,1.9713783046821811,14.420321121128776
E-0027068,3.7430848388481444,79.79482082991173,145.24127143727844,214.91768963330972,19.135995798805926,9.589058853973597,1.54200449451083,1.0263564348717946,15.145142552075612
E-0027069,3.878624764837115,66.00239661116565,115.82673390001072,156.63453575050934,20.329195094915804,9.781317603375012,1.6420063022990419,0.7793806967632992,15.354000565574998
E-0027070,3.724146832652986,84.37439353934958,34.25590418545151,67.25680364205806,20.17925574720912,15.445158094904627,1.0914354670285444,1.4646377420230767,5.230793064665519
E-0027071,3.871634060424343,82.97298676241095,24.69875809135514,53.437080630275155,17.78323893702654,15.023515585752646,0.9262237203567729,3.029084900091625,4.933699111039019
E-0027072,3.062457748751819,39.91247693723818,28.52627441840889,41.506415908872555,22.100380615215254,17.84262510167271,4.173935256543175,4.358437015127251,15.51150208255173
E-0027073,3.4179820280355577,44.934877890450224,61.2903815576558,80.93773356087259,11.980616403605584,5.780797164534162,1.6651507312531637,0.5401419246898354,14.412608361235392
E-0027074,3.407431182409935,35.90172951421299,47.699168671912744,115.33476970973568,12.517677908613004,5.87317381496173,1.5661617899015778,-0.4322575586876478,14.613817784071992
E-0027075,3.3971319738614816,53.68847057120382,61.67358838512127,106.63510909239187,11.115318455030094,6.778583132796303,2.0782200667429156,4.217578062339743,16.254521897365777
E-0027076,3.404410882175737,33.58434880830071,48.677440285340204,119.64199051571089,12.76784073460302,6.069925550726955,1.8421909452125234,-0.5433884014296784,14.531587992600928
E-0027077,2.885120972641549,87.2965298487758,34.162849127079724,66.54467238570287,10.793199054455604,6.375052105038108,3.027767030479495,4.136782771480173,11.049138540044694
E-0027078,3.931430500030393,22.62560253015527,41.41938761459858,120.06414496749231,14.264007665681271,4.468097324287197,1.8371746062275232,-0.0653967804218401,12.132434213454907
E-0027079,3.7430848388481444,73.56272715093964,145.04580036170327,195.3842082825768,19.233855565378487,9.589058853973597,1.5422648868466091,0.9894055271160862,15.413613763139136
E-0027080,4.0189608284634355,36.843751429910135,54.29696554857523,104.71284052764204,17.35328685503609,13.190739622977045,0.33385473390893866,0.07636376974156056,6.043377351470248
E-0027081,4.408843792499697,57.52241092832202,138.22942322712703,114.88519886613174,19.62704947303454,7.255736755263501,1.0976214179905062,4.242994285189077,16.159800461697102
E-0027082,3.2635935003868166,86.78808892003906,47.550288306185614,50.557586627820676,11.648277662044539,5.46965756627454,2.2012083474619226,3.4463964809294936,15.930823750316726
E-0027083,3.2635935003868166,86.78808892003906,47.550288306185614,50.557586627820676,11.648277662044539,5.46965756627454,2.2012083474619226,3.4463964809294936,15.930823750316726
E-0027084,3.045999869050971,85.47576292129432,42.9764915198961,71.96563180329582,12.60097649219875,7.629751130960361,3.1850140006236294,4.872632518736885,11.281562648412107
E-0027085,3.045999869050971,85.47576292129432,42.9764915198961,71.96563180329582,12.60097649219875,7.629751130960361,3.1850140006236294,4.872632518736885,11.281562648412107
E-0027086,2.7905299034171835,112.3450598903002,41.1352351750808,70.14059650329435,11.777470479241625,7.609275817553454,3.231923398657146,3.8024083852664323,10.360312219006232
E-0027087,2.7905299034171835,112.3450598903002,41.1352351750808,70.14059650329435,11.777470479241625,7.609275817553454,3.231923398657146,3.8024083852664323,10.360312219006232
E-0027088,2.7148624121527347,86.05369026946923,34.79825114318927,75.96026238259975,10.77794467626028,5.787839168215508,1.688915919746502,4.2117460724735185,12.533397152352366
E-0027089,3.290592040628651,117.68699098366902,46.516366958673196,77.57468765841094,10.089396572043976,5.18306333583912,2.260938064015716,3.3634301093385996,15.276327696954484
E-0027090,3.290592040628651,117.68699098366902,46.516366958673196,77.57468765841094,10.089396572043976,5.18306333583912,2.260938064015716,3.3634301093385996,15.276327696954484
E-0027091,3.130898238332415,60.43099307886748,20.2711742622826,64.52309155686793,14.065683068325859,3.6488813460915477,1.141599256593757,-0.7852958616462152,12.56619894743136
E-0027092,4.1457127118948875,19.08860098705587,49.55483391617581,109.193979887155,14.492044163068124,6.1776458302868384,2.672975108631985,0.17312358870121125,14.078111450152969
E-0027093,3.073597633751789,68.12374449758296,26.915413775211928,92.81872651501577,10.934806456692725,3.758472660022986,1.2624016488082537,4.702601236979747,12.945178237112358
E-0027094,3.7842327261834745,55.221421454168166,37.54260452764535,17.170076709760117,11.723547732154223,4.286307900816203,1.6194720267800653,-1.6264414179450772,12.288829355088513
E-0027095,2.329340288377948,133.10848773221625,72.17160227892337,524.8240510938926,2.7171337953409207,6.426144049007448,6.126117138552052,4.748013281336149,10.349038139367035
E-0027096,2.5370570752853867,126.85330117928778,61.516370509567444,521.3302022816739,3.185743112073523,4.375199610506068,6.039852946549895,4.446480082355885,12.776294131657954
E-0027097,0.7276374225605894,229.20109132034736,3.0162638014844028,68.40976590693562,4.584506976464913,19.97816649134946,17.155322159388668,8.731769924264526,33.21990520558412
E-0027098,2.926388294534031,110.2888211721873,65.52685879786029,65.76003409687584,13.147035470040521,6.470957158467299,2.797046920296768,5.0628870995433015,11.986066742518318
E-0027099,2.900411291546943,99.24612433200076,60.09520631025247,79.62202045994549,12.773948347172565,5.842293774191335,1.6193453987840634,3.6280540954014007,16.670559332675893
E-0027100,2.620032291875221,147.7730398515428,104.03726059166897,995.1694868182366,2.12022163390089,5.085660169490448,5.027321825257127,4.274088939581734,12.09565261677449
E-0027101,2.466736012769272,182.6141658294653,71.38251412425822,584.5089688482708,3.1744333647265432,7.245370698945104,3.175988738573751,3.5296917712458424,13.093736002305237
E-0027102,1.691402654825383,245.11514057904347,35.78810064264204,453.91386576754394,4.962256983003451,11.69005463937329,8.513652680665944,6.461270347054445,30.28582102711403
E-0027103,1.8673905437331986,227.14215753575877,23.464427075778534,500.3464573846085,2.6640326386636577,11.423640042201747,8.643637577483283,12.523632132365918,29.666210692075623
E-0027104,2.364391863555654,169.0104702623224,36.552423623327805,451.31059434316063,1.4697115779620802,8.246577595321869,5.289153317672462,17.098411844484218,17.08783253109934
E-0027105,3.7098307933395387,67.35036686961672,139.65347654743735,136.72154502166686,18.94128758177335,9.614802338470668,1.4152328697837209,0.98337374356059,15.423115393375856
E-0027106,0.7573603469071313,235.8073080426761,4.892008273310908,64.90552965396719,7.1764980526325495,16.536444535256003,18.882916289948284,5.8216104070662045,36.0997676705528
E-0027107,2.1174065162691127,104.70448412898226,32.746519670267766,151.07413832186023,9.17736439935283,7.6498262720406025,3.2106236721063293,4.647571590585016,18.560327066843918
E-0027108,3.929243483045368,20.217852612891637,39.75441073134667,147.798890412569,12.769574607200706,5.145234586974263,1.8301759902747599,3.47747002703218,12.234475944593477
E-0027109,2.846955295666075,184.7442131143801,38.110064712645126,459.70083144050824,3.0461065370477045,5.801973173660767,1.9902389710537973,0.07075117398983519,6.082433068147898
E-0027110,2.7611081045963393,155.9798765565748,25.21178702482856,797.5333547883314,1.8845876496695402,9.179090739578468,1.188334447788767,4.927159887687708,9.574837772708126
E-0027112,2.047398096369232,145.27840605111444,17.70887277009614,855.6178888474649,1.1832375949479594,12.096481733269664,7.625121612971908,9.26174300839141,31.59117104390835
E-0027113,1.4206966458041004,140.0887571347131,16.752015205167833,748.3119898253184,2.2586846911311165,11.872935889152709,3.650410305753519,9.437730690188337,17.110766461191723
E-0027114,3.2814040195028595,49.194395454658796,24.270029645956082,71.16361703328191,14.345141897758943,3.374821392393418,1.3874690049435434,0.8186186941005368,13.093515333203312
E-0027115,3.731958883022622,76.823389526248,28.850956130910372,23.4314801521995,11.053794404441549,3.85076580554761,1.612426787669321,-2.629991081609884,12.222474903977378
E-0027116,3.7555314441025884,71.80278939773595,47.21966847955971,44.098495403124936,11.814006306338104,5.81230243496375,1.5654224230081175,-3.295806915193994,12.335037957424838
E-0027117,2.7920771174197947,94.36605367725498,39.25354573977232,143.63523879524215,10.941829400361538,5.447301259600138,2.3979958071794636,3.621726858584497,20.35403948747771
E-0027118,1.4312593237287345,152.02365374306345,11.652880980583571,36.82094492039938,13.345144682344278,19.36452006725451,12.560051185097711,5.596907861498226,29.75522663101258
E-0027119,1.2734850233883055,152.88703857948104,13.83514304508133,149.90265213681735,3.8101001360871223,15.051281534022433,6.836718458913774,12.16188930583541,22.880135076719313
E-0027120,2.2792643346679244,101.13202457517846,17.37283366612857,441.73244725821877,2.4562406451327576,11.264068789096392,1.7242413243240555,5.647097300476319,12.887221563583768
E-0027121,2.4980131465760524,114.0632093832784,48.58688481663569,779.6915980614104,5.4600196318995575,9.254869881818824,2.0170294988245194,3.4633916368335114,7.21359933959903
E-0027122,2.576886725066401,146.66078642464527,67.72446671248608,1243.6771393813178,5.485918120925382,9.96716424065849,2.5553372422369036,3.9620630800650574,13.494849227009432
E-0027123,2.453801234529944,96.09875880007999,46.579337107564754,1178.6384719113105,4.0130376993633705,6.688709710754287,2.9732417875179866,5.139474165255082,11.767750719329733
E-0027124,1.4206966458041004,140.0887571347131,16.752015205167833,748.3119898253184,2.2586846911311165,11.872935889152709,3.650410305753519,9.437730690188337,17.110766461191723
E-0027125,2.7478679966552644,112.74669344361556,39.56364140109302,588.1642361129163,4.418275228123069,9.033163237770108,1.2250917001192225,1.3484709395017285,11.189372947848248
E-0027126,3.161664131234744,65.82585060233075,56.15974819284118,55.010568245143965,12.292480294360242,4.520343694873297,1.1546537245509088,2.459918892566874,9.609955962370723
E-0027127,3.4449951956349105,125.35916062845295,73.29141029608978,34.884368938503044,15.232344812020148,9.002274056378013,2.1006275154859257,-2.227917048501534,14.843432199505886
E-0027128,3.4449951956349105,125.35916062845295,73.29141029608978,34.884368938503044,15.232344812020148,9.002274056378013,2.1006275154859257,-2.227917048501534,14.843432199505886
E-0027129,3.053655161122064,88.36430218678338,50.30732468634267,26.556177543866557,17.849056544858698,9.748339151478564,2.1212031212400775,-0.9157150882759413,12.38836738715691
E-0027130,2.0942667912826156,85.65228740159306,9.627151563601847,222.34670589992422,1.4560934365416058,11.586500711830038,4.337205492090912,19.293729982702803,13.762993759302882
E-0027131,2.946613793681914,133.58200942857493,15.734405463121218,487.01645658860224,1.4007555572930381,10.023524060737994,1.3686975292041679,12.566412304668832,10.999799585635452
E-0027132,1.678698227509314,117.95831101893671,40.96600437747377,792.9759925437212,3.5966847569394402,7.39347902071076,1.7436613319330552,6.14790886182436,8.581984795771707
E-0027133,1.354530268953433,163.84937697576456,46.62795300537838,533.4635954689671,6.8857688523868665,7.053031325154453,2.2681367585377403,1.1477718354594302,21.70674333465103
E-0027134,1.6165035319942,111.19895355333603,43.594888611224555,686.8123003599387,7.369426308065704,6.967764059076044,2.3304048407362856,0.7847891699082558,17.90077682148707
E-0027135,1.1609978911443708,169.22938925533265,59.3976627552285,233.73811595644725,5.576662437009352,5.53221558339084,2.4823431767917974,4.543263264367075,27.107747880163796
E-0027136,1.4019664168966108,117.15723154255612,55.36155454300614,402.4447600997111,6.23529181672474,4.797489292632868,2.531399943047563,4.028165010014046,25.91493509278131
E-0027137,1.3815315862984336,108.39074648747774,24.083571692181547,512.7656675398878,2.1518390602098307,12.732258394822612,3.4541746915483134,8.186619117274883,18.02610725322136
E-0027138,2.4135490038625806,93.18651299108699,72.10167895233133,1318.896832672884,4.027501924278261,7.547146402311014,1.411728096655993,1.8804367640302684,7.39504393010632
E-0027139,2.7828829889668203,38.15898169735371,32.85978137509193,375.82305570612397,1.4859241675025017,9.362753133765057,1.8069261825956595,5.342746215139671,9.254534469724192
E-0027140,1.1551216125044361,211.96570044389483,24.551562460037214,407.8284040166033,2.3728026081963454,13.8723304719596,15.2317985701316,9.769769056166387,37.4144695711576
E-0027141,2.1406696088705486,80.81572970311383,66.436239659248,560.6980324166251,5.369183421777437,4.920798024850127,6.485787359885252,5.801899038184634,12.336852297754612
E-0027143,3.4855701210070897,102.80499541172586,71.7164998190886,35.12791695987122,13.551317433323101,8.826268403284267,1.9427400597978461,-1.9808226793460297,14.880064092321213
E-0027144,3.4855701210070897,102.80499541172586,71.7164998190886,35.12791695987122,13.551317433323101,8.826268403284267,1.9427400597978461,-1.9808226793460297,14.880064092321213
E-0027145,3.0410124142792365,109.58283817010934,52.793671232893104,32.555655000509944,17.4332224290445,9.891357808360144,2.0763426622091705,-0.8328897093086264,12.38477598968594
E-0027146,1.6579173249986416,177.47009776105344,40.347677341677915,287.8806072119342,6.797427719558205,9.069311955948741,11.203681250285179,4.565789122170456,18.05754651476834
E-0027147,1.3604669161185947,181.62351780761125,30.269923791687226,330.4447760611203,6.3163191445898885,8.32583470407488,7.353677538060283,4.564108609154623,17.53709960470682
E-0027148,2.254868434501745,140.5247707798072,33.760359782772355,138.68349831364506,10.044316652195477,5.860587052256985,2.395565069296054,4.020578587431204,21.036592683382715
E-0027152,1.7725347146115145,189.11671699866736,34.423369625409464,375.7319839140092,2.908446917221338,8.238309429117093,5.065222492275149,9.036704853898662,17.22319682514073
E-0027153,1.6776468761153307,224.527699969,37.95336107227754,755.955451567436,3.510934870927868,8.589534162365904,5.790086789288047,5.674145958896469,16.861831185945572
E-0027157,1.6617177876471456,205.63724482096592,42.41138163722983,540.8387360907133,9.142129166218584,9.045547817972174,1.6829971222576878,2.6512938809220064,21.314722413621652
E-0027159,1.5159057322104923,276.4034719656617,19.782150282897632,438.03267138638296,7.380000272020575,9.876609111137913,7.942436903248351,1.4949215484929224,28.98604842562717
E-0027160,1.0526557944768824,200.4959076313345,15.086950003065592,140.67612950480543,9.878698566492092,11.331899130102997,6.712898248241297,-0.7694495338128959,12.796418738125874
E-0027161,1.0548162803541328,237.98036978748598,28.598037768081234,200.58613885567937,11.182324196223952,10.027622337894964,7.4080292069350735,0.4606952071551059,16.371019790310815
E-0027168,1.3540087218746457,234.96616773578552,25.95159668110496,170.79583283886012,15.39164828027507,13.166711553664092,13.455938010183525,0.3743501083375854,34.40398509804521
E-0027170,1.394608351969104,227.6571770976783,24.44387562979183,226.39241508329724,13.835964948191442,12.003602953538529,14.324910029480582,1.0715747033287666,43.03300664605293
E-0027171,0.9626143786118173,182.33854630082274,33.86802146224696,189.80298438982297,17.029313943323416,11.717217472450622,12.32609167492999,1.5621362644055374,35.16421423176055
E-0027172,2.294620249129608,114.82640705255508,56.331757691326416,487.36175773844934,5.399767269703177,6.768066717207892,5.718989949190312,5.635155114188621,12.466503658791515
E-0027173,1.419014057251599,270.6964129299657,20.89797360231601,367.7686532807202,4.451822338018169,8.968423021326121,5.758051553135968,4.707788878275757,17.343378325787985
E-0027175,0.9040632577034446,263.47264092940515,8.859267638416956,25.598550503807637,17.71443860853849,9.620608444846244,7.553125491935239,0.9196091995713289,15.405742444142629
E-0027182,3.161664131234744,65.82585060233075,56.15974819284118,55.010568245143965,12.292480294360242,4.520343694873297,1.1546537245509088,2.459918892566874,9.609955962370723
E-0027183,1.276655226735662,158.2288149255008,38.399880643177504,309.8125785044856,6.985290153170315,6.216474453330726,12.413451348706786,4.78303303606683,37.85766914825115
E-0027184,0.7113999231872128,223.55062110788032,7.239381861026943,62.787536164752254,9.054876835241929,11.518255426643055,14.847009993437737,2.9444286080516533,45.761045828629776
E-0027185,0.825660077043903,211.84964013206326,18.876967951128922,173.2200854798536,9.764767800525862,13.78960444290592,7.1341565632569415,0.5949053026190965,19.378300162666747
E-0027186,1.077268379900593,210.793914269339,14.373198022201953,154.7841943002862,10.017194415426134,11.620136018184484,5.672240201427236,0.21444794153756253,11.483681207090552
E-0027187,0.9242312524503595,223.65619621182492,17.080666197412746,163.86169562341314,9.677861370455323,13.890249441053081,6.6052010474439395,1.2721723295055904,19.194392689220386
E-0027188,1.3751534919659116,229.60848781475846,23.034713077135244,114.94884883061162,10.489752330603082,8.53454278013144,6.010729986554069,-1.4396379215929547,14.98760701227471
E-0027189,1.3751534919659116,229.60848781475846,23.034713077135244,114.94884883061162,10.489752330603082,8.53454278013144,6.010729986554069,-1.4396379215929547,14.98760701227471
E-0027190,1.118960221876804,170.30246781139212,38.31929667274534,371.2978174984538,7.6755397264557725,11.192904648878649,13.538997960713168,3.8653959084139182,50.75852943136417
E-0027191,1.793496016289259,210.85370364596668,31.158869137813934,541.5330953131755,6.738685608164494,9.270417060672937,1.745686967841046,1.1698113039747977,17.59197764000455
E-0027192,1.4866381319242963,240.61174401157479,9.128570616490686,138.68303957690975,14.147632003407635,8.083771575036591,1.6501629669906805,2.6650071604958607,17.331767597944506
E-0027193,1.8416558333944462,146.84243042598825,44.33642253916996,584.5879806275406,10.233004206776627,8.85056638226098,1.750448224649625,2.5342153696265215,14.188014755355674
E-0027194,2.0186399212171904,155.8585691010294,49.711970329775184,739.0531266516625,5.337535721635192,8.933473738169495,1.3932298316393583,0.7140029978014706,10.01565678509322
E-0027195,1.999822627210055,201.76633730786807,42.167301561118286,467.0216523711736,11.625930892013036,8.232636831919882,1.5169436745080547,0.0523879127876119,7.716492550952321
E-0027196,1.7010229251083586,211.91276833617354,67.98228090606038,322.2053258338231,7.987827520537436,15.18292022860648,2.159748890937404,2.3824642101729663,16.243073647201484
E-0027197,1.8436718773504477,193.9699365987389,41.50853637203024,501.54959332962136,6.29297727909171,10.569690013165285,1.6999476614309768,0.9255211943601582,16.03444599256668
E-0027198,1.7848665177265461,206.62774723140308,64.74532033643516,323.3831071836919,7.634677909343147,15.031788134139344,1.8489605646474945,1.9760059526262461,15.720189035120313
E-0027199,1.713243364795589,216.16443696180528,27.893601028572036,168.67077342890764,7.7418544121809845,10.287929784018836,1.8382012638340217,-1.390373308456696,17.724679933369778
E-0027200,1.713243364795589,216.16443696180528,27.893601028572036,168.67077342890764,7.7418544121809845,10.287929784018836,1.8382012638340217,-1.390373308456696,17.724679933369778
E-0027201,1.8598831866223,202.55948816830931,47.57084595867014,462.45765057837235,6.033134868744419,8.221801460873468,1.5840341127195672,0.09445502824375474,17.18731050821952
E-0027202,1.5957060627997643,177.7324520379184,40.89339390923063,929.2702086949575,5.612912946801785,9.072666228990668,2.3921119560638626,3.53279325067358,18.2008795035366
E-0027203,2.092798532625574,119.5983531552376,80.19691131720913,439.265399556832,8.431585834966793,7.28145937152535,2.4093023625805694,1.6840731246228038,18.100048285999165
E-0027210,1.6783335128383907,209.55977277682976,46.98575682728279,484.8724772065206,4.893262815523313,7.811155508069689,8.766244558640354,4.546543513494299,15.688708878479156
E-0027213,1.7893211305903356,156.7671610045221,44.57585253786018,609.9290073969438,5.8064498996267995,9.328173600230606,2.8653754358247996,2.628952894898385,21.769712120004193
E-0027214,1.7889153807991465,173.83481971298724,45.102205296539594,655.8241085927233,7.888556386062163,9.167483176058475,2.627818113928689,5.56462703092452,18.882311042385957
E-0027215,2.065443935011498,161.75090413783522,34.30549212585227,587.9348469239774,10.445803431458948,10.957995783847638,3.163416698150185,2.2132852474823883,17.487948068464117
E-0027218,1.5869369320436206,204.31001296414698,36.01418362118219,454.7168278674421,6.243297635885433,11.00460646830557,2.1424081424155066,2.2000989210642405,20.30348758595476
E-0027231,1.7083940106118771,150.14238217851587,38.831607738044006,218.36252747778528,5.505350147809429,6.551672227637622,7.276447950545842,5.447867542398475,15.273954376546666
E-0027235,1.5719574729596184,137.95656234945437,50.588836672612985,228.71376339197045,7.091512471797916,10.7896791284721,14.734292682106112,3.421998442439346,30.68619412689871
E-0027239,1.355870900306199,191.3107915233736,33.465890798952884,182.8291389806804,11.497821978436386,9.301033680551798,6.991281281556395,1.445324544515687,17.233936889943784
